/*
 Navicat Premium Data Transfer

 Source Server         : localhost_3306
 Source Server Type    : MySQL
 Source Server Version : 50641
 Source Host           : localhost:3306
 Source Schema         : ry_vue_process

 Target Server Type    : MySQL
 Target Server Version : 50641
 File Encoding         : 65001

 Date: 18/05/2020 13:22:21
*/

SET NAMES utf8mb4;
SET FOREIGN_KEY_CHECKS = 0;

-- ----------------------------
-- Table structure for act_evt_log
-- ----------------------------
DROP TABLE IF EXISTS `act_evt_log`;
CREATE TABLE `act_evt_log`  (
  `LOG_NR_` bigint(20) NOT NULL AUTO_INCREMENT,
  `TYPE_` varchar(64) CHARACTER SET utf8 COLLATE utf8_bin NULL DEFAULT NULL,
  `PROC_DEF_ID_` varchar(64) CHARACTER SET utf8 COLLATE utf8_bin NULL DEFAULT NULL,
  `PROC_INST_ID_` varchar(64) CHARACTER SET utf8 COLLATE utf8_bin NULL DEFAULT NULL,
  `EXECUTION_ID_` varchar(64) CHARACTER SET utf8 COLLATE utf8_bin NULL DEFAULT NULL,
  `TASK_ID_` varchar(64) CHARACTER SET utf8 COLLATE utf8_bin NULL DEFAULT NULL,
  `TIME_STAMP_` timestamp(3) NOT NULL DEFAULT CURRENT_TIMESTAMP(3) ON UPDATE CURRENT_TIMESTAMP(3),
  `USER_ID_` varchar(255) CHARACTER SET utf8 COLLATE utf8_bin NULL DEFAULT NULL,
  `DATA_` longblob NULL,
  `LOCK_OWNER_` varchar(255) CHARACTER SET utf8 COLLATE utf8_bin NULL DEFAULT NULL,
  `LOCK_TIME_` timestamp(3) NULL DEFAULT NULL,
  `IS_PROCESSED_` tinyint(4) NULL DEFAULT 0,
  PRIMARY KEY (`LOG_NR_`) USING BTREE
) ENGINE = InnoDB AUTO_INCREMENT = 1 CHARACTER SET = utf8 COLLATE = utf8_bin ROW_FORMAT = Compact;

-- ----------------------------
-- Table structure for act_ge_bytearray
-- ----------------------------
DROP TABLE IF EXISTS `act_ge_bytearray`;
CREATE TABLE `act_ge_bytearray`  (
  `ID_` varchar(64) CHARACTER SET utf8 COLLATE utf8_bin NOT NULL DEFAULT '',
  `REV_` int(11) NULL DEFAULT NULL,
  `NAME_` varchar(255) CHARACTER SET utf8 COLLATE utf8_bin NULL DEFAULT NULL,
  `DEPLOYMENT_ID_` varchar(64) CHARACTER SET utf8 COLLATE utf8_bin NULL DEFAULT NULL,
  `BYTES_` longblob NULL,
  `GENERATED_` tinyint(4) NULL DEFAULT NULL,
  PRIMARY KEY (`ID_`) USING BTREE,
  INDEX `ACT_FK_BYTEARR_DEPL`(`DEPLOYMENT_ID_`) USING BTREE,
  CONSTRAINT `ACT_FK_BYTEARR_DEPL` FOREIGN KEY (`DEPLOYMENT_ID_`) REFERENCES `act_re_deployment` (`ID_`) ON DELETE RESTRICT ON UPDATE RESTRICT
) ENGINE = InnoDB CHARACTER SET = utf8 COLLATE = utf8_bin ROW_FORMAT = Compact;

-- ----------------------------
-- Records of act_ge_bytearray
-- ----------------------------
INSERT INTO `act_ge_bytearray` VALUES ('60002', 1, 'D:/ruoyi/uploadPath/processDefiniton/2020/03/08/abb00237b7b9bc4686f83a8084b30d48.bpmn', '60001', 0x3C3F786D6C2076657273696F6E3D22312E302220656E636F64696E673D225554462D38223F3E0A3C646566696E6974696F6E7320786D6C6E733D22687474703A2F2F7777772E6F6D672E6F72672F737065632F42504D4E2F32303130303532342F4D4F44454C2220786D6C6E733A7873693D22687474703A2F2F7777772E77332E6F72672F323030312F584D4C536368656D612D696E7374616E63652220786D6C6E733A7873643D22687474703A2F2F7777772E77332E6F72672F323030312F584D4C536368656D612220786D6C6E733A61637469766974693D22687474703A2F2F61637469766974692E6F72672F62706D6E2220786D6C6E733A62706D6E64693D22687474703A2F2F7777772E6F6D672E6F72672F737065632F42504D4E2F32303130303532342F44492220786D6C6E733A6F6D6764633D22687474703A2F2F7777772E6F6D672E6F72672F737065632F44442F32303130303532342F44432220786D6C6E733A6F6D6764693D22687474703A2F2F7777772E6F6D672E6F72672F737065632F44442F32303130303532342F44492220747970654C616E67756167653D22687474703A2F2F7777772E77332E6F72672F323030312F584D4C536368656D61222065787072657373696F6E4C616E67756167653D22687474703A2F2F7777772E77332E6F72672F313939392F585061746822207461726765744E616D6573706163653D22687474703A2F2F7777772E6B6166656974752E6D652F61637469766974692F6C65617665223E0A20203C70726F636573732069643D226C6561766522206E616D653D22E8AFB7E58187E6B581E7A88B2DE699AEE9809AE8A1A8E58D952220697345786563757461626C653D2274727565223E0A202020203C646F63756D656E746174696F6E3EE8AFB7E58187E6B581E7A88BE6BC94E7A4BA3C2F646F63756D656E746174696F6E3E0A202020203C73746172744576656E742069643D2273746172746576656E743122206E616D653D225374617274222061637469766974693A696E69746961746F723D226170706C79557365724964223E3C2F73746172744576656E743E0A202020203C757365725461736B2069643D22646570744C656164657256657269667922206E616D653D22E983A8E997A8E9A286E5AFBCE5AEA1E689B9222061637469766974693A63616E64696461746547726F7570733D22646570744C6561646572223E3C2F757365725461736B3E0A202020203C6578636C7573697665476174657761792069643D226578636C7573697665676174657761793522206E616D653D224578636C75736976652047617465776179223E3C2F6578636C7573697665476174657761793E0A202020203C757365725461736B2069643D226D6F646966794170706C7922206E616D653D22E8B083E695B4E794B3E8AFB7222061637469766974693A61737369676E65653D22247B6170706C795573657249647D223E3C2F757365725461736B3E0A202020203C757365725461736B2069643D22687256657269667922206E616D653D22E4BABAE4BA8BE5AEA1E689B9222061637469766974693A63616E64696461746547726F7570733D226872223E3C2F757365725461736B3E0A202020203C6578636C7573697665476174657761792069643D226578636C7573697665676174657761793622206E616D653D224578636C75736976652047617465776179223E3C2F6578636C7573697665476174657761793E0A202020203C757365725461736B2069643D227265706F72744261636B22206E616D653D22E99480E58187222061637469766974693A61737369676E65653D22247B6170706C795573657249647D223E0A2020202020203C657874656E73696F6E456C656D656E74733E0A20202020202020203C61637469766974693A7461736B4C697374656E6572206576656E743D22636F6D706C657465222064656C656761746545787072657373696F6E3D22247B7265706F72744261636B456E6450726F636573736F727D223E3C2F61637469766974693A7461736B4C697374656E65723E0A2020202020203C2F657874656E73696F6E456C656D656E74733E0A202020203C2F757365725461736B3E0A202020203C656E644576656E742069643D22656E646576656E743122206E616D653D22456E64223E3C2F656E644576656E743E0A202020203C6578636C7573697665476174657761792069643D226578636C7573697665676174657761793722206E616D653D224578636C75736976652047617465776179223E3C2F6578636C7573697665476174657761793E0A202020203C73657175656E6365466C6F772069643D22666C6F77322220736F757263655265663D2273746172746576656E743122207461726765745265663D22646570744C6561646572566572696679223E3C2F73657175656E6365466C6F773E0A202020203C73657175656E6365466C6F772069643D22666C6F77332220736F757263655265663D22646570744C656164657256657269667922207461726765745265663D226578636C75736976656761746577617935223E3C2F73657175656E6365466C6F773E0A202020203C73657175656E6365466C6F772069643D22666C6F773422206E616D653D22E4B88DE5908CE6848F2220736F757263655265663D226578636C7573697665676174657761793522207461726765745265663D226D6F646966794170706C79223E0A2020202020203C636F6E646974696F6E45787072657373696F6E207873693A747970653D2274466F726D616C45787072657373696F6E223E3C215B43444154415B247B21646570744C6561646572417070726F7665647D5D5D3E3C2F636F6E646974696F6E45787072657373696F6E3E0A202020203C2F73657175656E6365466C6F773E0A202020203C73657175656E6365466C6F772069643D22666C6F773522206E616D653D22E5908CE6848F2220736F757263655265663D226578636C7573697665676174657761793522207461726765745265663D226872566572696679223E0A2020202020203C636F6E646974696F6E45787072657373696F6E207873693A747970653D2274466F726D616C45787072657373696F6E223E3C215B43444154415B247B646570744C6561646572417070726F7665647D5D5D3E3C2F636F6E646974696F6E45787072657373696F6E3E0A202020203C2F73657175656E6365466C6F773E0A202020203C73657175656E6365466C6F772069643D22666C6F77362220736F757263655265663D22687256657269667922207461726765745265663D226578636C75736976656761746577617936223E3C2F73657175656E6365466C6F773E0A202020203C73657175656E6365466C6F772069643D22666C6F773722206E616D653D22E5908CE6848F2220736F757263655265663D226578636C7573697665676174657761793622207461726765745265663D227265706F72744261636B223E0A2020202020203C636F6E646974696F6E45787072657373696F6E207873693A747970653D2274466F726D616C45787072657373696F6E223E3C215B43444154415B247B6872417070726F7665647D5D5D3E3C2F636F6E646974696F6E45787072657373696F6E3E0A202020203C2F73657175656E6365466C6F773E0A202020203C73657175656E6365466C6F772069643D22666C6F77382220736F757263655265663D227265706F72744261636B22207461726765745265663D22656E646576656E7431223E3C2F73657175656E6365466C6F773E0A202020203C73657175656E6365466C6F772069643D22666C6F773922206E616D653D22E4B88DE5908CE6848F2220736F757263655265663D226578636C7573697665676174657761793622207461726765745265663D226D6F646966794170706C79223E0A2020202020203C636F6E646974696F6E45787072657373696F6E207873693A747970653D2274466F726D616C45787072657373696F6E223E3C215B43444154415B247B216872417070726F7665647D5D5D3E3C2F636F6E646974696F6E45787072657373696F6E3E0A202020203C2F73657175656E6365466C6F773E0A202020203C73657175656E6365466C6F772069643D22666C6F77313022206E616D653D22E9878DE696B0E794B3E8AFB72220736F757263655265663D226578636C7573697665676174657761793722207461726765745265663D22646570744C6561646572566572696679223E0A2020202020203C636F6E646974696F6E45787072657373696F6E207873693A747970653D2274466F726D616C45787072657373696F6E223E3C215B43444154415B247B72654170706C797D5D5D3E3C2F636F6E646974696F6E45787072657373696F6E3E0A202020203C2F73657175656E6365466C6F773E0A202020203C73657175656E6365466C6F772069643D22666C6F7731312220736F757263655265663D226D6F646966794170706C7922207461726765745265663D226578636C75736976656761746577617937223E3C2F73657175656E6365466C6F773E0A202020203C73657175656E6365466C6F772069643D22666C6F77313222206E616D653D22E7BB93E69D9FE6B581E7A88B2220736F757263655265663D226578636C7573697665676174657761793722207461726765745265663D22656E646576656E7431223E0A2020202020203C636F6E646974696F6E45787072657373696F6E207873693A747970653D2274466F726D616C45787072657373696F6E223E3C215B43444154415B247B2172654170706C797D5D5D3E3C2F636F6E646974696F6E45787072657373696F6E3E0A202020203C2F73657175656E6365466C6F773E0A20203C2F70726F636573733E0A20203C62706D6E64693A42504D4E4469616772616D2069643D2242504D4E4469616772616D5F6C65617665223E0A202020203C62706D6E64693A42504D4E506C616E652062706D6E456C656D656E743D226C65617665222069643D2242504D4E506C616E655F6C65617665223E0A2020202020203C62706D6E64693A42504D4E53686170652062706D6E456C656D656E743D2273746172746576656E7431222069643D2242504D4E53686170655F73746172746576656E7431223E0A20202020202020203C6F6D6764633A426F756E6473206865696768743D2233352E30222077696474683D2233352E302220783D22302E302220793D2234362E30223E3C2F6F6D6764633A426F756E64733E0A2020202020203C2F62706D6E64693A42504D4E53686170653E0A2020202020203C62706D6E64693A42504D4E53686170652062706D6E456C656D656E743D22646570744C6561646572566572696679222069643D2242504D4E53686170655F646570744C6561646572566572696679223E0A20202020202020203C6F6D6764633A426F756E6473206865696768743D2235352E30222077696474683D223130352E302220783D2238302E302220793D2233362E30223E3C2F6F6D6764633A426F756E64733E0A2020202020203C2F62706D6E64693A42504D4E53686170653E0A2020202020203C62706D6E64693A42504D4E53686170652062706D6E456C656D656E743D226578636C75736976656761746577617935222069643D2242504D4E53686170655F6578636C75736976656761746577617935223E0A20202020202020203C6F6D6764633A426F756E6473206865696768743D2234302E30222077696474683D2234302E302220783D223234302E302220793D2234332E30223E3C2F6F6D6764633A426F756E64733E0A2020202020203C2F62706D6E64693A42504D4E53686170653E0A2020202020203C62706D6E64693A42504D4E53686170652062706D6E456C656D656E743D226D6F646966794170706C79222069643D2242504D4E53686170655F6D6F646966794170706C79223E0A20202020202020203C6F6D6764633A426F756E6473206865696768743D2235352E30222077696474683D223130352E302220783D223230382E302220793D223131342E30223E3C2F6F6D6764633A426F756E64733E0A2020202020203C2F62706D6E64693A42504D4E53686170653E0A2020202020203C62706D6E64693A42504D4E53686170652062706D6E456C656D656E743D226872566572696679222069643D2242504D4E53686170655F6872566572696679223E0A20202020202020203C6F6D6764633A426F756E6473206865696768743D2235352E30222077696474683D223130352E302220783D223334382E302220793D2233362E30223E3C2F6F6D6764633A426F756E64733E0A2020202020203C2F62706D6E64693A42504D4E53686170653E0A2020202020203C62706D6E64693A42504D4E53686170652062706D6E456C656D656E743D226578636C75736976656761746577617936222069643D2242504D4E53686170655F6578636C75736976656761746577617936223E0A20202020202020203C6F6D6764633A426F756E6473206865696768743D2234302E30222077696474683D2234302E302220783D223438352E302220793D2234332E30223E3C2F6F6D6764633A426F756E64733E0A2020202020203C2F62706D6E64693A42504D4E53686170653E0A2020202020203C62706D6E64693A42504D4E53686170652062706D6E456C656D656E743D227265706F72744261636B222069643D2242504D4E53686170655F7265706F72744261636B223E0A20202020202020203C6F6D6764633A426F756E6473206865696768743D2235352E30222077696474683D223130352E302220783D223538302E302220793D2233362E30223E3C2F6F6D6764633A426F756E64733E0A2020202020203C2F62706D6E64693A42504D4E53686170653E0A2020202020203C62706D6E64693A42504D4E53686170652062706D6E456C656D656E743D22656E646576656E7431222069643D2242504D4E53686170655F656E646576656E7431223E0A20202020202020203C6F6D6764633A426F756E6473206865696768743D2233352E30222077696474683D2233352E302220783D223631352E302220793D223139352E30223E3C2F6F6D6764633A426F756E64733E0A2020202020203C2F62706D6E64693A42504D4E53686170653E0A2020202020203C62706D6E64693A42504D4E53686170652062706D6E456C656D656E743D226578636C75736976656761746577617937222069643D2242504D4E53686170655F6578636C75736976656761746577617937223E0A20202020202020203C6F6D6764633A426F756E6473206865696768743D2234302E30222077696474683D2234302E302220783D223234302E302220793D223139322E30223E3C2F6F6D6764633A426F756E64733E0A2020202020203C2F62706D6E64693A42504D4E53686170653E0A2020202020203C62706D6E64693A42504D4E456467652062706D6E456C656D656E743D22666C6F7732222069643D2242504D4E456467655F666C6F7732223E0A20202020202020203C6F6D6764693A776179706F696E7420783D2233352E302220793D2236332E30223E3C2F6F6D6764693A776179706F696E743E0A20202020202020203C6F6D6764693A776179706F696E7420783D2238302E302220793D2236332E30223E3C2F6F6D6764693A776179706F696E743E0A2020202020203C2F62706D6E64693A42504D4E456467653E0A2020202020203C62706D6E64693A42504D4E456467652062706D6E456C656D656E743D22666C6F7733222069643D2242504D4E456467655F666C6F7733223E0A20202020202020203C6F6D6764693A776179706F696E7420783D223138352E302220793D2236332E30223E3C2F6F6D6764693A776179706F696E743E0A20202020202020203C6F6D6764693A776179706F696E7420783D223234302E302220793D2236332E30223E3C2F6F6D6764693A776179706F696E743E0A2020202020203C2F62706D6E64693A42504D4E456467653E0A2020202020203C62706D6E64693A42504D4E456467652062706D6E456C656D656E743D22666C6F7734222069643D2242504D4E456467655F666C6F7734223E0A20202020202020203C6F6D6764693A776179706F696E7420783D223236302E302220793D2238332E30223E3C2F6F6D6764693A776179706F696E743E0A20202020202020203C6F6D6764693A776179706F696E7420783D223236302E302220793D223131342E30223E3C2F6F6D6764693A776179706F696E743E0A20202020202020203C62706D6E64693A42504D4E4C6162656C3E0A202020202020202020203C6F6D6764633A426F756E6473206865696768743D2231312E30222077696474683D2233332E302220783D223237302E302220793D2238332E30223E3C2F6F6D6764633A426F756E64733E0A20202020202020203C2F62706D6E64693A42504D4E4C6162656C3E0A2020202020203C2F62706D6E64693A42504D4E456467653E0A2020202020203C62706D6E64693A42504D4E456467652062706D6E456C656D656E743D22666C6F7735222069643D2242504D4E456467655F666C6F7735223E0A20202020202020203C6F6D6764693A776179706F696E7420783D223238302E302220793D2236332E30223E3C2F6F6D6764693A776179706F696E743E0A20202020202020203C6F6D6764693A776179706F696E7420783D223334382E302220793D2236332E30223E3C2F6F6D6764693A776179706F696E743E0A20202020202020203C62706D6E64693A42504D4E4C6162656C3E0A202020202020202020203C6F6D6764633A426F756E6473206865696768743D2231312E30222077696474683D2232322E302220783D223330302E302220793D2234362E30223E3C2F6F6D6764633A426F756E64733E0A20202020202020203C2F62706D6E64693A42504D4E4C6162656C3E0A2020202020203C2F62706D6E64693A42504D4E456467653E0A2020202020203C62706D6E64693A42504D4E456467652062706D6E456C656D656E743D22666C6F7736222069643D2242504D4E456467655F666C6F7736223E0A20202020202020203C6F6D6764693A776179706F696E7420783D223435332E302220793D2236332E30223E3C2F6F6D6764693A776179706F696E743E0A20202020202020203C6F6D6764693A776179706F696E7420783D223438352E302220793D2236332E30223E3C2F6F6D6764693A776179706F696E743E0A2020202020203C2F62706D6E64693A42504D4E456467653E0A2020202020203C62706D6E64693A42504D4E456467652062706D6E456C656D656E743D22666C6F7737222069643D2242504D4E456467655F666C6F7737223E0A20202020202020203C6F6D6764693A776179706F696E7420783D223532352E302220793D2236332E30223E3C2F6F6D6764693A776179706F696E743E0A20202020202020203C6F6D6764693A776179706F696E7420783D223538302E302220793D2236332E30223E3C2F6F6D6764693A776179706F696E743E0A20202020202020203C62706D6E64693A42504D4E4C6162656C3E0A202020202020202020203C6F6D6764633A426F756E6473206865696768743D2231312E30222077696474683D2232322E302220783D223533392E302220793D2234362E30223E3C2F6F6D6764633A426F756E64733E0A20202020202020203C2F62706D6E64693A42504D4E4C6162656C3E0A2020202020203C2F62706D6E64693A42504D4E456467653E0A2020202020203C62706D6E64693A42504D4E456467652062706D6E456C656D656E743D22666C6F7738222069643D2242504D4E456467655F666C6F7738223E0A20202020202020203C6F6D6764693A776179706F696E7420783D223633322E302220793D2239312E30223E3C2F6F6D6764693A776179706F696E743E0A20202020202020203C6F6D6764693A776179706F696E7420783D223633322E302220793D223139352E30223E3C2F6F6D6764693A776179706F696E743E0A2020202020203C2F62706D6E64693A42504D4E456467653E0A2020202020203C62706D6E64693A42504D4E456467652062706D6E456C656D656E743D22666C6F7739222069643D2242504D4E456467655F666C6F7739223E0A20202020202020203C6F6D6764693A776179706F696E7420783D223530352E302220793D2238332E30223E3C2F6F6D6764693A776179706F696E743E0A20202020202020203C6F6D6764693A776179706F696E7420783D223530342E302220793D223134312E30223E3C2F6F6D6764693A776179706F696E743E0A20202020202020203C6F6D6764693A776179706F696E7420783D223331332E302220793D223134312E30223E3C2F6F6D6764693A776179706F696E743E0A20202020202020203C62706D6E64693A42504D4E4C6162656C3E0A202020202020202020203C6F6D6764633A426F756E6473206865696768743D2231312E30222077696474683D2233332E302220783D223531352E302220793D2238332E30223E3C2F6F6D6764633A426F756E64733E0A20202020202020203C2F62706D6E64693A42504D4E4C6162656C3E0A2020202020203C2F62706D6E64693A42504D4E456467653E0A2020202020203C62706D6E64693A42504D4E456467652062706D6E456C656D656E743D22666C6F773130222069643D2242504D4E456467655F666C6F773130223E0A20202020202020203C6F6D6764693A776179706F696E7420783D223234302E302220793D223231322E30223E3C2F6F6D6764693A776179706F696E743E0A20202020202020203C6F6D6764693A776179706F696E7420783D223133322E302220793D223231322E30223E3C2F6F6D6764693A776179706F696E743E0A20202020202020203C6F6D6764693A776179706F696E7420783D223133322E302220793D2239312E30223E3C2F6F6D6764693A776179706F696E743E0A20202020202020203C62706D6E64693A42504D4E4C6162656C3E0A202020202020202020203C6F6D6764633A426F756E6473206865696768743D2231312E30222077696474683D2234342E302220783D223134322E302220793D223139322E30223E3C2F6F6D6764633A426F756E64733E0A20202020202020203C2F62706D6E64693A42504D4E4C6162656C3E0A2020202020203C2F62706D6E64693A42504D4E456467653E0A2020202020203C62706D6E64693A42504D4E456467652062706D6E456C656D656E743D22666C6F773131222069643D2242504D4E456467655F666C6F773131223E0A20202020202020203C6F6D6764693A776179706F696E7420783D223236302E302220793D223136392E30223E3C2F6F6D6764693A776179706F696E743E0A20202020202020203C6F6D6764693A776179706F696E7420783D223236302E302220793D223139322E30223E3C2F6F6D6764693A776179706F696E743E0A2020202020203C2F62706D6E64693A42504D4E456467653E0A2020202020203C62706D6E64693A42504D4E456467652062706D6E456C656D656E743D22666C6F773132222069643D2242504D4E456467655F666C6F773132223E0A20202020202020203C6F6D6764693A776179706F696E7420783D223238302E302220793D223231322E30223E3C2F6F6D6764693A776179706F696E743E0A20202020202020203C6F6D6764693A776179706F696E7420783D223631352E302220793D223231322E30223E3C2F6F6D6764693A776179706F696E743E0A20202020202020203C62706D6E64693A42504D4E4C6162656C3E0A202020202020202020203C6F6D6764633A426F756E6473206865696768743D2231312E30222077696474683D2234342E302220783D223432392E302220793D223231392E30223E3C2F6F6D6764633A426F756E64733E0A20202020202020203C2F62706D6E64693A42504D4E4C6162656C3E0A2020202020203C2F62706D6E64693A42504D4E456467653E0A202020203C2F62706D6E64693A42504D4E506C616E653E0A20203C2F62706D6E64693A42504D4E4469616772616D3E0A3C2F646566696E6974696F6E733E, 0);
INSERT INTO `act_ge_bytearray` VALUES ('60003', 1, 'D:/ruoyi/uploadPath/processDefiniton/2020/03/08/abb00237b7b9bc4686f83a8084b30d48.leave.png', '60001', 0x89504E470D0A1A0A0000000D49484452000002B7000000F208060000005797ED8100001A0A4944415478DAEDDD5F6C1CF5810770ABEA038FE85ED03DA1BEA0D33D54EA035275770FA9EEE5D497AB92B2935DC7C21509A226A8B91E09A1750A4908694524AA148810BD5670EDE5DAE872A1A8116DFED4C24D134189202525256A5A20FFB0EB02491CE2607B6E7E3E2FDA385EAF37FB6F66E7F3917E4AEAB581CECCF7F7FB7A7676A6A70700000000000000000000000000000000000000000000000000000000000000000000000000000000000000000000000000000000000000000000000000000000000000000000000000000000000000000000000000000000000000000000000080A689E3F8A653A74EBD7BF8F0E1F8C08103F1BE7DFB8C148CFDFBF7C72FBDF4D2743276384A315F18E60BE4533E59A41084E1E1E1786464249E9898305234464747E3A1A1A1E92418DB1CA9982F0CF305F2299F2C42F80D4F10D21D88E437BF09472AE60BC37C817CCA278B10DEBA70D0A57B84B7351CA9982F0CF305F2299F2C42D8D00E386100F385F902F934E4335761B8F4C1B9F8D42B3F8C8FEFDF3433C2DFC3D71CACC280F9C27C61BE403E0DF9CC54182EBE7F267EE3171BE2D77FBEF69A11BE165E73C00A438ADC6A13982FCC17322D9FF2299FC2B0E078F7F8CFAE0B42799C3EFE82035618D2623019F1EC9F982FCC17322D9FF2299FC230FF78F357DFA91A86F09A03561852605D32A6937174F6CF8D3689F9C27C21D3F2299FF2290CF38E37F63D5C350CE13507AC30A46411DC5871B667CA6268BE305FC8B47CCA67D7E7F39BDFFCE6AD4F3DF5D4AF376FDE3C3E38383835303010F7F6F6C6CB972F9F1977DF7D77BC6EDDBAE94D9B365D4EBEEFF7DFFAD6B7BE200CC260B1CAD42258EBEB982FCC17322D9FF299FD7C3EF2C823DF78F8E1872FAF58B122DEB06143BC67CF9EF8D8B16333373B9E9C9C8CCBC6C6C6E213274EC42FBEF862BC6DDBB6B8AFAF2F94DDC9E467FE73C9922537E5350CE1D394D5C2105E73C05AAC3A64B0C662577EDDF57AE60BF3854CCBA77C76473ED7AC59F38F0F3EF8E0E5952B57C6BB76ED9A29AFF5B87AF56A7CE8D0A199423C30303095FC731EC963184E1E7AA26A18C26B0E588B550717C15A8B5CEACEF6ACD97E309E6F2CF675F385D1A5F345EA339DF6ECCA670EF29914D25D77DD7557FCECB3CFC6E3E3E371A35E79E59578D5AA55F157BFFAD573C562F1963C95DBB133C7E2377EF9D0F56F61245F0BAF39602D561D7ADB72B045DFDFF20572A1AFD57ADD7C6174E17C91894CA73DBBF2D9E5F95CBF7EFDEFEFBDF7DEF8D5575F8D9BE9C2850BF1934F3E19F7F7F74F2E5BB6ECB37929B761FCE9B7CF5D1786F03507ABC5AA438BE0C6162F9ECAADF9C27C21D35D576EE533A3F90CC576F5EAD533D7D3B6CACE9D3BE3152B564C7FF9CB5FFEE75C94DB2B57E293BFD971FD5B18C9D7C26B0E588B55CA17C1545DA2D0F5E5D67C61BEE8D24C7745B995CFECE5335C8A10CED8B6B2D8963DFFFCF3A1E066FE0C6EAD30842796BC75E87B55AFD109AF79AA89C5AA0D069BB4880DF674B8E07673B9355F982FBA39D3592FB7F299C17C860F8F856B6C5F7BEDB5B85D7EFCE31F4FF6F6F69ECBF29D14AA8621F90DEEDCC983F1EF5EFC46D5209447F89EF0BD7EEB536E5BBC0836EBEDC78E9EC1EDCA726BBE305FE420D3992DB7F299DD7CAE5FBFFEA3F0E1B176FBDAD7BE361545D14FBBA9DCD6FAEDCE6F7D16AB0EBC6D595E043F958C6766FFACC7DC9FEBD835B8DD76B704F385F9222F99CEE2DD12E433C3F90CF7B10DB7FB6AC65D11EA75E6CC99B8542A4D2705F7B66E29B78BF9ED6EA1DFFA1CC0CA6D8BCEC68445EC0F3DFFFFACF93FD4B11856FBB954DD45C17C61E460BE9069F994CFC50A0F68D8BD7B77DC29DFFEF6B7AF2C5FBEFC70B784E14683501E0E60E5B6456F333E33BB98C5752C86958B60793C3DCFDBA39E7A64BE305FC8B47CCA673AF2191EA91B9E3C56EF031A9A7CF6762A29B7D359BCF676B1B70E312C566D546D719A6F515B68315CECF77BACA7F9C27C21D3F269A4279F3B76EC381C9E20D669F7DC73CF44B1581C100643B9EDE9497ED91BBBC13CD4FAA0C96217B77A17CD5CBF9DB9D8FD65BEC8EF7C21D3F269B4319F9B376F1E7FE185173A5E6E1F7FFCF10B69BA3441182C561D3EFEE2D9311645D1CA3ADFB6ACB518D55AE4EA5D042BFFFD53793C83BBD8FD65BEC875B99569F934DA95CFC1C1C1A963C78E75BCDC1E3972E4725226DF170643B9BDE6F82B8FD11ABF6CD5FB3662B5C5EED337B808D67AFB342FE576C1FD65BE506E655A3E8D36E4736060A02D0F6DA8E5FCF9F393C9C136250C86723BEFF1F7C92F5BF31C87377A7DDC7C8BE144038B60A3FF3DDD546EE7DD5FE60BE556A6E5D368433E7B7B7BE3C9C9C9380DC2C1260C8672BBE0F1F7C92F5BB3EF28347A5665BEC5B09145B0EBAED76BE6FE325F28B7322D9F461BF219766C5A64A4DC0A43C6C622F66526C7D2A54BCB0BD6D1060FF74FCF73766762F6EB8D38DAADDBFE4687F9C27C21D3F269E4F0CCAD3018CEDC2EF8CBD5A5E497AA8D15B7CD6BF4319CCEF2B4717F992F9CB99569F9347274CDEDE8E868DAAFB94D5D18AA4C5E99795DB9ADEBF89BBB00BA3E2F83FB2BCD8B675EE68314955B9996CFD4E4B71B1FE2307DFCF8F154DC2D2139E03E1486FA0EE685BE96F6D795DB451D7F17935FFAB62EE20127F59E55F1C9EA0EECAFB497DB3CCC072928B7322D9FA9CB6F57DEE776EFDEBD69B9CFEDCBC2A0DC2AB733C7DF4267751A3DBBD2AA7B62F6F5E4F73EB78BDA5FCA6DAECBAD4CCBA772DBAE7C3EF9E493AF6CD9B2A5E3E576F5EAD5579212B94618945BE5B621B5CEB2B4FA69465B7B506E955B99964FE5B693F9BCFFFEFB3F7BE79D77C6E3E3E39DBCC7ED54526CE3FEFEFE9B8541B9556E1B56ED6C4FAB9F43AFD82AB7CAAD4CCBA7729B8E7C3EF0C003578786863A566E9F78E289F1288A4E088372ABDC36F56CCFDCB7139FB981B725E75B0C9FAEE3AC12CAAD722BD3F2A9DCB63F9FEBD7AFFFDEFDF7DFDF915B828533C6A55269BAB7B7F77661506E95DB96BC9D3938CFA256CF074AAAFD5CAE6EF7A5DC2AB7322D9FCA6DC6F239303030353C3CDCF672BB79F3E68F962F5FFEBA30B8159872DB96B7333F357B96A6DE5B01CDFDB9C11EC5B6EBCA6D8F5B816561BE9069E5D6ADC0166BD5AA550F26237EFFFDF7DB566C8F1E3D7AB5542A5D2D168BB70883A1DCB66D316CC5DBA3982FCC17322D9F46FAF279CF3DF79CFEEE77BFDB96CB13CE9E3D3B733942A15058270C86C52A338B61EE1ED060BE305FC8B47C1A19CE67B8EDD557BEF2958F9F7BEEB99616DBF044B4FEFEFEF044B2FF1506C362D5368DBEEDE85204F385F942A6E5D3C85E3EA328BA6DC58A15D3BB77EF6ED919DB506C972F5F7E58180C8B55C716C37ACFD2F8F098F9C27C21D3F26964379FE1CE0549C19DFCC10F7E30D5826B6CA7BBE18CAD3058AC72748982B72DCD17E60B99964F23FBF90C677093927B2EDC45E1EDB7DF6EF8765FE1AE08E1C36359BFC656182C56392BB87D3D1ED060BE305FC8B47C1ADD94CFA4E4FE3429A5538F3CF2C89553A74E4DD5FBE4B1A79E7A6A3C9CAD4DFE39C7B37C57046110862E54EB7ABBF227A82D82E60BF3854CCBA7D15DF90CA574F9F2E543C998BCFBEEBB271E7BECB18B070F1E1C7FE79D77AEB9ADC2D8D8D8D49123472E3FFEF8E31756AF5E7D253C52373C792CAB0F68100661C8F1195C6F5B9A2FCC17322D9F463EF29994D595B3457734191F27232E8FA4CC4E257F5E4CC6CBC9DFD7F4F7F7DF2C0C86C52A738BA145D07C61BE9069F934E453180C61E88AC5F0A845D07C61BE9069F934E453180C61E80683E11D981EB706325F982F645A3E0DF914064318BAC1EC4288F9C27CD105C28399645A3EE513611006E57691D66C3F18CF379AF5BAF9C2305F34E68E3BEEF81B99964FF944188441B9AD63215CE86B8DBE6EBE30CC178D59BA74E9DF26999E9669F9944F844118945B0BA1F9C27C91797D7D7D9F516EE5533EA9DB8103071C70C2A0DC2AB7E60BF345EAF4F6F6FE7D92E92999964FF9A42EC3C3C3532323230EBA948ED3A74FBF9D8461C291AADC9A2F8CBCCD17499E3F171EBE24D3F2299FD4E5E0C1838F0E0D0D4DBFF7DE7B0EBE140661FFFEFD1F27639B2355B9355F18799B2F56AC58F10F51147D2CD3F2299FD42DD9D81B93DF262E85D3E5591E3B77EE9C79D25CD6FF7F548C0941686DB975B784FCCE175D38BA6EBE28140A5F48327D55A6F39BCF2E5AD3ADE7DC70B1391F8210EE8D686B28B740B6954AA52F168B456FE39AD3219FA2285A1942303B3CCDC64408645CA150F85292E98F6C09733AE43500672BCAED255BC44408645B6F6F6F94B86C4B98D3218F077F5F45B19D19C984B8D196311102D9552814EE74B2C29C6E2B90D783FFFCDC721B2644D7DE9A08814CE779551445176C09733AE4EDC0EF9BA7D8CE8C62B1B8D516321102D99414DBFB924C7F604B98D3216F07FE68B5729B8C8BB6908910C8A662B1F8EF49A6FF6A4B98D3214F077DDF02C5D6B5B7264220C30A85C28349C1FD8B2D614E873C1DF4E76B955B1F4630110299CDF3C3C978CF9630A7832060FF03DD90E7479371CE9630A7832060FF03991745D1B624D3EFDA12E6741004EC7FA01BCAEDF624D36FDB12E6741004F2B2AF5D730D5DAC542AED480AEE295BC29A0E82405EF6B5BB6540172B140AFF512C16DFB225ACE92008E4697F2F789F634FA9834CE7FBB964BC694B58D34110C8D3FEF6843AE852A552E9BFA328FA9D2D614D0741206FFB7CBE6B6F2F396B0B99CFF6FF24E3355BC29A0E8240DEF6799F6B6DA1FB148BC59F25597EC596B0A6832090C7FD7ED6595BE8BA5CEF4DC6615BC29A0E8240EE4451B4B2A2DC0EDA22D015B9DE97E4F9D7B684351D0481BCEEFB996B6F9DB585AEC9F450327E654B58D34110C8EBBEEFB3FFA1AB32FDEB70F6D696B0A68320B068711CDF74EAD4A9770F1F3E1C1F387020DEB76F9F9182B17FFFFEF8A5975E9A4EC60E4729799514DB23C562F1E7B684351D0481450BC5767878381E1919892726268C148DD1D1D1786868683A29BADB1CA9E451526C7F5B28149EB725ACE920082C5A3863ABD8A6BBE0EEDBB76FC2914A4EE7F3D7C2BD6E6D096B3A08028B162E455022D33DC2650A8E54723A9FBF1145D14E5BC29A0E82C0A285E2A4402AB790D2F9FCCD643C674B58D34110687AB9BDF4C1B9F8D42B3F8C8FEFDF3433C2DFC3D7944FE5165A389F9F4CC6F76D096B3A08024D2DB717DF3F13BFF18B0DF1EB3F5F7BCD085F0BAF29A0CA2DB4421445A74AA5923B8658D341106C85E696DB778FFFECBA625B1EA78FBFA0802AB7D0AAF9FCEDA4E06EB725ACE9200834B5DCBEF9ABEF542DB7E1350554B98556488AEDE952A9F4982D614D0741A0A9E5F68D7D0F572DB7E1350554B98516CDE7E792F1A82D614D074140B9556E21F3A2281A29954A0FD912D67410049A5A6EC3DD11AA95DBF09A02AADC422B148BC5BF140A85076D096B3A08024D2DB7270F3D51B5DC86D71450E5165A546EFF9A94DB7FB325ACE9200834B5DC8E9D3916BFF1CB87AEBF2421F95A784D01556EA145F3F907C9B8D796B0A68320D0D4721BC69F7EFBDC75E5367C4DF9546EA155A228BA90CCE9AB6C096B3A0802CD2DB757AEC4277FB3E3FA4B1292AF85D71450E5165A349F5F4A469F2D614D0741A069E5363C81ECAD43DFAB7ACD6D78CD53CA945B6885288A2EF7F6F646B684351D0481C6CBED952BF1B99307E3DFBDF88DAAC5B63CC2F784EF751657B9852697DB2BA552E95F6D096B3A08020D95DB5A676B9DC5556EA11D8AC5E2C41D77DCF12FB684351D048186CAED62CED62E74165721556EA149F3F9D542A1F0055BC29A0E824043E5F6468B6D7928A4CA2D34693EFF388AA2CFDB12D67410041A2AB786720B2999CF2793F1395BC29A0E8280729BA3721B6E95948CB38E66BA4DB1589C5AB66CD9DFD912D674100494DB1C94DBD9527B3E1CF38E7BBA743E9FEEEBEBFB8C2D614D074140B9EDE2723BB7D42AB77473B92D168BB7D812D674100494DB2E2CB75114AD0C971FCC2DB5CA2DDD3C9FF7F7F7DF6C4B58D34110506EBB68ECDCB9339EEF4CAD724B1EE6F3254B96DC644B58D34110506EBB68D42AB586D1CDC32C6D4DB715100441506EBBF4B28442A1B02E39BE2F2A0180351D04810C96DBE43F6FDED1AED753FC81B2C1647CA8DC02D674100432566E17FA5AAB5F4FFBADC066CFE47EA8DC02D674100494DBCC97DB8A633E9CC9BDE86806ACE92008CAAD729BF9720B604D074140B9556E01ACE92008CAAD72ABDC0258D34110945BE556B905B0A68320E4BBDCF6B81598720B58D34110E886726B28B78035DD5640100441B9556E01ACE92008CAADA1DC0258D34110945B43B905B0A6832028B786720B604D0741506E955B006B3A0802CAAD720B604D0741506E0DE516C09A0E82A0DC1ACA2D80351D0441B935945BC09A6E4D0741506E955B006B3A0882726B28B700D6741004E5D6506E01ACE92008CAADA1DC0258D34110945BE516C09A0E82C0BC0E1C38A0402AB700D6741084EE303C3C3C353232A244A6749C3E7DFAEDA4DC4E3852016B3A08028B70F0E0C147878686A6DF7BEF3D653285C576FFFEFD1F27639B2315B0A68320B0484979DAB86FDFBE4BE1EDEFAC8FB0FFBBE1FFC7EC98506C016B3A088220D8FF0098D34110B0FF0130A7832060FF03604E0741C0FE07C09C0E8280FD0F604E0741C0FE07C09C0E8280FD0F80391D0401FB1F00733A0802F63F8039DD9C0E8260FFDB0A00E6741004EC7F00CCE92008D8FF0098D34110687C5F9F0FFBBBC6B8644B0158D34110C8C2BEEEAB556EA328DA684B0158D34110C8CAFE1E5DA0DC5E5CB264C94DB61280351D0481ACECEFAA676F8BC5E2565B082033F3B94BCD40B9658109F192B3B600999ACB5D6A06CA2DD5264413204026E773979A8172CBEC7E3FEBAC2D40E6E772979A81724B1045D1CA8A4970D01601C8EC3AEE5233506EA99C104D8000999ECB5D6A06CA2DE50971E9D2A5F63F40F6E773979A81724B225C8E10CFFE094046B9D40C945B7A7AD625633A194767FFF4161640B6D773979A41BDE576CDF683F17CA35DAFD3F4625B2EB4E1B7FC29051720FDA228BA2D19DB93F5FBE562B1F87EF2E7E49CBB244C85DB8025DF7322F9FBB3C9F8275B0DE5768172BBD0D75AFD3A2D29B6B5BE0E400A140A857573AEADAD675C4CC6F79DD545B9556EBBCD608D025B7EDDF55A00E959A7C3DD102EDD60A99D3B26C2D95C5B15E556B9EDA6625BABB83A830B909E35FAF0DC82DADBDB1B6FDDBA35DEB56B577CFCF8F1F8DCB973F1471F7D140757AF5E8D474646E2B7DE7A2BDEBD7BF7CCF7F5F5F5CD577247937FCEEDB630CAAD729B55EB7AEA3B235BEFF703D044C562F196D9EB693F29A4FDFDFDF18F7EF4A399F25A8FF1F1F178CF9E3DF19A356BE6DE0B773AF977ACB1B5516E95DBAC16DB8D37F8730A2E409B8B6DB2367F585944376CD8307386B611939393F1DEBD7B67CEFC56FCB3A79392BBCD5627D7E5D6DD1272516C9BF5F300D45F6EAF39631B2E3F08C5B459CE9C3913AF5DBBD613CD506EC99C5A1F1E6BF73F0780DA6BF235D7D81E3972246E85708D6EB81EB7F20C6EA954FAA23D80724BDA8B6DB32E29700617A0F5EB71DFDC33B6AD143E7CB665CB966BEE8F1BEEA16B4FA0DC923673AF95FD54329E99FDB31E737FCE35B8002D9414CBCB95D7D836F352846A2E5CB810AF5AB5AAF2F284A3F604CA2D692CB61B2B0AEA1F9211CFFEB9D8825BEDE7145C8016987D40C327774568F4C363F578F5D557AFB93CC113CD506E496BB10D9E992DA8711D05B7B2D896C7D315AFBB0617A0F96BF1F972C10CB7FB6AB76DDBB65516DC97ED11945B3AAD5AE19CAFA82E547017FBFDAEC1056892709D6BE5031AEABD8F6D33FCF18F7FBCE6FEB777DD75D7ADF60CCA2D9D2EB6830D16D67A8BB04B14006AAFB163C56271A046B9DD5E2E96E10E069D52F99087E4BF79ABBD87724B272CB660D62AAEF516DBCA7FFF548F33B80055D7D8D9319694D89555BEE7E576DD2161213FF9C94F7CB00CE5965414DBC516CB6A05F6D337586CCB5C830B50BBDC96C7E8DC33B9950F6D3871E244C7CA6DB8A76E6519B7F7506E4973B15DA8E04E34506C1BFDEF01C85BB9FDA43C964B6EF2F7C9F2D7DB799784B9DE79E79D6BEE796BEFA1DCD22E8D9E299DAFE036526CE7165CD7E002D42EB79F9CC9ADFCDFE1C9619D121EEA50F9DF62EFD1CDC133523692DDD6E8B550E15284B9676C2766BFDE88A3F68F6118C68D8F4E536E814E9EB9BDD133A4CEDC0274FE04D2A5288A362E59B2E426676E015C730B90D572FB49A9ADF81ED7DC02F4D47FA6D4DD12003A576E2F867BC75696DA32774B00B8BEE0D62A96ADBACF6D5F8FFBDC022C546EAF3B533BCFF7BC9E86FBDC867F7745B97DDDDE033AA5D699D3563FA1CC536C001A502A9576A4E109656BD7AEAD7C88C3367B06E8A46A6770EB2DAC8BFD7EC516A0497A7B7B6F2F97CAE4EFF1850B173A7ABDED6CB9BDCD9E013A2D9CC19D7B89C0333DF55F6A305FC17D7ACEBFC735B6004D5479DDEDEEDDBBDB5E6E77ECD851596E4FDA23409A0A6EE587CC2A8B6A3D1F12ABF6736EF705D0029597260C0C0CB4F5966067CE9C9939635C71F638B2478034997B894228A64FF7D47F7BAFB93FD7E8FD75E186ADD97E309E6FB4EB7568B5D9FBDD7E542E987BF6EC695BB9DDB46953E559DBB3F606908582DBA8F92E7980B696DB85BED6EAD7A11D2ACFDE8633A97FFEF39F5B5E6CF7EEDD7BCDB5B68542E14BF604D0ED05D7031A506EA14D928279BE5C34BFFEF5AFC7E3E3E32D2BB6870E1DBAE6728464FC973D00A45DA39712B81401E516DA68D9B2659F4D4AE654B9706ED9B265E6B1B8AD28B6FDFDFD3E440664BAE0D67BE6D587C7506EA103A2285A998CE972F10CD7C48E8D8D35F5528439676C478BC5E22DB63C9025F55E5AE05204945BE5960E0A8FEAADBC16369C650D8FC76DF4AE080F3DF4D035D7D82AB6401E0A6E5F8F073490C272EB6E09E44DA150589794CFE9CA321A9E6076E2C489BA1FD010EE633BE76CEDCCA5088A2D9075B5AEA12DDF1541B105488152A9F4C5A4844ECE29A5F17DF7DD17EFDCB9331E1E1E9EB9AB42F9BADCF06728B3E12CEFAE5DBBE2071E78606EA1F5E131A0EB543B83EB520480140A675793327A78EE59DC1B1C67DDEE0BC843C1556C0152AEB7B7F7F6A49C0E577ED8AC8E71D293C780BC14DCA38A2D4076F4F7F7DF3C7B3DEECBE10361732F5B28168BE1566263C9783D29C2DB93719BAD06E445B8C636EE71BB2F0000BAC4AD3601000000000000000000000000000000000000000000009057FF07B2CB81E8B4042AEE0000000049454E44AE426082, 1);
INSERT INTO `act_ge_bytearray` VALUES ('67526', 1, 'contract_purchase_exclusive.bpmn', '67525', 0x3C3F786D6C2076657273696F6E3D22312E302220656E636F64696E673D225554462D38223F3E0A3C646566696E6974696F6E7320786D6C6E733D22687474703A2F2F7777772E6F6D672E6F72672F737065632F42504D4E2F32303130303532342F4D4F44454C2220786D6C6E733A7873693D22687474703A2F2F7777772E77332E6F72672F323030312F584D4C536368656D612D696E7374616E63652220786D6C6E733A61637469766974693D22687474703A2F2F61637469766974692E6F72672F62706D6E2220786D6C6E733A62706D6E64693D22687474703A2F2F7777772E6F6D672E6F72672F737065632F42504D4E2F32303130303532342F44492220786D6C6E733A6F6D6764633D22687474703A2F2F7777772E6F6D672E6F72672F737065632F44442F32303130303532342F44432220786D6C6E733A6F6D6764693D22687474703A2F2F7777772E6F6D672E6F72672F737065632F44442F32303130303532342F44492220747970654C616E67756167653D22687474703A2F2F7777772E77332E6F72672F323030312F584D4C536368656D61222065787072657373696F6E4C616E67756167653D22687474703A2F2F7777772E77332E6F72672F313939392F585061746822207461726765744E616D6573706163653D22687474703A2F2F7777772E61637469766974692E6F72672F74657374223E0A20203C70726F636573732069643D22636F6E74726163745F70757263686173655F6578636C757369766522206E616D653D22636F6E74726163745F70757263686173655F6578636C75736976652220697345786563757461626C653D2274727565223E0A202020203C73746172744576656E742069643D2273746172746576656E743122206E616D653D225374617274222061637469766974693A696E69746961746F723D226170706C79557365724964223E3C2F73746172744576656E743E0A202020203C757365725461736B2069643D22504D56657269667922206E616D653D22E9A1B9E79BAEE7BB8FE79086222061637469766974693A63616E64696461746547726F7570733D22504D223E3C2F757365725461736B3E0A202020203C73657175656E6365466C6F772069643D22666C6F77312220736F757263655265663D2273746172746576656E743122207461726765745265663D22504D566572696679223E3C2F73657175656E6365466C6F773E0A202020203C6578636C7573697665476174657761792069643D226578636C7573697665676174657761793122206E616D653D224578636C75736976652047617465776179223E3C2F6578636C7573697665476174657761793E0A202020203C73657175656E6365466C6F772069643D22666C6F77322220736F757263655265663D22504D56657269667922207461726765745265663D226578636C75736976656761746577617931223E3C2F73657175656E6365466C6F773E0A202020203C757365725461736B2069643D22434156657269667922206E616D653D22E68890E69CACE4BC9AE8AEA1222061637469766974693A63616E64696461746547726F7570733D224341223E3C2F757365725461736B3E0A202020203C73657175656E6365466C6F772069643D22666C6F773322206E616D653D22592220736F757263655265663D226578636C7573697665676174657761793122207461726765745265663D224341566572696679223E0A2020202020203C636F6E646974696F6E45787072657373696F6E207873693A747970653D2274466F726D616C45787072657373696F6E223E3C215B43444154415B247B504D417070726F7665647D5D5D3E3C2F636F6E646974696F6E45787072657373696F6E3E0A202020203C2F73657175656E6365466C6F773E0A202020203C6578636C7573697665476174657761792069643D226578636C7573697665676174657761793222206E616D653D224578636C75736976652047617465776179223E3C2F6578636C7573697665476174657761793E0A202020203C73657175656E6365466C6F772069643D22666C6F77342220736F757263655265663D22434156657269667922207461726765745265663D226578636C75736976656761746577617932223E3C2F73657175656E6365466C6F773E0A202020203C757365725461736B2069643D22464956657269667922206E616D653D22E8B4A2E58AA1E7BB8FE79086222061637469766974693A63616E64696461746547726F7570733D224649223E3C2F757365725461736B3E0A202020203C73657175656E6365466C6F772069643D22666C6F773522206E616D653D22592220736F757263655265663D226578636C7573697665676174657761793222207461726765745265663D224649566572696679223E0A2020202020203C636F6E646974696F6E45787072657373696F6E207873693A747970653D2274466F726D616C45787072657373696F6E223E3C215B43444154415B247B4341417070726F7665647D5D5D3E3C2F636F6E646974696F6E45787072657373696F6E3E0A202020203C2F73657175656E6365466C6F773E0A202020203C6578636C7573697665476174657761792069643D226578636C7573697665676174657761793322206E616D653D224578636C75736976652047617465776179223E3C2F6578636C7573697665476174657761793E0A202020203C757365725461736B2069643D224C4D56657269667922206E616D653D22E6B395E58AA1E7BB8FE79086222061637469766974693A63616E64696461746547726F7570733D224C4D223E3C2F757365725461736B3E0A202020203C73657175656E6365466C6F772069643D22666C6F773722206E616D653D22592220736F757263655265663D226578636C7573697665676174657761793322207461726765745265663D224C4D566572696679223E0A2020202020203C636F6E646974696F6E45787072657373696F6E207873693A747970653D2274466F726D616C45787072657373696F6E223E3C215B43444154415B247B4649417070726F7665647D5D5D3E3C2F636F6E646974696F6E45787072657373696F6E3E0A202020203C2F73657175656E6365466C6F773E0A202020203C6578636C7573697665476174657761792069643D226578636C7573697665676174657761793422206E616D653D224578636C75736976652047617465776179223E3C2F6578636C7573697665476174657761793E0A202020203C73657175656E6365466C6F772069643D22666C6F77382220736F757263655265663D224C4D56657269667922207461726765745265663D226578636C75736976656761746577617934223E3C2F73657175656E6365466C6F773E0A202020203C757365725461736B2069643D2243454F56657269667922206E616D653D22E891A3E4BA8BE995BF222061637469766974693A6578636C75736976653D2266616C7365222061637469766974693A63616E64696461746547726F7570733D2243454F223E3C2F757365725461736B3E0A202020203C73657175656E6365466C6F772069643D22666C6F773922206E616D653D22592220736F757263655265663D226578636C7573697665676174657761793422207461726765745265663D2243454F566572696679223E0A2020202020203C636F6E646974696F6E45787072657373696F6E207873693A747970653D2274466F726D616C45787072657373696F6E223E3C215B43444154415B247B4C4D417070726F7665647D5D5D3E3C2F636F6E646974696F6E45787072657373696F6E3E0A202020203C2F73657175656E6365466C6F773E0A202020203C757365725461736B2069643D22757365727461736B3622206E616D653D22E8B083E695B4223E3C2F757365725461736B3E0A202020203C73657175656E6365466C6F772069643D22666C6F77313122206E616D653D224E2220736F757263655265663D226578636C7573697665676174657761793322207461726765745265663D22757365727461736B36223E0A2020202020203C636F6E646974696F6E45787072657373696F6E207873693A747970653D2274466F726D616C45787072657373696F6E223E3C215B43444154415B247B214649417070726F7665647D5D5D3E3C2F636F6E646974696F6E45787072657373696F6E3E0A202020203C2F73657175656E6365466C6F773E0A202020203C73657175656E6365466C6F772069643D22666C6F77313222206E616D653D224E2220736F757263655265663D226578636C7573697665676174657761793422207461726765745265663D22757365727461736B36223E0A2020202020203C636F6E646974696F6E45787072657373696F6E207873693A747970653D2274466F726D616C45787072657373696F6E223E3C215B43444154415B247B214C4D417070726F7665647D5D5D3E3C2F636F6E646974696F6E45787072657373696F6E3E0A202020203C2F73657175656E6365466C6F773E0A202020203C73657175656E6365466C6F772069643D22666C6F77313322206E616D653D224E2220736F757263655265663D226578636C7573697665676174657761793222207461726765745265663D22757365727461736B36223E0A2020202020203C636F6E646974696F6E45787072657373696F6E207873693A747970653D2274466F726D616C45787072657373696F6E223E3C215B43444154415B247B214341417070726F7665647D5D5D3E3C2F636F6E646974696F6E45787072657373696F6E3E0A202020203C2F73657175656E6365466C6F773E0A202020203C6578636C7573697665476174657761792069643D226578636C7573697665676174657761793522206E616D653D224578636C75736976652047617465776179223E3C2F6578636C7573697665476174657761793E0A202020203C73657175656E6365466C6F772069643D22666C6F7731352220736F757263655265663D2243454F56657269667922207461726765745265663D226578636C75736976656761746577617935223E3C2F73657175656E6365466C6F773E0A202020203C656E644576656E742069643D22656E646576656E743122206E616D653D22456E64223E3C2F656E644576656E743E0A202020203C73657175656E6365466C6F772069643D22666C6F77313622206E616D653D22592220736F757263655265663D226578636C7573697665676174657761793522207461726765745265663D22656E646576656E7431223E0A2020202020203C636F6E646974696F6E45787072657373696F6E207873693A747970653D2274466F726D616C45787072657373696F6E223E3C215B43444154415B247B43454F417070726F7665647D5D5D3E3C2F636F6E646974696F6E45787072657373696F6E3E0A202020203C2F73657175656E6365466C6F773E0A202020203C6578636C7573697665476174657761792069643D226578636C7573697665676174657761793622206E616D653D224578636C75736976652047617465776179223E3C2F6578636C7573697665476174657761793E0A202020203C73657175656E6365466C6F772069643D22666C6F7731382220736F757263655265663D22757365727461736B3622207461726765745265663D226578636C75736976656761746577617936223E3C2F73657175656E6365466C6F773E0A202020203C73657175656E6365466C6F772069643D22666C6F77313922206E616D653D22592220736F757263655265663D226578636C7573697665676174657761793622207461726765745265663D22504D566572696679223E0A2020202020203C636F6E646974696F6E45787072657373696F6E207873693A747970653D2274466F726D616C45787072657373696F6E223E3C215B43444154415B247B72654170706C797D5D5D3E3C2F636F6E646974696F6E45787072657373696F6E3E0A202020203C2F73657175656E6365466C6F773E0A202020203C73657175656E6365466C6F772069643D22666C6F77323022206E616D653D224E2220736F757263655265663D226578636C7573697665676174657761793622207461726765745265663D22656E646576656E7431223E0A2020202020203C636F6E646974696F6E45787072657373696F6E207873693A747970653D2274466F726D616C45787072657373696F6E223E3C215B43444154415B247B2172654170706C797D5D5D3E3C2F636F6E646974696F6E45787072657373696F6E3E0A202020203C2F73657175656E6365466C6F773E0A202020203C73657175656E6365466C6F772069643D22666C6F77323122206E616D653D224E2220736F757263655265663D226578636C7573697665676174657761793522207461726765745265663D22757365727461736B36223E0A2020202020203C636F6E646974696F6E45787072657373696F6E207873693A747970653D2274466F726D616C45787072657373696F6E223E3C215B43444154415B247B2143454F417070726F7665647D5D5D3E3C2F636F6E646974696F6E45787072657373696F6E3E0A202020203C2F73657175656E6365466C6F773E0A202020203C73657175656E6365466C6F772069643D22666C6F77323222206E616D653D224E2220736F757263655265663D226578636C7573697665676174657761793122207461726765745265663D22757365727461736B36223E0A2020202020203C636F6E646974696F6E45787072657373696F6E207873693A747970653D2274466F726D616C45787072657373696F6E223E3C215B43444154415B247B21504D417070726F7665647D5D5D3E3C2F636F6E646974696F6E45787072657373696F6E3E0A202020203C2F73657175656E6365466C6F773E0A202020203C73657175656E6365466C6F772069643D22666C6F7732332220736F757263655265663D22464956657269667922207461726765745265663D226578636C75736976656761746577617933223E3C2F73657175656E6365466C6F773E0A20203C2F70726F636573733E0A20203C62706D6E64693A42504D4E4469616772616D2069643D2242504D4E4469616772616D5F636F6E74726163745F70757263686173655F6578636C7573697665223E0A202020203C62706D6E64693A42504D4E506C616E652062706D6E456C656D656E743D22636F6E74726163745F70757263686173655F6578636C7573697665222069643D2242504D4E506C616E655F636F6E74726163745F70757263686173655F6578636C7573697665223E0A2020202020203C62706D6E64693A42504D4E53686170652062706D6E456C656D656E743D2273746172746576656E7431222069643D2242504D4E53686170655F73746172746576656E7431223E0A20202020202020203C6F6D6764633A426F756E6473206865696768743D2233352E30222077696474683D2233352E302220783D2239352E302220793D223430302E30223E3C2F6F6D6764633A426F756E64733E0A2020202020203C2F62706D6E64693A42504D4E53686170653E0A2020202020203C62706D6E64693A42504D4E53686170652062706D6E456C656D656E743D22504D566572696679222069643D2242504D4E53686170655F504D566572696679223E0A20202020202020203C6F6D6764633A426F756E6473206865696768743D2235352E30222077696474683D223130352E302220783D223137302E302220793D223339302E30223E3C2F6F6D6764633A426F756E64733E0A2020202020203C2F62706D6E64693A42504D4E53686170653E0A2020202020203C62706D6E64693A42504D4E53686170652062706D6E456C656D656E743D226578636C75736976656761746577617931222069643D2242504D4E53686170655F6578636C75736976656761746577617931223E0A20202020202020203C6F6D6764633A426F756E6473206865696768743D2234302E30222077696474683D2234302E302220783D223334302E302220793D223339372E30223E3C2F6F6D6764633A426F756E64733E0A2020202020203C2F62706D6E64693A42504D4E53686170653E0A2020202020203C62706D6E64693A42504D4E53686170652062706D6E456C656D656E743D224341566572696679222069643D2242504D4E53686170655F4341566572696679223E0A20202020202020203C6F6D6764633A426F756E6473206865696768743D2235352E30222077696474683D223130352E302220783D223434322E302220793D223339302E30223E3C2F6F6D6764633A426F756E64733E0A2020202020203C2F62706D6E64693A42504D4E53686170653E0A2020202020203C62706D6E64693A42504D4E53686170652062706D6E456C656D656E743D226578636C75736976656761746577617932222069643D2242504D4E53686170655F6578636C75736976656761746577617932223E0A20202020202020203C6F6D6764633A426F756E6473206865696768743D2234302E30222077696474683D2234302E302220783D223633302E302220793D223339372E30223E3C2F6F6D6764633A426F756E64733E0A2020202020203C2F62706D6E64693A42504D4E53686170653E0A2020202020203C62706D6E64693A42504D4E53686170652062706D6E456C656D656E743D224649566572696679222069643D2242504D4E53686170655F4649566572696679223E0A20202020202020203C6F6D6764633A426F756E6473206865696768743D2235352E30222077696474683D223130352E302220783D223735302E302220793D223339302E30223E3C2F6F6D6764633A426F756E64733E0A2020202020203C2F62706D6E64693A42504D4E53686170653E0A2020202020203C62706D6E64693A42504D4E53686170652062706D6E456C656D656E743D226578636C75736976656761746577617933222069643D2242504D4E53686170655F6578636C75736976656761746577617933223E0A20202020202020203C6F6D6764633A426F756E6473206865696768743D2234302E30222077696474683D2234302E302220783D223738322E302220793D223233302E30223E3C2F6F6D6764633A426F756E64733E0A2020202020203C2F62706D6E64693A42504D4E53686170653E0A2020202020203C62706D6E64693A42504D4E53686170652062706D6E456C656D656E743D224C4D566572696679222069643D2242504D4E53686170655F4C4D566572696679223E0A20202020202020203C6F6D6764633A426F756E6473206865696768743D2235352E30222077696474683D223130352E302220783D223735302E302220793D2237302E30223E3C2F6F6D6764633A426F756E64733E0A2020202020203C2F62706D6E64693A42504D4E53686170653E0A2020202020203C62706D6E64693A42504D4E53686170652062706D6E456C656D656E743D226578636C75736976656761746577617934222069643D2242504D4E53686170655F6578636C75736976656761746577617934223E0A20202020202020203C6F6D6764633A426F756E6473206865696768743D2234302E30222077696474683D2234302E302220783D223633302E302220793D2237372E30223E3C2F6F6D6764633A426F756E64733E0A2020202020203C2F62706D6E64693A42504D4E53686170653E0A2020202020203C62706D6E64693A42504D4E53686170652062706D6E456C656D656E743D2243454F566572696679222069643D2242504D4E53686170655F43454F566572696679223E0A20202020202020203C6F6D6764633A426F756E6473206865696768743D2235352E30222077696474683D223130352E302220783D223434322E302220793D2236392E30223E3C2F6F6D6764633A426F756E64733E0A2020202020203C2F62706D6E64693A42504D4E53686170653E0A2020202020203C62706D6E64693A42504D4E53686170652062706D6E456C656D656E743D22757365727461736B36222069643D2242504D4E53686170655F757365727461736B36223E0A20202020202020203C6F6D6764633A426F756E6473206865696768743D2235352E30222077696474683D223130352E302220783D223330382E302220793D223232332E30223E3C2F6F6D6764633A426F756E64733E0A2020202020203C2F62706D6E64693A42504D4E53686170653E0A2020202020203C62706D6E64693A42504D4E53686170652062706D6E456C656D656E743D226578636C75736976656761746577617935222069643D2242504D4E53686170655F6578636C75736976656761746577617935223E0A20202020202020203C6F6D6764633A426F756E6473206865696768743D2234302E30222077696474683D2234302E302220783D223334302E302220793D2237362E30223E3C2F6F6D6764633A426F756E64733E0A2020202020203C2F62706D6E64693A42504D4E53686170653E0A2020202020203C62706D6E64693A42504D4E53686170652062706D6E456C656D656E743D22656E646576656E7431222069643D2242504D4E53686170655F656E646576656E7431223E0A20202020202020203C6F6D6764633A426F756E6473206865696768743D2233352E30222077696474683D2233352E302220783D223230352E302220793D2237392E30223E3C2F6F6D6764633A426F756E64733E0A2020202020203C2F62706D6E64693A42504D4E53686170653E0A2020202020203C62706D6E64693A42504D4E53686170652062706D6E456C656D656E743D226578636C75736976656761746577617936222069643D2242504D4E53686170655F6578636C75736976656761746577617936223E0A20202020202020203C6F6D6764633A426F756E6473206865696768743D2234302E30222077696474683D2234302E302220783D223230322E302220793D223233302E30223E3C2F6F6D6764633A426F756E64733E0A2020202020203C2F62706D6E64693A42504D4E53686170653E0A2020202020203C62706D6E64693A42504D4E456467652062706D6E456C656D656E743D22666C6F7731222069643D2242504D4E456467655F666C6F7731223E0A20202020202020203C6F6D6764693A776179706F696E7420783D223133302E302220793D223431372E30223E3C2F6F6D6764693A776179706F696E743E0A20202020202020203C6F6D6764693A776179706F696E7420783D223137302E302220793D223431372E30223E3C2F6F6D6764693A776179706F696E743E0A2020202020203C2F62706D6E64693A42504D4E456467653E0A2020202020203C62706D6E64693A42504D4E456467652062706D6E456C656D656E743D22666C6F7732222069643D2242504D4E456467655F666C6F7732223E0A20202020202020203C6F6D6764693A776179706F696E7420783D223237352E302220793D223431372E30223E3C2F6F6D6764693A776179706F696E743E0A20202020202020203C6F6D6764693A776179706F696E7420783D223334302E302220793D223431372E30223E3C2F6F6D6764693A776179706F696E743E0A2020202020203C2F62706D6E64693A42504D4E456467653E0A2020202020203C62706D6E64693A42504D4E456467652062706D6E456C656D656E743D22666C6F7733222069643D2242504D4E456467655F666C6F7733223E0A20202020202020203C6F6D6764693A776179706F696E7420783D223338302E302220793D223431372E30223E3C2F6F6D6764693A776179706F696E743E0A20202020202020203C6F6D6764693A776179706F696E7420783D223434322E302220793D223431372E30223E3C2F6F6D6764693A776179706F696E743E0A20202020202020203C62706D6E64693A42504D4E4C6162656C3E0A202020202020202020203C6F6D6764633A426F756E6473206865696768743D2231362E30222077696474683D223130302E302220783D223339302E302220793D223431372E30223E3C2F6F6D6764633A426F756E64733E0A20202020202020203C2F62706D6E64693A42504D4E4C6162656C3E0A2020202020203C2F62706D6E64693A42504D4E456467653E0A2020202020203C62706D6E64693A42504D4E456467652062706D6E456C656D656E743D22666C6F7734222069643D2242504D4E456467655F666C6F7734223E0A20202020202020203C6F6D6764693A776179706F696E7420783D223534372E302220793D223431372E30223E3C2F6F6D6764693A776179706F696E743E0A20202020202020203C6F6D6764693A776179706F696E7420783D223633302E302220793D223431372E30223E3C2F6F6D6764693A776179706F696E743E0A2020202020203C2F62706D6E64693A42504D4E456467653E0A2020202020203C62706D6E64693A42504D4E456467652062706D6E456C656D656E743D22666C6F7735222069643D2242504D4E456467655F666C6F7735223E0A20202020202020203C6F6D6764693A776179706F696E7420783D223637302E302220793D223431372E30223E3C2F6F6D6764693A776179706F696E743E0A20202020202020203C6F6D6764693A776179706F696E7420783D223735302E302220793D223431372E30223E3C2F6F6D6764693A776179706F696E743E0A20202020202020203C62706D6E64693A42504D4E4C6162656C3E0A202020202020202020203C6F6D6764633A426F756E6473206865696768743D2231362E30222077696474683D22392E302220783D223638302E302220793D223431372E30223E3C2F6F6D6764633A426F756E64733E0A20202020202020203C2F62706D6E64693A42504D4E4C6162656C3E0A2020202020203C2F62706D6E64693A42504D4E456467653E0A2020202020203C62706D6E64693A42504D4E456467652062706D6E456C656D656E743D22666C6F7737222069643D2242504D4E456467655F666C6F7737223E0A20202020202020203C6F6D6764693A776179706F696E7420783D223830322E302220793D223233302E30223E3C2F6F6D6764693A776179706F696E743E0A20202020202020203C6F6D6764693A776179706F696E7420783D223830322E302220793D223132352E30223E3C2F6F6D6764693A776179706F696E743E0A20202020202020203C62706D6E64693A42504D4E4C6162656C3E0A202020202020202020203C6F6D6764633A426F756E6473206865696768743D2231362E30222077696474683D22392E302220783D223831322E302220793D223233302E30223E3C2F6F6D6764633A426F756E64733E0A20202020202020203C2F62706D6E64693A42504D4E4C6162656C3E0A2020202020203C2F62706D6E64693A42504D4E456467653E0A2020202020203C62706D6E64693A42504D4E456467652062706D6E456C656D656E743D22666C6F7738222069643D2242504D4E456467655F666C6F7738223E0A20202020202020203C6F6D6764693A776179706F696E7420783D223735302E302220793D2239372E30223E3C2F6F6D6764693A776179706F696E743E0A20202020202020203C6F6D6764693A776179706F696E7420783D223637302E302220793D2239372E30223E3C2F6F6D6764693A776179706F696E743E0A2020202020203C2F62706D6E64693A42504D4E456467653E0A2020202020203C62706D6E64693A42504D4E456467652062706D6E456C656D656E743D22666C6F7739222069643D2242504D4E456467655F666C6F7739223E0A20202020202020203C6F6D6764693A776179706F696E7420783D223633302E302220793D2239372E30223E3C2F6F6D6764693A776179706F696E743E0A20202020202020203C6F6D6764693A776179706F696E7420783D223534372E302220793D2239362E30223E3C2F6F6D6764693A776179706F696E743E0A20202020202020203C62706D6E64693A42504D4E4C6162656C3E0A202020202020202020203C6F6D6764633A426F756E6473206865696768743D2231362E30222077696474683D22392E302220783D223630322E302220793D2237382E30223E3C2F6F6D6764633A426F756E64733E0A20202020202020203C2F62706D6E64693A42504D4E4C6162656C3E0A2020202020203C2F62706D6E64693A42504D4E456467653E0A2020202020203C62706D6E64693A42504D4E456467652062706D6E456C656D656E743D22666C6F773131222069643D2242504D4E456467655F666C6F773131223E0A20202020202020203C6F6D6764693A776179706F696E7420783D223738322E302220793D223235302E30223E3C2F6F6D6764693A776179706F696E743E0A20202020202020203C6F6D6764693A776179706F696E7420783D223431332E302220793D223235302E30223E3C2F6F6D6764693A776179706F696E743E0A20202020202020203C62706D6E64693A42504D4E4C6162656C3E0A202020202020202020203C6F6D6764633A426F756E6473206865696768743D2231362E30222077696474683D22392E302220783D223737312E302220793D223232392E30223E3C2F6F6D6764633A426F756E64733E0A20202020202020203C2F62706D6E64693A42504D4E4C6162656C3E0A2020202020203C2F62706D6E64693A42504D4E456467653E0A2020202020203C62706D6E64693A42504D4E456467652062706D6E456C656D656E743D22666C6F773132222069643D2242504D4E456467655F666C6F773132223E0A20202020202020203C6F6D6764693A776179706F696E7420783D223635302E302220793D223131372E30223E3C2F6F6D6764693A776179706F696E743E0A20202020202020203C6F6D6764693A776179706F696E7420783D223635302E302220793D223235302E30223E3C2F6F6D6764693A776179706F696E743E0A20202020202020203C6F6D6764693A776179706F696E7420783D223431332E302220793D223235302E30223E3C2F6F6D6764693A776179706F696E743E0A20202020202020203C62706D6E64693A42504D4E4C6162656C3E0A202020202020202020203C6F6D6764633A426F756E6473206865696768743D2231362E30222077696474683D22392E302220783D223636302E302220793D223131372E30223E3C2F6F6D6764633A426F756E64733E0A20202020202020203C2F62706D6E64693A42504D4E4C6162656C3E0A2020202020203C2F62706D6E64693A42504D4E456467653E0A2020202020203C62706D6E64693A42504D4E456467652062706D6E456C656D656E743D22666C6F773133222069643D2242504D4E456467655F666C6F773133223E0A20202020202020203C6F6D6764693A776179706F696E7420783D223635302E302220793D223339372E30223E3C2F6F6D6764693A776179706F696E743E0A20202020202020203C6F6D6764693A776179706F696E7420783D223634382E302220793D223235302E30223E3C2F6F6D6764693A776179706F696E743E0A20202020202020203C6F6D6764693A776179706F696E7420783D223431332E302220793D223235302E30223E3C2F6F6D6764693A776179706F696E743E0A20202020202020203C62706D6E64693A42504D4E4C6162656C3E0A202020202020202020203C6F6D6764633A426F756E6473206865696768743D2231362E30222077696474683D22392E302220783D223638322E302220793D223338332E30223E3C2F6F6D6764633A426F756E64733E0A20202020202020203C2F62706D6E64693A42504D4E4C6162656C3E0A2020202020203C2F62706D6E64693A42504D4E456467653E0A2020202020203C62706D6E64693A42504D4E456467652062706D6E456C656D656E743D22666C6F773135222069643D2242504D4E456467655F666C6F773135223E0A20202020202020203C6F6D6764693A776179706F696E7420783D223434322E302220793D2239362E30223E3C2F6F6D6764693A776179706F696E743E0A20202020202020203C6F6D6764693A776179706F696E7420783D223338302E302220793D2239362E30223E3C2F6F6D6764693A776179706F696E743E0A2020202020203C2F62706D6E64693A42504D4E456467653E0A2020202020203C62706D6E64693A42504D4E456467652062706D6E456C656D656E743D22666C6F773136222069643D2242504D4E456467655F666C6F773136223E0A20202020202020203C6F6D6764693A776179706F696E7420783D223334302E302220793D2239362E30223E3C2F6F6D6764693A776179706F696E743E0A20202020202020203C6F6D6764693A776179706F696E7420783D223234302E302220793D2239362E30223E3C2F6F6D6764693A776179706F696E743E0A20202020202020203C62706D6E64693A42504D4E4C6162656C3E0A202020202020202020203C6F6D6764633A426F756E6473206865696768743D2231362E30222077696474683D22392E302220783D223332312E302220793D2237372E30223E3C2F6F6D6764633A426F756E64733E0A20202020202020203C2F62706D6E64693A42504D4E4C6162656C3E0A2020202020203C2F62706D6E64693A42504D4E456467653E0A2020202020203C62706D6E64693A42504D4E456467652062706D6E456C656D656E743D22666C6F773138222069643D2242504D4E456467655F666C6F773138223E0A20202020202020203C6F6D6764693A776179706F696E7420783D223330382E302220793D223235302E30223E3C2F6F6D6764693A776179706F696E743E0A20202020202020203C6F6D6764693A776179706F696E7420783D223234322E302220793D223235302E30223E3C2F6F6D6764693A776179706F696E743E0A2020202020203C2F62706D6E64693A42504D4E456467653E0A2020202020203C62706D6E64693A42504D4E456467652062706D6E456C656D656E743D22666C6F773139222069643D2242504D4E456467655F666C6F773139223E0A20202020202020203C6F6D6764693A776179706F696E7420783D223232322E302220793D223237302E30223E3C2F6F6D6764693A776179706F696E743E0A20202020202020203C6F6D6764693A776179706F696E7420783D223232322E302220793D223339302E30223E3C2F6F6D6764693A776179706F696E743E0A20202020202020203C62706D6E64693A42504D4E4C6162656C3E0A202020202020202020203C6F6D6764633A426F756E6473206865696768743D2231362E30222077696474683D22392E302220783D223233322E302220793D223237302E30223E3C2F6F6D6764633A426F756E64733E0A20202020202020203C2F62706D6E64693A42504D4E4C6162656C3E0A2020202020203C2F62706D6E64693A42504D4E456467653E0A2020202020203C62706D6E64693A42504D4E456467652062706D6E456C656D656E743D22666C6F773230222069643D2242504D4E456467655F666C6F773230223E0A20202020202020203C6F6D6764693A776179706F696E7420783D223232322E302220793D223233302E30223E3C2F6F6D6764693A776179706F696E743E0A20202020202020203C6F6D6764693A776179706F696E7420783D223232322E302220793D223131342E30223E3C2F6F6D6764693A776179706F696E743E0A20202020202020203C62706D6E64693A42504D4E4C6162656C3E0A202020202020202020203C6F6D6764633A426F756E6473206865696768743D2231362E30222077696474683D22392E302220783D223233322E302220793D223231352E30223E3C2F6F6D6764633A426F756E64733E0A20202020202020203C2F62706D6E64693A42504D4E4C6162656C3E0A2020202020203C2F62706D6E64693A42504D4E456467653E0A2020202020203C62706D6E64693A42504D4E456467652062706D6E456C656D656E743D22666C6F773231222069643D2242504D4E456467655F666C6F773231223E0A20202020202020203C6F6D6764693A776179706F696E7420783D223336302E302220793D223131362E30223E3C2F6F6D6764693A776179706F696E743E0A20202020202020203C6F6D6764693A776179706F696E7420783D223336302E302220793D223232332E30223E3C2F6F6D6764693A776179706F696E743E0A20202020202020203C62706D6E64693A42504D4E4C6162656C3E0A202020202020202020203C6F6D6764633A426F756E6473206865696768743D2231362E30222077696474683D22392E302220783D223337302E302220793D223131362E30223E3C2F6F6D6764633A426F756E64733E0A20202020202020203C2F62706D6E64693A42504D4E4C6162656C3E0A2020202020203C2F62706D6E64693A42504D4E456467653E0A2020202020203C62706D6E64693A42504D4E456467652062706D6E456C656D656E743D22666C6F773232222069643D2242504D4E456467655F666C6F773232223E0A20202020202020203C6F6D6764693A776179706F696E7420783D223336302E302220793D223339372E30223E3C2F6F6D6764693A776179706F696E743E0A20202020202020203C6F6D6764693A776179706F696E7420783D223336302E302220793D223237382E30223E3C2F6F6D6764693A776179706F696E743E0A20202020202020203C62706D6E64693A42504D4E4C6162656C3E0A202020202020202020203C6F6D6764633A426F756E6473206865696768743D2231362E30222077696474683D22392E302220783D223337302E302220793D223339372E30223E3C2F6F6D6764633A426F756E64733E0A20202020202020203C2F62706D6E64693A42504D4E4C6162656C3E0A2020202020203C2F62706D6E64693A42504D4E456467653E0A2020202020203C62706D6E64693A42504D4E456467652062706D6E456C656D656E743D22666C6F773233222069643D2242504D4E456467655F666C6F773233223E0A20202020202020203C6F6D6764693A776179706F696E7420783D223830322E302220793D223339302E30223E3C2F6F6D6764693A776179706F696E743E0A20202020202020203C6F6D6764693A776179706F696E7420783D223830322E302220793D223237302E30223E3C2F6F6D6764693A776179706F696E743E0A2020202020203C2F62706D6E64693A42504D4E456467653E0A202020203C2F62706D6E64693A42504D4E506C616E653E0A20203C2F62706D6E64693A42504D4E4469616772616D3E0A3C2F646566696E6974696F6E733E, 0);
INSERT INTO `act_ge_bytearray` VALUES ('67527', 1, 'contract_purchase_exclusive.png', '67525', 0x89504E470D0A1A0A0000000D49484452000005720000023B0802000000CE20F4E500004A6349444154789CECDD7F6CDCF77D1F7E3A4E1CB64B100E6B637A706DB6C31726D22522E61412FC474DA758C4015B43AC41CCE50F854051C745D3D4188656DD906858E36AC39A495D6AB89DAD121DBCB1689412A8136B8DEDB289ED6AB623CB7194308ED430B59DD2B19DD0B3649F254AFA7C3FBA93CF27DEF178F7E17DEEF3BECFFBF1C01B1275BC1F9FE39BAFCFFBF57E8ABC1B4A0000000032192AFA00000000804125560000000032122B00000000198915000000808CC40A000000404662050000002023B10200000090915801000000C848AC000000006424560000000032122B00000000198915000000808CC40A000000404662050000002023B10200000090915801000000C848AC000000006424560000000032122B00000000198915000000808CC40A000000404662050000002023B10200000090915801000000C848AC000000006424560000000032122B00000000198915000000808CC40A000000404662050000002023B10200000090915801000000C848AC000000006424560000000032122B00000000198915000000808CC40A000000404662050000002023B10200000090915801000000C848AC000000006424560000000032122B00000000198915000000808CC40A000000404662050000002023B10200000090915801000000C848AC000000006424560000000032122B00000000198915000000808CC40A000000404662050000002023B10200000090915801000000C848AC000000006424560000000032122B00000000198915000000808CC40A000000404662050000002023B10200000090915801000000C848AC000000006424560000000032122B00000000198915000000808CC40A0019552A95F9F9F9999999C9C9C9B1B1B1A158A5CF3DFD0A4C4F4FCFCDCDADAEAE163D2D0000F4955801208B43870EA5DBE99999997BEEB9E7FE071E387EE2C499B5B53847FADCD3AFC0C1830777EDDA957E4DE6E6E68A9E1C6227F2AB11F901D01F620580EEA4DDF9ECECECCE9D3B9F79F699336B678CC6F1C28B2FECDAB52BFDE2ACACAC143D51444AE427F203A0CFC40A005D585D5D9D9898B8FBC05D67D64E1B1B8D7BBF78EFF6EDDB9797978B9E2EE222F213F9015008B1024017D24D4B355378DD683FEE7FE0CB37DEF8F3454F171111F989FC00288A5801A053870E1DDAB9F3836B672B4627E3377FEBDFDD7EFBEF143D69C442E427F203A0286205808E542A95B1B1B1679F5B5E3BFB9AD1C93879EA47DBB6BD6F6969A9E8A9A3FC447E223F000A245600E8C8DCDCDCECECECDAD957EBE3A6A97FD9E1EBB137DE2AAA71FBEDFF69F7EEDD454F1D2527F213F901502CB102D09DDA8BA245F85E65D3D3D307BFF0A76F660A1FDCF9F749F2BD73C977D6926F9E4E9E3C9D3C7EF2ECBE2F3CF897CFBDFCE899E4FF5692472BC943AF265F7E3DF9FD879EBAE5D68F17BEC32F647CEDC8E1898989A2A78E9213F96518223F007A48AC0074617575F5C61B6FBCFBC081C9C9C9D89285F1F1F163C79E583B7BAA36D20DC9C92439753E79F96CF2C333C9AB49F26FFFFDA787DEF28E1D1F9C7E6E2D79E674F2CCEBC97225397E36F9B3BF79B2BA7B3915E13879EAA5E1E1E1A2A76EF0441BDE6523F2CB30447E00F490588150542A958585853D7BF6A40DE2E41BA6A6A6D24BE6E6E6BC2156086A99C2E35F3B7266ED6CFA676CC9C2C8C8C88B2F3DB776F6646D0C0D0DBD7A2E397DEEC2A7CE9EBFF0E75F7CE9FFFCE37FF24FFFC3677EEF6C92BC723679792DF9E15A927E81BEFCD8D7ABB1C2C93847FADC8B9DB881137378978DC84FE40740B1747B146F6161617A7A7AD31F559D9898B8F3CE3B2B954AD1C71B90FD370C0DDDB0FFF82597DD774BF365BDD09829D4466CC94275FBF14A7DA4FF3C753679E9B5E4CCB98B5748BF14FFED737FF83BFFF573CF7CFF420AB6763E39538D1B1EF9DA93EB6E1BD5188858A19FA5D45EE4E15D36223F911F00C5B2A250A4C5C5C51D3B7674F81BB0356363630B0B0B451F7838D6EF7C8EA7DBA31C7642CD994284C94275FBF1FFEAE342AC702E79E1D5E4F993C95A929C397D7AFCBAEB86862E1F1A1AFEF0BFD9D578C3C78F3CB1EEB6518D01D9BAF4A994DA13DE6523F22B71E407C040B0A2508C4AA5323B3BDBFCF308BFF99BBF75F0E017EE7FE0C1FAF8D4A73EBD73E7CE75D79C9E9ED6675F74613774CB7DB58FF3D9096D9429C4B6EDA96E3F5EAE8FDAFF88A65B97EFBF92FCE0F5E4F1637F7BE595575EFED62B7EEC5D3F31F3D14B6285C7BE7664DD6DA31A03B375C9BF94DA13DE6526F22B75E407C000B0A25080959595753FA4F0C94FFEC6F113275AEE5A6BE385175FFA833BEE181D1D6DFCB185A3478F16FD5482F0C66E28979D50FB4C21AA6D4F75FBB15A1FE93F5F3B9FFCB07261EBF2C2EBC9038F2DBD77DBF53FF193EF7ED7C83FFCC33FF9B3D793E4E4E9E4D5D3176EF8D0E1C7D6DD36AA31405B975C4BA93DE1DD5688FC4A1EF901103C2B0AFDB6BCBC3C3636564F07A6A6A6DA070AEBC2854F7DEAD3F5DB0E0F0F1F3E7CB8E8271482EACF6FDFD0FB9D502799423CDB9EF45BEEECD91FD547AD237FEDFC85DFD3FED1997403B3F6C853CBDBFED9FB6FFAE7FFE207A793E72BC90F2AC94BA793D349F2D0A38FADBB6D5463A0B62E7995527BC2BB2D12F9953EF20320705614FAAA52A934FE9CC2676EBFBDC340A171DC73CFFF1A1E1EAEFFCC823789B820875797EB3C538864DBB32E1A98BCE9C6AF7FEB3B8F3FB574F8E8D2C347961E7EE2E947BE7EE2AF1EFDE6DF3CF5DDAF1C79FAAB47BEFDF013DF3EFCE4D34F7DE7EFEEF8A3031FB9F923856FEFC50A1DE9FB0B350AEFB64EE417456D0210302B0A7D35333353CF140E1EFC42864CA1DE5E8F8C8CD4EE27EDB38B7E5A01B8F053DB6FFC5A782F749B29C4B0EDA96E3F7ED8387EEDD73E3ED4815FFAF087D7DD30AA31605B975E97527BC2BB9E10F989150028961585FE595858D8E2CF29348E7BBFF8A5FABDEDDBB7AFE82757B49EEE85B2650AA5DFF654B72E2F19DD8E01DBBAF4315610DEF58AC82F8AC80F80805951E89F8989895A27373535B5C54CA136EAAFB3303A3A5AA9548A7E7E85EADD5EA879AB73EF17BF74DD75E31BBD04C60B2FBEB46DDBB6BB0F1C28FDB6E7C2D6E5DC8B46B763C0B62EFD8A1584773D24F28B22F20320605614FA647E7EBE16010C0F0F3FF3EC733D89155E3979AAFEDE10B7DD765BD14FB1503DDA0BB5CC146AAF6471EDB563CDC9422D53A84D41E993856AACF082D1ED18B0AD4B5F6205E15D6F89FCA288FC00089815853E493BE0DAE6F3939FFC8D9E640AB591F6D9B5BB1D191929FA290EBC369942CDBA64A13153882159A86E5D7E60743B6C5DD611DEF59CC82F8AC80F80805951E887B4F1ADEF3C7BF5A30AF59136E2B57B5E5C5C2CFA890EB0E6AD4EE30F8334270BCD9942F38FA2946CDB53DDBA3C6F743B6C5D1A09EFF220F213F901502C2B0AFD303737576B88D30EB8B799423A6EB9E5E24B73EDDEBDBBE5A3CFCFCF2F2F2FF7F7190F988D7ECDBBF11D371AB73D479E78A265A6906E909AEFA1936DCF40CC5175EBB292DF68BEFF0E1F712B57CBFB49D51EA2E5D7732026BDB784773911F989FC00289615857EB8F5D65B6B0DF1D6DF00A279DCFFC083B53BDFB16347E383A67DF6473FFAD1DAA7AEBAEAAAD836309D6BFFD2712D93852BAEB8A2934C61D36DCF60CD514E3BF0A1CE64BEFED6638BDEC60A8335E93D24BCCB4F7EB5D993EBF4B3DCB6529B00909915857E989A9AAAF5C41BED3CB7328E9F3851BBF3B1B1B1FA23DE79E79DF59F2B4E3F181D1D5D595929F02B10AC4E5E8EBEE5B667D3ADCEA6DB9E819BA3EAAEE0EFF31BCDF7DFE12366BB5ADE4FA7F181EA5FC3819BF45E11DEE56AEB3BF60E93B8E62BB4B4E943747893368F22560020285614FAA1FED692D9DE4D6DD351EFB4D2C75A5A5AFA999FF999C6F66BC78E1D8D8903759DBFC55D9B6461D34CA179DB33A073941EE7B973DFCF696CB43FD9E841BBBD7EED262D3FCE7B284CE15DDE867A919135DF49FBBBAD7D553BBC49FDF24E6ED238EF2D6FDB93E7BB2EF20380ADB0A2D00FF55F1EDEE8EDD3B638EAF75F7FBF093A916E75EE7FE0C10EBFC87FB5F8D7975F7EF9BA7BB8ECB2CB0E1CF8E30EEF217DACC9AA229E6B6F9C3BF75C1F46270FD4789D8D3EDEE8267D7B22F5871BE849DF22E15D1F0CF534266B39051B8574439DA5752DAFDFED4D36BA932D467E00B0755614FA617C7CBCD6997DE3D8B13C6285FA7FC7A58FB5BCBCFC0BBFF00B3FF5533F556F07DFF9CE774E4C4C14FD3508D1D1A347D30DCF0B2FBEB4E957B8E54BC7D5B47C4BBC96F7906E78D2474C06768EAAADFCB33D1FEDB6A497EC6A3ABD559B07CAE3F83B7982C9C04EFAD609EFFA238F20AFC3BBDDF418363ACEDA3F377DF49E3FDFC68728BA3E0028092B0AFD50EF713B6FAF3B1FE97EB576E7232323F5473C74E8D0B5D75E7BF5D557D73EF5F6B7BFBD52A914F815085627C9429B4CA166D364A13153A81BB839AAB6F2CFE4341AEF7CA38F3BB96DCBCF76B62BCBF1A9D5BF860337E95B27BCEB83A12D47662DEF61D3BB7DA3765AFFB3FD1D6EF471F3856D3EE849E407005B6745A11F6667676BFDD61FDC7147CF63856F1C3B56BBF3751D73BA5DD9B367CF35D75C935E9EFEB96E4F4B5DFB6D4FCBADCE65975DD6F9B6A765A650335873546DE5FF2EA7D176C3DF83EBD76EB2EE83FE8C755B97C19AF49E10DEE56D289F5C6CA3BB6DA8B52E3E3BD4362E5CF7D9C63BA97FAAF9831E467E00B0155614FA61EFDEBDB50E69D7AE8FF53C56F8CCEDB7D7EE7C6666A6F9A1979797E7E6E6161616FAFFAC07C846DB9E965B9DE1E1E1DFFFEF9F6BF99678CDDB9E369942DDA0CC51AEBBF1C63BDFE8E36E6F9BED6A79C70A358332E9BD22BCCB554FBE9F6B77D23AD4B9B8C3DFBCB27A587D430D3960E707B3F5DA04800CAC28F4C3D2D252AD134AF7A2AF9C3CD5DB58216DD66B779EEE528A7EA203AC79DBB351A6507BE9B8962F2FB76EDBD349A63040AAADFCF7721A6D37339D5EB3CDAD6A376CF3CF5C9F5AD1531704E15D7E867A172B74B8F9DFACFADA5DB9E5CD3B492B7AF234C50A00E4C18A429F8C8D8DD59AA78307BFD0C34C21EDB0EB6D59CBF76CA773CDDB9E5DBB3EB66EABD3F872F4CDC9C2CE9D3BEBB151C93285A4B67539BFDC87D1ED03355EBFCD6D9B3FD59F6764EB5227BCCBC9D09633B2E67BE8FC3E87B610D8B5B9F2560E49E407409F5951E893DDBB77D77AE2B487EEE10F2CFCE2873E54BBDBE9E9E9A29F6219B449165ABEC55DE3B6A7DC9942723156F86E1EA3F9BF2ED7E9EA266D1EA5FEE7BA0B731DB62E8D84777918DA7240B6EE1E863A8BEAB69ED6B5B9F21BE5BCBC41998BFC00088815853E595D5D1D1D1DADF5439FB9FDF69E640A0F3DFC48BDC7D258F74ACB6D4FCB4CA171DB13C356A7DACAFF6D1F46B70FD4E1F5DFD88D747A790F9F4ED1531716E15DCF6D311DDB346BDBE8FE378AFCDA07889DDC43B7F72CF203A0585614FA67DFBE7DF5D679EBEF3479FCC4897A4E71EBADB716FDE44AA579DB936E6CDACCC5378E1D8B61AB53EDE94FF47CB4FCAFC856FF39D9EEB61D3E501EC7DFC9E3163D75C111DEF5D61673B1C69BB7ADC18EE2BC96D76C13EAE517388AFC00E81B2B0A7DB563C78E5A77353A3ADAC9DBB06F34D2DEBAFE0BC9E95DADACAC14FDCCCAA693B7C46B1EE5DEEA547BFAE346B7C3D6A525E15D0FF521325BF7102D1FB1C38C2F5B74D8E1F5457E0014C28A425F2D2F2FD77F9A777474B47D1BBDD178E6D9E7EA99C2F0F0F0E2E262D14FAB9CBA4D164ABFD5A9F6F1DF31BA1DB62E1B11DEF58AC84FE40740B1AC28F4DBE2E262FD3F5B868787FFE08E3BBA6AA91F7AF891FAEF3EA4F6EDDB57F4132AB3CEB73D316C75C40A62859E13DEF584DA549B0014CB8A42011616161A5FDB7CDBB66D1BFD46F1BA1F52F8C8CD3737FE08A84CA10F3AD9F644B2D549BFE5CE9F7FDAE876D8BAB427BCDB3AB18258018062595128C6D2D2D2F8F8786346B06DDBB64F7DEAD3DF3876AC394DF8833BEED8B97367E395474646FCEE43DFB4DFF6C4B3D5A9C60ADF36BA1DB62E9B12DE6D91C84FE40740B1AC281466757575CF9E3DC3C3C32D5F8C6AFBF6ED1B7D6A6666C66B34F6D946DB9EA8B63AD5ADCB92D1EDB075E984F06E2B447E223F008A6545A1602B2B2BB3B3B32DE3836669637DF8F0E1A20F3952CDDB9ED8B63AD5ADCBB78C6E87AD4B8784779989FC447E0014CB8A42102A95CAFCFCFCECECECC4C4C4BA28616C6C6C7A7AFACE3BEFF4130A856BDCF644B8D5191E1E7EEDB527CE9FFFA6D1D5B075E99CF02E1B919FC80F8062595108D4ECEC6CD187400BB56DCFF1132722DCEA8C8D8D7DF7BB7F79FEFC31A3AB61EBD295C8C3BB6C447E223F008A654521448F3EFA68DAEEACAEAE167D20B4906E72D20D76845B9DA9A9A9FB0EDD793EF986D1F9F8D6D25F8C8F8F173D750326E6F02E1B919FC80F8062595108D135D75C93B63B9FF8C4278A3E105A8BF36749F6EEDDBB7BF72F17BE511FACF1C7739F89F3BB658BA20DEFB211F96518223F007A48AC4070F6EFDF5F7B5585ABAEBA4A571DA638FF8F6B7979797CFCA75FAB3C7E3E79CAE8704C4F7F606161A1E8A91B48E298CE89FC320C911F003D14E3DE8090ADAEAED6DF57F28A2BAEB8FEFAEB8B3E225A88335648EDB9E0D6F3C9D78D4EC6FF9EFF2F333353454FDAA08AB6CA3210F989FC002896AE85B04C4F4F37BE0DC435D75C33373757F441B15EB41B9E4AA53239F9FEC387FF67923C69B41F2B2B0FA43BBDD5D5878A9EB441156D956523F213F90150205D0B01595D5D1D6A72F5D557A77BB9A20F8D4B6CB2E139BEFF86A1A11BF61FBFF4925BEECBFBB0FA6269696962E2BAA5A58524396A6C3456561E989C7CFFE2E25D454FD700132B7445E427F203A040BA160272D75D77D5A284F7BEF7BDF558E13DEF79CFE2E262D187C6253A8915861A738412C50AA9C3870F4F4C5CB777EFAF27C91346F35858F8ECF8F8D8E2E2FF287AA2065BCCE15D36223F911F0045112B1090AF7EF5ABEF78C73BC6C6C6464646D2967AB4EADDEF7EB75821341D6C786ED9BFFF8637F73CA5DBF0542A95DDBB672727AF9F9BFB8F2B2B5F4E9223C6EAEA5FCFCFFFEECCCCCEE9E9C9F4E3A2A768E0451EDE6523F213F9015008B10261397AF4E8F2F272F2464B9D7EECCD2002D449AC70DF85BFDED8E49474C3B3B8B8383BFBAF4647FF51F32FEF446864E49D33331F9C9FFFDDA2A7A52486A20FEFB211F989FC00E83FB10281DAA4A5A6509D6C782E6C6FEEBBE5E236C78607BAD45995953FBCCB46E4D748E40740DEECDC08D4905821609BCCCE9BDB9BE317FF33D58607BAD4699509EFC2363B3B5BF4210040EEECDC08945821641DC70AC9C5FF4CB5E1812E09EF4AE0D1471F4DE7717575B5E80301807CD9B91128B142C8BA88156AFF99BADF8607BA23BC2B816BAEB9269DC74F7CE213451F0800E4CBCE8D40891542D655ACD0E225EB81CD08EF06DDFEFDFB6B2F6D70D5555779ED6100CACDCE8D40891542D65DAC703158B0E1812E08EF06DAEAEAEAF0F0702D56B8E28A2BAEBFFEFAA28F08007264E746A0C40A21333B9037E1DD409B9E9E6E7C2F866BAEB9666E6EAEE8830280BCD81B10281BD790991DC89B2A1B5CABABABCDEFF278F5D557572A95A20F0D0072A16B21505AEA90991DC89B2A1B5C77DD75572D4A78EF7BDF5B8F15DEF39EF72C2E2E167D6800900B5D0B81D25287CCEC40DE54D9E0FAEA57BFFA8E77BC636C6C6C6464249DC7D1AA77BFFBDD620500CA4AD742A0B4D421333B90375536D08E1E3DBABCBC9CBC318FE9C7DE0C028012D3B510282D75C8CC0EE44D95958379042006563B02A5150B99D981BCA9B272308F00C4C06A47A0B46221333B903755560EE611801858ED0894562C646607F2A6CACAC13C021003AB1D81D28A85CCEC40DE5459399847006260B523505AB190991DC89B2A2B07F308400CAC76044A2B1632B303795365E5601E018881D58E4069C5426676206FAAAC1CCC230031B0DA1128AD58C8CC0EE44D95958379042006563B02A5150B99D981BCA9B272308F00C4C06A47A0B46221333B903755560EE611801858ED0894562C646607F2A6CACAC13C021003AB1D81D28A85CCEC40DE5459399847006260B523505AB190991DC89B2A2B07F308400CAC76044A2B1632B303795365E5601E018881D58E4069C5426676206FAAAC1CCC230031B0DA1128AD58C8CC0EE44D95958379042006563B02A5150B99D981BCA9B272308F00C4C06A47A0B46221333B903755560EE611801858ED0894562C646607F2A6CACAC13C021003AB1D81D28A85CCEC40DE5459399847006260B523505AB190991DC89B2A2B07F308400CAC76044A2B1632B303795365E5601E018881D58E4069C5426676206FAAAC1CCC230031B0DA1128AD58C8CC0EE44D95958379042006563B02A5150B99D981BCA9B272308F00C4C06A47A0B46221333B903755560EE611801858ED0894562C646607F2A6CACAC13C021003AB1D81D28A85CCEC40DE5459399847006260B523505AB190991DC89B2A2B07F308400CAC76044A2B1632B303795365E5601E018881D58E4069C5426676206FAAAC1CCC230031B0DA1128AD58C8CC0EE44D95958379042006563B02A5150B99D981BCA9B272308F00C4C06A47A0B46221333B903755560EE611801858ED0894562C646607F2A6CACAC13C021003AB1D81D28A85CCEC40DE5459399847006260B523505AB190991DC89B2A2B07F308400CAC76044A2B1632B303795365E5601E018881D58E4069C5426676206FAAAC1CCC230031B0DA1128AD58C8CC0EE44D95958379042006563B02A5150B99D981BCA9B272308F00C4C06A47A0B46221333B903755560EE611801858ED0894562C646607F2A6CACAC13C021003AB1D81D28A85CCEC40DE5459399847006260B523505AB190991DC89B2A2B07F308400CAC76044A2B1632B303795365E5601E018881D58E4069C5426676206FAAAC1CCC230031B0DA1128AD58C8CC0EE44D95958379042006563B02A5150B99D981BCA9B272308F00C4C06A47A0B46221333B903755560EE611801858ED0894562C646607F2A6CACAC13C021003AB1D81D28A85CCEC40DE5459399847006260B523505AB190991DC89B2A2B07F308400CAC76044A2B1632B303795365E5601E018881D58E4069C5426676206FAAAC1CCC230031B0DA1128AD58C8CC0EE44D95958379042006563B02A5150B99D981BCA9B272308F00C4C06A47A0B46221333B903755560EE611801858ED0894562C646607F2A6CACAC13C021003AB1D81D28A85CCEC40DE5459399847006260B523505AB190991DC89B2A2B07F308400CAC76044A2B1632B303795365E5601E018881D58E4069C5426676206FAAAC1CCC230031B0DA1128AD58C8CC0EE44D95958379042006563B02A5150B99D981BCA9B272308F00C4C06A47A0B46221333B903755560EE611801858ED0894562C646607F2A6CACAC13C021003AB1D81D28A85CCEC40DE5459399847006260B523505AB190991DC89B2A2B07F308400CAC76044A2B1632B303795365E5601E018881D58E4069C5426676206FAAAC1CCC230031B0DA1128AD58C8CC0EE44D95958379042006563B02A5150B99D981BCA9B272308F00C4C06A47A0B46221333B903755560EE611801858ED0894562C646607F2A6CACAC13C021003AB1D81D28A85CCEC40DE5459399847006260B523505AB190991DC89B2A2B07F308400CAC76044A2B1632B303795365E5601E018881D58E4069C542333F3F9F4ECAF0F0F0C4C444FAC1E8E868FAE78FFFF88F2F2D2D157D685042CE81E5601E018881D58E4069C542F3E77FFEE7434D6EBAE9A6858585A20F0D4AC839B01CCC230031B0DA1128AD58682A95CADBDFFEF6C64CE17DEF7BDFE8E8E8EAEA6AD1870625E41C580EE611801858ED08D426ADD8F1FD370C0DDDB0FFF8A597DC725FDE8715B7DFFEEDDF7EEB5BDF5A8F157EF5577F75F7EEDD451F149493ED68399847006260B523509DC40A438D398258A12FAEBCF2CA5AA670F3CD378F8D8D552A95A28F08CAC976B41CCC230031B0DA11A80E62855BF6EFBFE1CD1F58102BF4C557BEF295B7BDED6DE9EC4C4D4D795505C88FED68399847006260B523509DC40AF75DF8EB8D2841ACD02F1FF8C0076AB142D1070265663B5A0EE611801858ED085467B14292DC77CBC53041ACD02F2B2B2BE9EC785F49C895ED68399847006260B523509DC60A173EAAFE268458A18F34CA903755560EE611801858ED0854C7B14272F137212288152A95CAFCFCFCCCCCCCE4E4E4D8D8D850ACD2E79E7E05A6A7A7E7E6E6BCBD256535643B5A0AE611801858ED08D426ADD8A521C285DF84D85FF258E1D0A143E9767A6666E69E7BEEB9FF81078E9F3871666D2DCE913EF7F42B70F0E0C15DBB76A55F93B9B9B9A227077ACF76B41CCC230031B0DA11A8AE628516EF375922ABABABB3B3B33B77EE7CE6D967CEAC9D311AC70B2FBEB06BD7AEF48BB3B2B252F444412FD98E968379042006563B02D55DAC7031582861ACB0BABA3A313171F781BBCEAC9D36361AF77EF1DEEDDBB72F2F2F173D5DD033B6A3E5601E018881D58E4069C56A666767AB99C2EB46FB71FF035FBEF1C69F2F7ABAA0679C03CBC13C021003AB1D81D28A25D5D753D8B9F3836B672B4627E3377FEBDFDD7EFBEF143D69D01BCE81E5601E018881D58E4069C52A95CAD8D8D8B3CF2DAF9D7DCDE8649C3CF5A36DDBDEB7B4B454F4D4410F3807968379042006563B02A5159B9B9B9B9D9D5D3BFB6A7DDC34F52F3B7C0BC6C65B45356EBFFD3FEDDEBDBBE8A9831E700E2C07F308400CAC7684A8F6DE07E99F451F4891A6A7A70F7EE14FDFCC143EB8F3EF93E47BE792EFAC25DF3C9D3C793A79FCE4D97D5F78F02F9F7BF9D133C9FFAD248F5692875E4DBEFC7AF2FB0F3D75CBAD1F2F7C875FC8F8DA91C3131313454F1DF480ED680958CB008884AE85E0A41DD88D37DE78F78103939393317763E3E3E3C78E3DB176F6546DA47B8C934972EA7CF2F2D9E48767925793E4DFFEFB4F0FBDE51D3B3E38FDDC5AF2CCE9E499D793E54A72FC6CF2677FF364F507164E45384E9E7A697878B8E8A9831E102BF449F56D846ED87FFCD24B7AF0BE429DAC654D8F9DBAEF96E6CB00206CBA16C252EBC31EFFDA91336B67D33F634E164646465E7CE9B9B5B3276B23DD63BC7A2E397DEEC2A7CE9EBFF0E75F7CE9FFFCE37FF24FFFC3677EEF6C92BC723679792DF9E15A927EB1BEFCD8D7ABB1C2C93887CD18E5E03BB94FAAB1C225EF4FDC8B58A1E3B56C7D8870E1C1850A000C1A5D0B0169ECC36A23E664A11A0DBC521FE93F4F9D4D5E7A2D3973EEE215D22FCB7FFBDC1FFECE7FFDDC33DF5F49FFB9763E39538D1B1EF9DA93EB6E1BD5B019A31C7C27F7493544D8BFFF8637F7F25B8E15BA5BCB2E040B6F3C9C500180C1A46B2114CD7D58E4C942351AF87FF57121563897BCF06AF2FCC9642D49CE9C3E3D7EDD754343970F0D0D7FF8DFEC6ABCE1E3479E5877DBA886CD18E5E03BB94F2E8608E95F8D7BFBECB14286B5EC8D6041A800C0A0D2B510848DFAB09893856A34F0727DD47E09E2A5D792EFBF92FCE0F5E4F1637F7BE595575EFED62B7EEC5D3F31F3D14B6285C7BE7664DD6DA31A36639483EFE43EA98708E9E6BE16266C2156C8BA96557F15E206A10200834AD742F1DAF761D1260BD56860B53ED27FBE763EF961E5C24F2BBCF07AF2C0634BEFDD76FD4FFCE4BBDF35F20FFFF04FFEECF52439793A79F5F4851B3E74F8B175B78D6AD88C51022B2B2BA3A3A3451F451CDE0C118E5FFC4D88ACB1C296D6322FD408C020D37F53B04EFAB0389385747B7CF6EC8FEAA3B65B7EEDFC859766FCD199E4FBAFAC3DF2D4F2B67FF6FE9BFEF9BFF8C1E9E4F94AF2834AF2D2E9E474923CF4E863EB6E1BD5102B5002CBCBCB636363451F451C1A4384DA6F42648A15B6BA96F5E8ED2700A010FA6F8AD4791F1661B2B02E1A98BCE9C6AF7FEB3B8F3FB574F8E8D2C347961E7EE2E947BE7EE2AF1EFDE6DF3CF5DDAF1C79FAAB47BEFDF013DF3EFCE4D34F7DE7EFEEF8A3031FB9F923856FEFC50A90D9A14387A6A6A68A3E8A385CBA9FBFF09B10FBBBDEE1F7602D132B0030C8F4DF14A6DB3E2CB664A11A2BFCB071FCDAAF7D7CA803BFF4E10FAFBB615443AC4009ECA92AFA28E2B06E3FDFFC7E939BE9CD5A2656006090E9BF2946B63E2CAA64A11A2BBC64743BC40A94C0D4D4D4A143878A3E8A3834EDE7ABC142A73BFC9EAD656205000699FE9B0234F761F77EF14BD75D377EFCC48996BDD70B2FBEB46DDBB6BB0F1C882A59B8102B9C7BD1E876881518742B2B2B636363954AA5E8036113D63200A8D17FD36F2DFBB0E1E1E1743778EDB563CDDD58AD0FABFD787F54DD58355678C1E87688151874FBF6EDBBEDB6DB8A3E0A36612D03803AFD377DD5A60FAB59D78D35F661B17563D558E10746B743ACC040AB542A6363632B2B2B451F08ED58CB00A091FE9BFE69EEC35E39796A747474DD2B0ED6BBB1E63E2C95F66DCF3CFB5C0CDD58355678DEE87688151868B3B3B3737373451F05ED58CB00601DFD377DB2D1EB5AA5978C8C8C347763479E78A2651F76EF17BF94ED151CE7E7E7979797FBF25C7BA31A2BACF473647BC475B7EAFF61371F4FCBAFE7D4D4D4E73FFFF93E4F227465DFBE7DB7DE7A6BD147413B85AF65001020B102FDD0FEB5B25B7663575C7145277DD8A6DD587AE1473FFAD1DA3D5C75D55503942C14B23FAF3FE8D0061AAFD9F2B3A1C50A4F3DF5D43FF807FFA07E849205C254A954666767650A812B702D0380908915C85D27EFBFD5B21BEBB00F6BD38DDD79E79DF55F764D3F181D1D1DA0DF58AEEECFFFBECFA3FEA0CD1FACFB78A30B9B8286029E42FD6BF8733FF773EB8EE7C1071F2C704EA1597AD6DAB76FDFD8D898DF7D085C816B1900044EAC40BE3A7F4FEF36DDD8A67D587337B6B4B4F4333FF3338D77B263C78EB4712FFAEBD185F498CF9DFB7E51A3FEE88D87B1EE90D64D53FB2BF7F3C8D3AFDE1FFDD11F5D76D9658D8777F9E597A797143DAB70D1E2E2E2DEBD7BA7A7A7D3F3D26DB7DD364089679C8A5ACB0060208815C857DA87DDFFC0839B7651B5F1578B7F9DEEFDD6F561E956F0C0813FEEF01ED2C79AAC6AF39F4503E4DCB9E7FA36D63D68ED837507B3EE901A2F5C779D3E1FFCBAA37AEB5BDFDA9F09022251C85A56F4020E009D122B90AFA3478FA6DDD80B2FBEB46917D5F2B5B26B5ABE0778CB7B48FBB0F411D3C75D5E5EFE855FF8859FFAA99FAADFC93BDFF9CE898989A2BF1E5D18BAB0337FB6CFA3FEA0CD1FACFBB8F6CF461B5DADFF4F21FDEA7DFEF39F7FDBDBDEB6EE08DFF296B7143DAB442A3D232DBE61CF9E3D535353232323E9F96A6161A1E843A32345AD65003010C40AE4AE936EAC4D1FD66137D6B20F3B74E8D0B5D75E7BF5D557D7EEE4ED6F7F7BA55229EAEBD0ADEAE6FC993E8FFA836E3411CDD75F7779EDE3420EBE7E00F5AFE1AE5DBBD61DFFF3CF3F5FE09C42A3C5C5C5E9E9E9898989A5A5A5A28F85CD15B8960140E0C40AF443FB6EAC651FB6EE17E3DB77636DFAB04AA5B267CF9E6BAEB926EDDDD33F07A857ABEECCFFAECFA3FEA02D1F7DDD85B57F36FF59FF6C514FA1F1CBF8FCF3CF5F7BEDB543D51F5548BFA9FEF37FFECF454D28B4949E94D2B3D3FCFC7CD107C2E60A5CCB0020646205FA64A36EAC651F363C3CFCFBFFFD732DDF03BCB91BEBA40F5B5E5E9E9B9B1BAC9F370E215668FCE237A7066D028802C7BA58A1E6F39FFFFCCFFFFCCFFFEB7FFDAFFB3F8FB0A94AA5323333E39D200642B16B19008449AC40FF3477631BF561B5D7CA6EF97ADAEBBAB112F761D5EDFAF7FA3C6A0FFA468EF0BDFA31ACFB67FDC2F6FA7FFCB5A32A7AEAA06B954A253D951D3E7CB8E8036173D632005847FF4D5F357763BB767DAC651F561BCDDDD8CE9D3B5F39792A863EECC2B6FCFC729FC7C538A0FA41FDCFE67F6E74DBFE1F70CBC3287AEA208BE5E5E5F1F1F1017AFD979859CB00A091FE9B7E6BD38DB57C4FEFC66E2CAA3EACBA4BFF6E9F47FD416B1F5CF2A3070D9FDDE826EBAE5FC8102B30B86EBBEDB67DFBF6157D1474C45A060075FA6F0AD0B21B6BD987357663B1F561D59DF9DF16355A3E7AFB0B8B3DE0C6E3297AEA20A3A5A5A5F1F1F1A28F824E59CB00A046FF4D319ABBB1B4DF6AD987D5C6378E1D8BAD0FABEED24F14329A1FBAE16710D65FD25E21075FF4D441763B76ECF00A0B03C45A06008958810275F21EE0CD239E3EACBA273F6E743BC40A0C34BF073170AC6500A0FFA648DD766351F561D558E13B46B743ACC0405B5858989E9E2EFA28E88EB50C80C8E9BF2958E7DD586C7D985841AC4084BCBCC280B296011033FD37C5EBA41B8BB00F4BB7C7E7CF3F6D743BC40A0CB4E5E5E5B1B1B1A28F822CAC6500444BFF4D10DA776371F661D558E1DB46B743ACC0A0F33D3CB8AC6500C449EF422836EAC6A2EDC3AAB1C292D1EDB02563D00D0F0F572A95A28F828CAC65004448FF4D409ABBB198FBB06AACF02DA3DB215660D08D8D8D2D2F2F177D1464672D032036FA6FC2D2D88D45DE870D0F0FBFF6DA13E7CF7FD3E86A88151874628512B096011015FD37C1A97563C74F9C88BC0F4BB716DFFDEE5F9E3F7FCCE86A88151874628572B09601100FFD37214A3BB0B4B18EBC0F9B9A9ABAEFD09DE7936F189D8F6F2DFD8537E763D089154AC35A064024C40A046A7676B6E84328D8DEBD7B77EFFEE5C237EA8335FE78EE33BE7318746285327146022006620502E547D9D37DC5F8F84FBF5679FC7CF294D1E1989EFEC0C2C242D153075B2256288D471F7D345DCB5657578B3E1000C857EC3B3782255648EDB9E0D6F3C9D78D4EC6FF9EFF2F333353454F1A6C9558A134AEB9E69A742DFBC4273E51F4810040BEECDC0894582155A9542627DF7FF8F0FF4C92278DF66365E581F1F19F5E5D7DA8E84983AD122B94C3FEFDFB87AAAEBAEA2A2FAF0040B9D9B911A8F6B1C2FE1B86866ED87FFC92CBEEBBA5F9B2C1B7B4B4343171DDD2D242921C35361A2B2B0F4C4EBE7F71F1AEA2A70B7A607272727171B1E8A3604B5657578787876BB1C215575C71FDF5D7177D44009023B10281DAECA715D68708C7F7DF50C250A1EAF0E1C31313D7EDDDFBEB49F284D13C16163E3B3E3EB6B8F83F8A9E28E80DB142094C4F4F0F35B8E69A6BE6E6E68A3E2800C88B5881406DFE4B101782855BEEAB7D5CE250A1AA52A9ECDE3D3B3979FDDCDC7F5C59F972921C315657FF7A7EFE776766764E4F4FA61F173D45D033628541B7BABA3AD4E4EAABAF4ECFE4451F1A00E442AC40A03A796D85378285B2870A6F48771AB3B3FF6A74F41F3537AC111A1979E7CCCC07E7E77FB7E869811E132B0CBABBEEBAAB769A7AEF7BDF5B3F65BDE73DEF31AD0094955881400D75F4928DD55F85B8218E502124DE891DF2235618745FFDEA57DFF18E778C8D8D8D8C8CA46BD968D5BBDFFD6ED30A40598915085467B142595FA83168DE891D7225562881A3478FD6DECEA3B696A51F7B3308004A4CAC40A03A8D152EFC02C41BAFB0405F782776C89558A14C3A5DCB00609059ED089458214CDE891DF226562813B1020031B0DA1128B14280BC133BF4C1CCCCCCFCFC7CD147416F8815008881D58E40891502E49DD8A10F6667675556698815008881D58E4069C542E39DD8A13FC40A65622D032006563B02A5150B8D776287FE102B9489B50C801858ED0894562C34DE891DFA43AC5026D632006260B523505AB100792776E803B1429958CB008881D58E4069C5426676203F62853271B6042006563B02A5150B99D981FC8815CAC4D912801858ED0894562C646607F273DB6DB7EDDBB7AFE8A3A0379C2D018881D58E4069C5426676203F7BAA8A3E0A7AC3D912801858ED0894562C646607F223562813674B006260B523505AB190991DC88F58A14C9C2D018881D58E4069C5426676203F62853271B6042006563B02A5150B99D981FC8815CAC4D912801858ED0894562C646607F223562813674B006260B523505AB190991DC88F58A14C9C2D018881D58E4069C5426676203F62853271B6042006563B02A5150B99D981FCCCCDCDCDCECE167D14F486B3250031B0DA1128AD58C8CC0EE447AC5026CE9600C4C06A47A0B46221333B901FB14299385B021003AB1D81D28A85CCEC407EC40A65E26C09400CAC76044A2B1632B303F9112B9489B3250031B0DA1128AD58C8CC0EE447AC5026CE9600C4C06A47A0B46221333B901FB14299385B021003AB1D81D28A85CCEC407EC40A65E26C09400CAC76044A2B1632B303F93974E8D0D4D454D147416F385B021003AB1D81D28A85CCEC407E1617172727278B3E0A7AC3D912801858ED0894562C646607F223562813674B006260B523505AB190991DC88F58A14C9C2D018881D58E4069C5426676203F62853271B6042006563B02A5150B99D981FC8815CAC4D912801858ED0894562C646607F223562813674B006260B523505AB190991DC88F58A14C9C2D018881D58E4069C5426676203F478F1E9D989828FA28E80D674B006260B523505AB190991DC8CFF2F2F2D8D858D147416F385B021003AB1D81D28A85CCEC407EC40A65E26C09400CAC76044A2B1632B303F9112B9489B3250031B0DA1128AD58C8CC0EE447AC5026CE9600C4C06A47A0B46221333B901FB14299385B021003AB1D81D28A85CCEC407EC40A65E26C09400CAC76044A2B1632B303F9112B9489B3250031B0DA1128AD58C8CC0EE4676565657474B4E8A3A0379C2D018881D58E4069C542667620574AAC344C250031B0DA1128AD58C8CC0EE44A899586A9042006563B02A5150B99D9815C29B1D2309500C4C06A47A0B46221333B902B25561AA612801858ED0894562C64660772A5C44AC354021003AB1D81D28A85CCEC40AE945869984A006260B523505AB190991DC895122B0D5309400CAC76044A2B1632B303B95262A5612A018881D58E4069C54266762057A3A3A3451F02BDE16C09400CAC76044A2B1632B303B91A1B1B2BFA10E80D674B006260B523505AB190991DC89558A1349C2D018881D58E4069C542667620576285D270B6042006563B02A5150B99D9815C89154AC3D912801858ED0894562C646607722556280D674B006260B523505AB190991DC89558A1349C2D018881D58E4069C542667620576285D270B6042006563B02A5150B99D9815C4D4C4C147D08F486B3250031B0DA1128AD58C8CC0EE46A7272B2E843A0379C2D018881D58E4069C542667620576285D270B6042006563B02A5150B99D9815C89154AC3D912801858ED0894562C646607722556280D674B006260B523505AB190991DC89558A1349C2D018881D58E4069C542667620576285D270B6042006563B02A5150B99D9815C89154AC3D912801858ED0894562C6466077235353555F421D01BCE9600C4C06A47A0B46221333B90ABD9D9D9A20F81DE70B6042006563B02A5150B99D9815C89154AC3D912801858ED0894562C646607722556280D674B006260B523505AB190991DC89558A1349C2D018881D58E4069C542667620576285D270B6042006563B02A5150B99D9815C89154AC3D912801858ED0894562C646607722556280D674B006260B523505AB190991DC89558A1349C2D018881D58E4069C542667620577BF6EC29FA10E80D674B006260B523505AB190991DC89558A1349C2D018881D58E4069C542667620576285D270B6042006563B02A5150B99D9815C89154AC3D912801858ED0894562C646607722556280D674B006260B523505AB190991DC89558A1349C2D018881D58E4069C542667620576285D270B6042006563B02A5150B99D9815C89154AC3D912801858ED0894562C64660772B56FDFBEA20F81DE70B6042006563B02A5150B99D9815CCDCDCD157D08F486B3250031B0DA1128AD58C8CC0EE44AAC501ACE9600C4C06A47A0B46221333B902BB14269385B021003AB1D81D28A85CCEC40AEC40AA5E16C09400CAC76044A2B1632B303B9122B9486B3250031B0DA1128AD58C8CC0EE44AAC501ACE9600C4C06A47A0B46221333B902BB14269385B021003AB1D81D28A85CCEC40AEE6E7E78B3E047AC3D912801858ED0894562C64660772B5B8B858F421D01BCE9600C4C06A47A0B46221333B902BB14269385B021003AB1D81D28A85CCEC40AEC40AA5E16C09400CAC76044A2B1632B303B9122B9486B3250031B0DA1128AD58C8CC0EE44AAC501ACE9600C4C06A47A0B46221333B902BB14269385B021003AB1D81D28A85CCEC40AEC40AA5E16C09400CAC7604647E7E3EEDC0868787272626D20F464747D33F7FFCC77F7C6969A9E843E3121A65C89558A1349C2D018881D58E80FCF99FFFF950939B6EBA696161A1E843E3121A65C8D5F2F272D187406F385B021003AB1D01A9542A6F7FFBDB1B3385F7BDEF7DA3A3A3ABABAB451F1A97D02843AEC40AA5E16C09400CAC7684E5B77FFBB7DFFAD6B7D663855FFDD55FDDBD7B77D107C57A1A65C89558A1349C2D018881D58EE05C79E595B54CE1E69B6F1E1B1BAB542A451F11EB69942157B9C70AC7F7DF303474C3FEE3975E72CB7DF93E6A8C9C2D018881D58EE07CE52B5F79DBDBDE96B6625353535E55214C1A65C8557F6285A1C61C41AC900F674B006260B523441FF8C0076AB142D107426B1A65C8555F62855BF6EFBFE1CD1F58102BE4C3D912801858ED08D1CACA4ADA8A795FC96069942157FD8915EEBBF0D71B518258211FCE9600C4C06A47A0B46221333B90AB7EC50A4972DF2D17C304B1423E9C2D018881D58E4B542A95F9F9F9999999C9C9C9B1B1B1A158A5CF3DFD0A4C4F4FCFCDCD797BCB66431AE52AF552A35E7A2EF797AA7D3344387EF13721CA152BA8CD1AB509407FD81BF0A643870EA52D48DA87DD73CF3DF73FF0C0F11327CEACADC539D2E79E7E050E1E3CB86BD7AEF46B923664454F4E5886C40AEA45BD0CB4C610A1F69B10258A15D4A6DA04A0CFEC0DB860757575767676E7CE9DCF3CFBCC99B53346E378E1C517D2862CFDE2ACACAC143D51A1883C56502FEA65E05D1A225CF84D88FD658815D4A6DA04A01051EF0DA849FBB0898989BB0FDC7566EDB4B1D1B8F78BF76EDFBE3DF75F781E1031C70AEA45BD94C1BA9F4D687EBFC901A436D526004589776F40DDECEC6CB50F7BDD683FEE7FE0CB37DEF8F3454F5710628E15D48B7A2983A65F79A8060B831D2BA84DB5094051E2DD1B5073E8D0A19D3B3FB876B66274327EF3B7FEDDEDB7FF4ED19356BC686305F5A25E0893DA549B001428D2BD0135954A656C6CECD9E796D7CEBE6674324E9EFAD1B66DEF5B5A5A2A7AEA0A1667ACA05ED40B61529B6A138062C5B837A06E6E6E6E767676EDECABF571D3D4BFECF06DAB1A6F15D5B8FDF6FFB47BF7EEA2A7AE6071C60AEA45BD1026B5A9360128568C7B03EAA6A7A70F7EE14FDFECC33EB8F3EF93E47BE792EFAC25DF3C9D3C793A79FCE4D97D5F78F02F9F7BF9D133C9FFAD248F5692875E4DBEFC7AF2FB0F3D75CBAD1F2FBC2B2A647CEDC8E1898989A2A7AE48B5D75A8FF02DD0D58B7AE99B68AB2C1BB5A93601289658216AE3E3E3C78E3DB176F6546D0C0D0D9D4C9253E79397CF263F3C93BC9A24FFF6DF7F7AE82DEFD8F1C1E9E7D692674E27CFBC9E2C5792E367933FFB9B27ABFFC9732AC271F2D44BC3C3C3454F5D61D27DCE8D37DE78F781039393931BEE79AA2FFE76C3FEE3975E32D8AF0697A817F5D22F1D55190DD4A6DA04A0586285ADAA542A0B0B0B7BF6EC999E9E9E7CC3D4D4547AC9FCFC7CE01DE1C8C8C88B2F3DB776F6646DA4DDD5ABE792D3E72E7CEAECF90B7FFEC597FECF3FFE27FFF43F7CE6F7CE26C92B679397D7921FAE25E953FAF2635FAFB66227E31C71FE0A40F2C66EE7F1AF1D39B37636FD73C33D4FF39BD5952256502FEAA50F3AAD321AA84DB50940B1AC28D92D2C2C4C4D4D0D0F0F4F4F4FEFD9B3E7E0C12FDCFFC083B571EF17BFF4A94F7D7A666626ED7576ECD831373757F4C1B6566DA75EA98FF49FA7CE262FBD969C3977F10A693BFBDF3EF787BFF35F3FF7CCF757D27FAE9D4FCE545BB447BEF6E4BADB4635E26CC51A773BB5B1E19EA71A22ECDF7FC39B3FB0508A5841BDA897BC75516534509B6A1380625951B2387AF468DAE74D4F4FDFFBC52FD59BBF8DC6430F3FB26BD7C72626261617178B3EF0F5AAEDD4FFAB8F0BADD8B9E4855793E74F266B4972E6F4E9F1EBAE1B1ABA7C6868F8C3FF6657E30D1F3FF2C4BADB4635226CC59A773BEDF63C174384F4AF37A284F2C40AEA45BDE4A5BB2AA381DA549B0014CB8AD2B5BD7BF74E4C4CDCFFC0839B060AEBFAC2B45FBCF5D65B2B954AD1CFE04DD576EAE5FAA8FDE0E84BAF25DF7F25F9C1EBC9E3C7FEF6CA2BAFBCFCAD57FCD8BB7E62E6A397B4628F7DEDC8BADB4635626BC536DAED6CB8E7A98708F7DD72314C284FACA05ED44B2EBAAE321AA84DB50940B1AC285DA8542A333333BB77EFEE2A50681C7F70C71D696BB8B2B252F453B9A8DA4EADD647FACFD7CE273FAC5CF81F9E175E4F1E786CE9BDDBAEFF899F7CF7BB46FEE11FFEC99FBD9E24274F27AF9EBE70C3870E3FB6EEB6518DA85AB1F6BB9DD67B9E374384E3177F13A23CB1827A512FBD97A5CA68A036D52600C5B2A274AA52A9ECD8B1637E7E3E73A650FF9D88F47E9697978B7E4217A42DC5D9B33FAA8F5A879176632FAF253F3A937CFF95B5479E5ADEF6CFDE7FD33FFF173F389D3C5F497E50495E3A9DA4CDD8438F3EB6EEB6518D785AB14E763B2DF63C8D2142ED3721CA122BA817F5D27319AB8C066A536D02502C2B4AA7666666B69E29D45BC31D3B7684F0DB10EBDAA9C99B6EFCFAB7BEF3F8534B878F2E3D7C64E9E1279E7EE4EB27FEEAD16FFECD53DFFDCA91A7BF7AE4DB0F3FF1EDC34F3EFDD477FEEE8E3F3AF0919B3F52784BA415CB55E7BB9DF57B9E4B43840BBF09B1BF84B1827A512F5B97BDCA68A036D52600C5B2A27464EFDEBD5BF9DD87E671F0E017A6A7A78B7E5AB556EC878DE3D77EEDE3431DF8A50F7F78DD0DA31A31B462DDEE762ED9F33CF1BB37AC7F77C94BDF6F7230A917F5D25B5BAA32C94203B5A936012896156573478F1E9D9898E861A6501BB7DCF2F13BEFBCB3D8A7566DC55E32BA1DA56FC5B2ED76EA7B9E9B76FC7F3F3734DB182254838572C40AC57FFB0DDC287DBD64B3C52A932C34529B6A13806259513637313191ADF36B3F9E79F6B96BAF1D2BF657212EB462E75E34BA1DE56EC59A773BF77EF14BD75D377EFCC48996DFC92FBCF8D2B66DDBEE3E70A0F47B1EF5A25E7A4595F596DA549B0014CB8AB289858585E9E9E99E670AB5F1C94FFEC6BE7DFB0A7C76D556EC05A3DB51E256ACE56E677878387DCAD75E3BD6BCE7A9ED766A3F4E5CFA3D8F7A512F3DA1CA7A4E6DAA4D008A6545D944DAB4DDFFC08339C50ACF3CFBDCE8E86881CFAEDA8AFDC0E87694B5156BB3DBA959B7E769DCEDC4B0E7512FEA65EB54591ED4A6DA04A058569476D25E6D646424A74CA136B66FDF7EF8F0E1A29E60B5157BDEE87694B2156BDEEDBC72F2D4E8E8E8BA5738ABEF799A773BA97477F4CCB3CF9575CFA35ED4CB16A9B29CA84DB50940B1AC28EDCCCDCDCDCECEE61A2B7CE6F6DB77EFDE9DEBB3989F9F5F5E5E6EF9A96A2BB6D2CF31B4999637E9F34176F22C729DB2DE6AF30D50B7D1ABC7A5978C8C8C34EF798E3CF144CBDDCEBD5FFC52F33D0CD69EA7FFF552BBDB4EEEBCDB03D8F4FAFDA9B8C1AA976C54591F14B596B5BFF3CE1FDA5A0640895951DAB9F5D65BEFBCF3CE5C6385FB1F78306D07F37B0A4F3FFD74AD197DE73BDF79F0E0C1759FED6D97D3495290A13F6BBCB09318A2FDF1C4D68AB5FF06A869FF8AF42DF73C575C714527BB9D81DBF3F4B35E9ABFC337BDFFAE0E60A8B3B4A2F90A3D7F9A03542FD9A8B23EC8B536DB2F136DEEBCE52AB3D1F587AC6500949715A59DA9A9A98D7AB85E8DE3274E5C7BED587E4FA152A9BCE52D6FA975216F7BDBDB7EF6677FB6F17F7BAAADC9DF671E97B638975CDEE626EDEF70A34BDA7C6AA3E369BEED169F6FE303E53765BDD5FE1B20E9EC5DEE5AEE791AB5D9ED0CD69E27D77AC956145BBF66E6A2EBE1132C6E4AFB4195F541DE6B59868A685EFBDA5FB9F3FBB796013070AC28EDE4F4D6928DE39593A7D26631D767B1EE17777FECC77EEC977FF9976B6F6C99FEF3DCB9EF6F71ACBB93F6F7D9ED67EB9774FE28CD37D9E84EB6F294739DB2DE6AF30DD0C96E67D33DCFA6BB9DC1DAF3E45A2F6D368D755D5DB9E521B5A9A30C151D5BBD64A3CAFA20BFDAACDD7CDD9FED6B6DA8D5B2D2E6305A5EBFDB9B6C74276A1380C25951DA499B98C657C6CA69A4EB7ADA0876B885E8B973E79EDBE2A8DF4927F7DFD5F1B4B9BCF171B7723C999F728153D643E96EA7F3373AF9ABC5BFBEFCF2CBD7DDC365975D76E0C01F77780FB55FF919E82F5DAF8A65D30B5B5EAD9363D8E80A9D1FFCD69F6659EB251B55D61F5B2FCCA10D56964DEF7CD363D8E838377AC4758FDBF3E7DBF81045F75900948415A59DF1F1F16F1C3BD6875821D767F1AE77BDABDE884C57A51DE7D2D25272F17F789EDDE2A8DF49F3BD757249279F6DBC7CA38FDB1C4F9B23CCFC94739DB2DE6AF30D70F4E8D174CFF3C28B2F6DFA5DDAF215E96BD6BD1F5E9B7B481F377DC4A2BF1E9BC8B55E3AFC8EDDE83A8D7FB6BC4EFD0AAD36216F5EA1F1FA6D6EB2EEFA91D44B36AAAC0FF2ABCD36F5D5BE0A5AD6548767808D3E6E7366E8E45CA13601288415A59DB465E9FC7F99B28DBC5F5B617575B5D6E88C8F8FFFCAAFFC4AFAE7FCFC7CFDB3D5D6E4992D8EFA9DB4F9A0F9CAEDEF6AA30BDBDFE1A57BA18E8E27F353CE6FCA7AABFD3740D2D99EA7CD6EA7C33DCFA0EC76F2AE97755FB7CEBF3F1BBFA57BF56D9CAD48CB5D2FD9A8B23EC8B536DBD45763A9361772FB326F5359D632004AC68AD2CEECECECDD070EE41A2B3CF4F023DBB76FCFEF297CEF7BDF1B1E1E9E9A9A1A1B1BDBBD7BF7BADFB9ADB6267FB7C551BF93361F345FB9FD5DB5BCA4C3A36D7CF4665B7FBEB57BCE6FCA7AABFD37404DFB3D4FCBDDCE65975DD6F99EA7DBDDCEFE1B86866ED87FFC92CBEEBBA5F9B21CE45D2F2DBF9FDBD44BB7D7DCE221F5FCCE07AE5EB251657D906B6DD66EDEF867F3E55D155187B5DFE14DAC650084CF8AD2CEBE7DFB3EF9C9DFC83556B8FBC0815DBB3E96EBB3585858989B9B6BF976DF85C40AEDB5B972CB9B77D2E145BE4D6AF30D50B7D19EA7E56E276DEE7FFFBF7FAEF9B5E55AEE7932FD0FEAFAEDCDF1740FD4AFED4EAEF5D2726BD17EEBB2D16E64A36FFECEEB4BBDF4902AEB83FC6A73A8FB58A1AB426BFEACDA04A064AC28EDA4EDCBD8D858AEB1C2CE9D3B0F1D3A54D413ACF628DFDBE278A325FA5EE39FF54F355FB9FD5D75FEA09D7FAA274F73DD1D163565F969DEF36CB4DBA9BD227DCB57AD5FB7E7C9FE53D917B63CB7DC57FB3898EDCED6BF915A564773E16CF4ADDBFE9FD9BEEDD54B3FA9B29C6CF19BB6E512D6FC418745D4D5C158CB0028072BCA26727DD5C6574E9E4A5BC6DAFB6315E2428F727E39F3B81828345D58FFB3E54DDADF61E70FBDE9510DB5B295E7DBF810454D59AE9AF73CBB767DACE56EA7369AF73C3B77EE4CBFABB7BADBA97A63CB13D07667EBDF3F8DF7D0F2E38D2EDCE83BB99342EBA4E83ABFBE7AD9225596879E7CD36E5A9E9BDE2A430559CB0028072BCA2672FD3D88DFFBEC67D33B2FF0D9555B93EFF67034DE61CB3B6FFF881B7DF68D2E6A936B365FAD9307CDF6340B9CB55CB5D9F3ACDBED34EF797AB8DBA9AAFE90F60D016D77B6FE8D54BB8775DFA8F50B3317C8A6576B73C30E8B4BBDF4902AEBB91ED666577597E1FAD632004AC98AB2894AA5323636F6CCB3CFE5F1A30AD75E3BB6B2B252E0B3ABF6287FDBABD17C6F2D2F69AFE5953B79ACAE0E6CEBCFB4C059CB5BCB3D4FCBDD4EE39EA7D7BB9DAAC05E426EEBDF48ED6B64A3EFF6AEBE933B2CAEAECA56BDF49C2AEBAD1ED666E715D1554D59CB0028372BCAE6E6E7E73F72F3CDE5FB5185E4622B76A227A3E55D355FD8FE1137FDEC069BA52EAEDC93A75CFA56AC79CF93EE6ADA7C337FE3D8B1DEEF7692DA8F66BFF1BBDF01D8E2374F27E5B09502C950A13D7F9438EB251B55D6433DAFCDFAE51BAD1A1B5DD8C99158CB00281F2B4A477EF1431F3A78F00B3DCC14D20671DBB66D698F58ECF3AAF625C78D6E470CAD58FBF7C3DB68F472B79304B7E1512FEAA5B75459AFA84DB50940B1AC281D595D5DDDBE7D7BAF5EBBB1F6D2DFC74F9C28FA69D55AB1EF18DD8E485AB16EF73C3DDEED24C16D78D48B7AE93955D6136A536D02502C2B4AA7969696B66FDFDEFC86E11932855FFCD087EEFDE2978A7E421768C5B462ED75BEE7E9FD6E27096EC3A35ED44B1E54D9D6A94DB50940B1AC285D489BB96DDBB63DF4F0239933856F1C3BB67DFBF6403285A4DA8A9D3FFFB4D1ED88AA15EB64CF93CB6E273CEA45BDE444956D91DA549B0014CB8AD29DD5D5D5B4F9FBD4A73EDDED6FC3BE72F2D4EF7DF6B3B5DFA428FA49BCA9DA8A7DDBE876C4D68AB5DFF3C4B3DB512FEA253FAA6C2BD4A6DA04A0585694AE552A954F7DEAD3D75D37FE7B9FFD6CFD75B9DB8FBB0F1C48AFFFC94FFE46DA1A167DF897A8B6624B46B723C2566CA33D4F54BB1DF5A25E72A5CA32539B6A1380625951325A5959B9EDB6DB4646467EF1431FBAFBC081E637064B2FB9E79EFFF5919B6F4EAFB36BD7C79697978B3EE416AAADD8B78C6E479CAD58F39E27B6DD8E7A512F795365D9A84DB50940B1AC285B52A954161616666767B76DDBB6EE0DA5D34B3E72F3CDF3F3F3ABABAB451FE6868687875F7BED89F3E7BF697435A26DC51AF73C11EE76D48B7AE983C8AB2C1BB5A93601289615256A636363DFFDEE5F9E3F7FCCE86AC4DC8AD5F63CC74F9C8870B7A35ED44B7FC45C65D9A84DB50940B1AC28519B9A9ABAEFD09DE7936F189D8F6F2DFDC5F8F878D15357A4749F9336F111EE76D48B7AE99B68AB2C1BB5A93601289658216A7BF7EEDDBDFB970B6F6E066BFCF1DC676667678B9E3A0AA05ED40B61529B6A1380628915A2B6BCBC3C3EFED3AF551E3F9F3C657438A6A73FB0B0B050F4D45100F5A25E0893DA549B00144BAC10BB3D17DC7A3EF9BAD1C9F8DFF3FF656666AAE849A330EA45BD1026B5A936012890582176954A6572F2FD870FFFCF2479D2683F56561E181FFFE9D5D5878A9E340AA35ED40B61529B6A1380028915489696962626AE5B5A5A4892A3C64623EDC3D29E7571F1AEA2A78B82A917F54298D4A6DA04A02862052E387CF870DA8DEDDDFBEB49F284D13C16163E3B3E3EB6B8F83F8A9E2882A05ED40B61529B6A1380428815B8A852A9ECDE3D3B3979FDDCDC7F5C59F972921C315657FF7A7EFE776766764E4F4FA61F173D450444BDA817C2A436D52600FD2756E0128B8B8BB3B3FF6A74F41F0D31343432F2CE99990FA6DD58D1D342A0D44B23F54238D46623B50940DEC40A000000404662050000002023B10200000090915801000000C848AC000000006424560000000032122B00000000198915000000808CC40A000000404662050000002023B10200000090915801000000C848AC000000006424560000000032122B00000000198915000000808CC40A000000404662050000002023B10200000090915801000000C848AC000000006424560000000032122B00000000198915000000808CC40A000000404662050000002023B10200000090915801000000C848AC000000006424560000000032122B00000000198915000000808CC40A000000404662050000002023B10200000090915801000000C848AC000000006424560000000032122B00000000198915000000808CC40A000000404662050000002023B10200000090915801000000C848AC000000006424560000000032122B00000000198915000000808CC40A000000404662050000002023B10200000090915801000000C848AC000000006424560000000032122B00000000198915000000808CC40A000000404662050000002023B10200000090915801000000C848AC000000006424560000000032122B00000000198915000000808CC40A000000404662050000002023B10200000090915801000000C848AC000000006424560000000032122B00000000198915000000808CC40A000000404662050000002023B10200000090915801000000C848AC000000006424560000000032122B00000000198915000000808CC40A000000404662050000002023B10200000090915801000000C848AC000000006424560000000032122B00000000198915000000808CC40A000000404662050000002023B10200000090915801000000C848AC000000006424560000000032122B00000000198915000000808CC40A000000404662050000002023B10200000090915801000000C848AC000000006424560000000032122B00000000198915000000808CC40A000000404662050000002023B10200000090915801000000C848AC000000006424560000000032122B00000000198915000000808CC40A000000404662050000002023B10200000090915801000000C848AC000000006424560000000032122B00000000198915000000808CC40A000000404662050000002023B102000000909158010000FEFF76EC58000000006090BFF51C761746004C5A0100000098B40200000030050495BB6D76F20AA00000000049454E44AE426082, 0);

-- ----------------------------
-- Table structure for act_ge_property
-- ----------------------------
DROP TABLE IF EXISTS `act_ge_property`;
CREATE TABLE `act_ge_property`  (
  `NAME_` varchar(64) CHARACTER SET utf8 COLLATE utf8_bin NOT NULL DEFAULT '',
  `VALUE_` varchar(300) CHARACTER SET utf8 COLLATE utf8_bin NULL DEFAULT NULL,
  `REV_` int(11) NULL DEFAULT NULL,
  PRIMARY KEY (`NAME_`) USING BTREE
) ENGINE = InnoDB CHARACTER SET = utf8 COLLATE = utf8_bin ROW_FORMAT = Compact;

-- ----------------------------
-- Records of act_ge_property
-- ----------------------------
INSERT INTO `act_ge_property` VALUES ('cfg.execution-related-entities-count', 'false', 1);
INSERT INTO `act_ge_property` VALUES ('next.dbid', '82501', 34);
INSERT INTO `act_ge_property` VALUES ('schema.history', 'create(6.0.0.4)', 1);
INSERT INTO `act_ge_property` VALUES ('schema.version', '6.0.0.4', 1);

-- ----------------------------
-- Table structure for act_hi_actinst
-- ----------------------------
DROP TABLE IF EXISTS `act_hi_actinst`;
CREATE TABLE `act_hi_actinst`  (
  `ID_` varchar(64) CHARACTER SET utf8 COLLATE utf8_bin NOT NULL,
  `PROC_DEF_ID_` varchar(64) CHARACTER SET utf8 COLLATE utf8_bin NOT NULL,
  `PROC_INST_ID_` varchar(64) CHARACTER SET utf8 COLLATE utf8_bin NOT NULL,
  `EXECUTION_ID_` varchar(64) CHARACTER SET utf8 COLLATE utf8_bin NOT NULL,
  `ACT_ID_` varchar(255) CHARACTER SET utf8 COLLATE utf8_bin NOT NULL,
  `TASK_ID_` varchar(64) CHARACTER SET utf8 COLLATE utf8_bin NULL DEFAULT NULL,
  `CALL_PROC_INST_ID_` varchar(64) CHARACTER SET utf8 COLLATE utf8_bin NULL DEFAULT NULL,
  `ACT_NAME_` varchar(255) CHARACTER SET utf8 COLLATE utf8_bin NULL DEFAULT NULL,
  `ACT_TYPE_` varchar(255) CHARACTER SET utf8 COLLATE utf8_bin NOT NULL,
  `ASSIGNEE_` varchar(255) CHARACTER SET utf8 COLLATE utf8_bin NULL DEFAULT NULL,
  `START_TIME_` datetime(3) NOT NULL,
  `END_TIME_` datetime(3) NULL DEFAULT NULL,
  `DURATION_` bigint(20) NULL DEFAULT NULL,
  `DELETE_REASON_` varchar(4000) CHARACTER SET utf8 COLLATE utf8_bin NULL DEFAULT NULL,
  `TENANT_ID_` varchar(255) CHARACTER SET utf8 COLLATE utf8_bin NULL DEFAULT '',
  PRIMARY KEY (`ID_`) USING BTREE,
  INDEX `ACT_IDX_HI_ACT_INST_START`(`START_TIME_`) USING BTREE,
  INDEX `ACT_IDX_HI_ACT_INST_END`(`END_TIME_`) USING BTREE,
  INDEX `ACT_IDX_HI_ACT_INST_PROCINST`(`PROC_INST_ID_`, `ACT_ID_`) USING BTREE,
  INDEX `ACT_IDX_HI_ACT_INST_EXEC`(`EXECUTION_ID_`, `ACT_ID_`) USING BTREE
) ENGINE = InnoDB CHARACTER SET = utf8 COLLATE = utf8_bin ROW_FORMAT = Compact;

-- ----------------------------
-- Records of act_hi_actinst
-- ----------------------------
INSERT INTO `act_hi_actinst` VALUES ('60009', 'leave:1:60004', '60005', '60008', 'startevent1', NULL, NULL, 'Start', 'startEvent', NULL, '2020-03-08 13:48:25.409', '2020-03-08 13:48:25.411', 2, NULL, '');
INSERT INTO `act_hi_actinst` VALUES ('60010', 'leave:1:60004', '60005', '60008', 'deptLeaderVerify', '60011', NULL, '', 'userTask', 'ry', '2020-03-08 13:48:25.412', '2020-03-08 13:49:15.069', 49657, NULL, '');
INSERT INTO `act_hi_actinst` VALUES ('60017', 'leave:1:60004', '60005', '60008', 'exclusivegateway5', NULL, NULL, 'Exclusive Gateway', 'exclusiveGateway', NULL, '2020-03-08 13:49:15.069', '2020-03-08 13:49:15.074', 5, NULL, '');
INSERT INTO `act_hi_actinst` VALUES ('60018', 'leave:1:60004', '60005', '60008', 'hrVerify', '60019', NULL, '', 'userTask', 'hr001', '2020-03-08 13:49:15.075', '2020-03-08 13:50:29.783', 74708, NULL, '');
INSERT INTO `act_hi_actinst` VALUES ('60024', 'leave:1:60004', '60005', '60008', 'exclusivegateway6', NULL, NULL, 'Exclusive Gateway', 'exclusiveGateway', NULL, '2020-03-08 13:50:29.784', '2020-03-08 13:50:29.784', 0, NULL, '');
INSERT INTO `act_hi_actinst` VALUES ('60025', 'leave:1:60004', '60005', '60008', 'reportBack', '60026', NULL, '', 'userTask', 'chengxy', '2020-03-08 13:50:29.784', '2020-03-08 13:51:05.214', 35430, NULL, '');
INSERT INTO `act_hi_actinst` VALUES ('60029', 'leave:1:60004', '60005', '60008', 'endevent1', NULL, NULL, 'End', 'endEvent', NULL, '2020-03-08 13:51:05.214', '2020-03-08 13:51:05.215', 1, NULL, '');
INSERT INTO `act_hi_actinst` VALUES ('67533', 'contract_purchase_exclusive:1:67528', '67529', '67532', 'startevent1', NULL, NULL, 'Start', 'startEvent', NULL, '2020-03-16 19:49:36.202', '2020-03-16 19:49:36.202', 0, NULL, '');
INSERT INTO `act_hi_actinst` VALUES ('67534', 'contract_purchase_exclusive:1:67528', '67529', '67532', 'PMVerify', '67535', NULL, '', 'userTask', 'pm', '2020-03-16 19:49:36.203', '2020-03-16 19:50:37.398', 61195, NULL, '');
INSERT INTO `act_hi_actinst` VALUES ('67541', 'contract_purchase_exclusive:1:67528', '67529', '67532', 'exclusivegateway1', NULL, NULL, 'Exclusive Gateway', 'exclusiveGateway', NULL, '2020-03-16 19:50:37.398', '2020-03-16 19:50:37.398', 0, NULL, '');
INSERT INTO `act_hi_actinst` VALUES ('67542', 'contract_purchase_exclusive:1:67528', '67529', '67532', 'CAVerify', '67543', NULL, '', 'userTask', 'ca', '2020-03-16 19:50:37.400', '2020-03-16 19:51:59.055', 81655, NULL, '');
INSERT INTO `act_hi_actinst` VALUES ('67548', 'contract_purchase_exclusive:1:67528', '67529', '67532', 'exclusivegateway2', NULL, NULL, 'Exclusive Gateway', 'exclusiveGateway', NULL, '2020-03-16 19:51:59.055', '2020-03-16 19:51:59.055', 0, NULL, '');
INSERT INTO `act_hi_actinst` VALUES ('67549', 'contract_purchase_exclusive:1:67528', '67529', '67532', 'FIVerify', '67550', NULL, '', 'userTask', 'FI', '2020-03-16 19:51:59.056', NULL, NULL, NULL, '');
INSERT INTO `act_hi_actinst` VALUES ('70011', 'contract_purchase_exclusive:1:67528', '70007', '70010', 'startevent1', NULL, NULL, 'Start', 'startEvent', NULL, '2020-03-16 20:18:48.555', '2020-03-16 20:18:48.559', 4, NULL, '');
INSERT INTO `act_hi_actinst` VALUES ('70012', 'contract_purchase_exclusive:1:67528', '70007', '70010', 'PMVerify', '70013', NULL, '', 'userTask', 'pm', '2020-03-16 20:18:48.565', '2020-03-16 20:19:27.526', 38961, NULL, '');
INSERT INTO `act_hi_actinst` VALUES ('70019', 'contract_purchase_exclusive:1:67528', '70007', '70010', 'exclusivegateway1', NULL, NULL, 'Exclusive Gateway', 'exclusiveGateway', NULL, '2020-03-16 20:19:27.526', '2020-03-16 20:19:27.534', 8, NULL, '');
INSERT INTO `act_hi_actinst` VALUES ('70020', 'contract_purchase_exclusive:1:67528', '70007', '70010', 'CAVerify', '70021', NULL, '', 'userTask', 'ca', '2020-03-16 20:19:27.536', '2020-03-16 20:20:17.809', 50273, NULL, '');
INSERT INTO `act_hi_actinst` VALUES ('70026', 'contract_purchase_exclusive:1:67528', '70007', '70010', 'exclusivegateway2', NULL, NULL, 'Exclusive Gateway', 'exclusiveGateway', NULL, '2020-03-16 20:20:17.809', '2020-03-16 20:20:17.809', 0, NULL, '');
INSERT INTO `act_hi_actinst` VALUES ('70027', 'contract_purchase_exclusive:1:67528', '70007', '70010', 'FIVerify', '70028', NULL, '', 'userTask', 'FI', '2020-03-16 20:20:17.810', '2020-03-16 20:20:50.861', 33051, NULL, '');
INSERT INTO `act_hi_actinst` VALUES ('70033', 'contract_purchase_exclusive:1:67528', '70007', '70010', 'exclusivegateway3', NULL, NULL, 'Exclusive Gateway', 'exclusiveGateway', NULL, '2020-03-16 20:20:50.861', '2020-03-16 20:20:50.861', 0, NULL, '');
INSERT INTO `act_hi_actinst` VALUES ('70034', 'contract_purchase_exclusive:1:67528', '70007', '70010', 'LMVerify', '70035', NULL, '', 'userTask', 'lm', '2020-03-16 20:20:50.863', '2020-03-16 20:21:45.874', 55011, NULL, '');
INSERT INTO `act_hi_actinst` VALUES ('70040', 'contract_purchase_exclusive:1:67528', '70007', '70010', 'exclusivegateway4', NULL, NULL, 'Exclusive Gateway', 'exclusiveGateway', NULL, '2020-03-16 20:21:45.874', '2020-03-16 20:21:45.875', 1, NULL, '');
INSERT INTO `act_hi_actinst` VALUES ('70041', 'contract_purchase_exclusive:1:67528', '70007', '70010', 'CEOVerify', '70042', NULL, '', 'userTask', 'CEO', '2020-03-16 20:21:45.876', '2020-03-16 20:22:25.141', 39265, NULL, '');
INSERT INTO `act_hi_actinst` VALUES ('70047', 'contract_purchase_exclusive:1:67528', '70007', '70010', 'exclusivegateway5', NULL, NULL, 'Exclusive Gateway', 'exclusiveGateway', NULL, '2020-03-16 20:22:25.141', '2020-03-16 20:22:25.141', 0, NULL, '');
INSERT INTO `act_hi_actinst` VALUES ('70048', 'contract_purchase_exclusive:1:67528', '70007', '70010', 'endevent1', NULL, NULL, 'End', 'endEvent', NULL, '2020-03-16 20:22:25.142', '2020-03-16 20:22:25.142', 0, NULL, '');
INSERT INTO `act_hi_actinst` VALUES ('72505', 'leave:1:60004', '72501', '72504', 'startevent1', NULL, NULL, 'Start', 'startEvent', NULL, '2020-03-17 11:15:50.805', '2020-03-17 11:15:50.820', 15, NULL, '');
INSERT INTO `act_hi_actinst` VALUES ('72506', 'leave:1:60004', '72501', '72504', 'deptLeaderVerify', '72507', NULL, '', 'userTask', NULL, '2020-03-17 11:15:50.828', NULL, NULL, NULL, '');
INSERT INTO `act_hi_actinst` VALUES ('72513', 'contract_purchase_exclusive:1:67528', '72509', '72512', 'startevent1', NULL, NULL, 'Start', 'startEvent', NULL, '2020-03-17 13:13:32.902', '2020-03-17 13:13:32.902', 0, NULL, '');
INSERT INTO `act_hi_actinst` VALUES ('72514', 'contract_purchase_exclusive:1:67528', '72509', '72512', 'PMVerify', '72515', NULL, '', 'userTask', 'pm', '2020-03-17 13:13:32.902', '2020-03-17 13:15:21.807', 108905, NULL, '');
INSERT INTO `act_hi_actinst` VALUES ('72521', 'contract_purchase_exclusive:1:67528', '72509', '72512', 'exclusivegateway1', NULL, NULL, 'Exclusive Gateway', 'exclusiveGateway', NULL, '2020-03-17 13:15:21.808', '2020-03-17 13:15:21.831', 23, NULL, '');
INSERT INTO `act_hi_actinst` VALUES ('72522', 'contract_purchase_exclusive:1:67528', '72509', '72512', 'CAVerify', '72523', NULL, '', 'userTask', 'ca', '2020-03-17 13:15:21.832', '2020-03-17 13:17:45.059', 143227, NULL, '');
INSERT INTO `act_hi_actinst` VALUES ('72528', 'contract_purchase_exclusive:1:67528', '72509', '72512', 'exclusivegateway2', NULL, NULL, 'Exclusive Gateway', 'exclusiveGateway', NULL, '2020-03-17 13:17:45.059', '2020-03-17 13:17:45.059', 0, NULL, '');
INSERT INTO `act_hi_actinst` VALUES ('72529', 'contract_purchase_exclusive:1:67528', '72509', '72512', 'FIVerify', '72530', NULL, '', 'userTask', 'FI', '2020-03-17 13:17:45.060', '2020-03-17 13:25:43.169', 478109, NULL, '');
INSERT INTO `act_hi_actinst` VALUES ('75004', 'contract_purchase_exclusive:1:67528', '72509', '72512', 'exclusivegateway3', NULL, NULL, 'Exclusive Gateway', 'exclusiveGateway', NULL, '2020-03-17 13:25:43.178', '2020-03-17 13:25:43.222', 44, NULL, '');
INSERT INTO `act_hi_actinst` VALUES ('75005', 'contract_purchase_exclusive:1:67528', '72509', '72512', 'LMVerify', '75006', NULL, '', 'userTask', 'lm', '2020-03-17 13:25:43.224', '2020-03-17 13:27:39.040', 115816, NULL, '');
INSERT INTO `act_hi_actinst` VALUES ('75011', 'contract_purchase_exclusive:1:67528', '72509', '72512', 'exclusivegateway4', NULL, NULL, 'Exclusive Gateway', 'exclusiveGateway', NULL, '2020-03-17 13:27:39.040', '2020-03-17 13:27:39.040', 0, NULL, '');
INSERT INTO `act_hi_actinst` VALUES ('75012', 'contract_purchase_exclusive:1:67528', '72509', '72512', 'CEOVerify', '75013', NULL, '', 'userTask', 'CEO', '2020-03-17 13:27:39.042', '2020-03-17 13:33:00.123', 321081, NULL, '');
INSERT INTO `act_hi_actinst` VALUES ('75018', 'contract_purchase_exclusive:1:67528', '72509', '72512', 'exclusivegateway5', NULL, NULL, 'Exclusive Gateway', 'exclusiveGateway', NULL, '2020-03-17 13:33:00.124', '2020-03-17 13:33:00.124', 0, NULL, '');
INSERT INTO `act_hi_actinst` VALUES ('75019', 'contract_purchase_exclusive:1:67528', '72509', '72512', 'endevent1', NULL, NULL, 'End', 'endEvent', NULL, '2020-03-17 13:33:00.125', '2020-03-17 13:33:00.125', 0, NULL, '');
INSERT INTO `act_hi_actinst` VALUES ('75024', 'contract_purchase_exclusive:1:67528', '75020', '75023', 'startevent1', NULL, NULL, 'Start', 'startEvent', NULL, '2020-03-17 13:34:49.717', '2020-03-17 13:34:49.717', 0, NULL, '');
INSERT INTO `act_hi_actinst` VALUES ('75025', 'contract_purchase_exclusive:1:67528', '75020', '75023', 'PMVerify', '75026', NULL, '', 'userTask', 'pm', '2020-03-17 13:34:49.718', '2020-03-17 13:35:26.146', 36428, NULL, '');
INSERT INTO `act_hi_actinst` VALUES ('75032', 'contract_purchase_exclusive:1:67528', '75020', '75023', 'exclusivegateway1', NULL, NULL, 'Exclusive Gateway', 'exclusiveGateway', NULL, '2020-03-17 13:35:26.146', '2020-03-17 13:35:26.146', 0, NULL, '');
INSERT INTO `act_hi_actinst` VALUES ('75033', 'contract_purchase_exclusive:1:67528', '75020', '75023', 'CAVerify', '75034', NULL, '', 'userTask', 'ca', '2020-03-17 13:35:26.147', '2020-03-17 13:37:06.834', 100687, NULL, '');
INSERT INTO `act_hi_actinst` VALUES ('75039', 'contract_purchase_exclusive:1:67528', '75020', '75023', 'exclusivegateway2', NULL, NULL, 'Exclusive Gateway', 'exclusiveGateway', NULL, '2020-03-17 13:37:06.834', '2020-03-17 13:37:06.834', 0, NULL, '');
INSERT INTO `act_hi_actinst` VALUES ('75040', 'contract_purchase_exclusive:1:67528', '75020', '75023', 'FIVerify', '75041', NULL, '', 'userTask', 'FI', '2020-03-17 13:37:06.836', '2020-03-17 13:38:06.739', 59903, NULL, '');
INSERT INTO `act_hi_actinst` VALUES ('75046', 'contract_purchase_exclusive:1:67528', '75020', '75023', 'exclusivegateway3', NULL, NULL, 'Exclusive Gateway', 'exclusiveGateway', NULL, '2020-03-17 13:38:06.739', '2020-03-17 13:38:06.740', 1, NULL, '');
INSERT INTO `act_hi_actinst` VALUES ('75047', 'contract_purchase_exclusive:1:67528', '75020', '75023', 'LMVerify', '75048', NULL, '', 'userTask', 'lm', '2020-03-17 13:38:06.741', '2020-03-17 13:39:52.867', 106126, NULL, '');
INSERT INTO `act_hi_actinst` VALUES ('75055', 'contract_purchase_exclusive:1:67528', '75020', '75023', 'exclusivegateway4', NULL, NULL, 'Exclusive Gateway', 'exclusiveGateway', NULL, '2020-03-17 13:39:52.867', '2020-03-17 13:39:52.867', 0, NULL, '');
INSERT INTO `act_hi_actinst` VALUES ('75056', 'contract_purchase_exclusive:1:67528', '75020', '75023', 'CEOVerify', '75057', NULL, '', 'userTask', NULL, '2020-03-17 13:39:52.868', NULL, NULL, NULL, '');
INSERT INTO `act_hi_actinst` VALUES ('77505', 'contract_purchase_exclusive:1:67528', '77501', '77504', 'startevent1', NULL, NULL, 'Start', 'startEvent', NULL, '2020-04-15 18:08:00.319', '2020-04-15 18:08:00.321', 2, NULL, '');
INSERT INTO `act_hi_actinst` VALUES ('77506', 'contract_purchase_exclusive:1:67528', '77501', '77504', 'PMVerify', '77507', NULL, '', 'userTask', 'pm', '2020-04-15 18:08:00.323', '2020-04-15 18:24:14.880', 974557, NULL, '');
INSERT INTO `act_hi_actinst` VALUES ('77513', 'contract_purchase_exclusive:1:67528', '77501', '77504', 'exclusivegateway1', NULL, NULL, 'Exclusive Gateway', 'exclusiveGateway', NULL, '2020-04-15 18:24:14.880', '2020-04-15 18:24:14.883', 3, NULL, '');
INSERT INTO `act_hi_actinst` VALUES ('77514', 'contract_purchase_exclusive:1:67528', '77501', '77504', 'CAVerify', '77515', NULL, '', 'userTask', NULL, '2020-04-15 18:24:14.885', NULL, NULL, NULL, '');
INSERT INTO `act_hi_actinst` VALUES ('80005', 'contract_purchase_exclusive:1:67528', '80001', '80004', 'startevent1', NULL, NULL, 'Start', 'startEvent', NULL, '2020-05-08 17:09:19.263', '2020-05-08 17:09:19.267', 4, NULL, '');
INSERT INTO `act_hi_actinst` VALUES ('80006', 'contract_purchase_exclusive:1:67528', '80001', '80004', 'PMVerify', '80007', NULL, '', 'userTask', 'pm', '2020-05-08 17:09:19.270', '2020-05-08 17:10:31.684', 72414, NULL, '');
INSERT INTO `act_hi_actinst` VALUES ('80013', 'contract_purchase_exclusive:1:67528', '80001', '80004', 'exclusivegateway1', NULL, NULL, 'Exclusive Gateway', 'exclusiveGateway', NULL, '2020-05-08 17:10:31.684', '2020-05-08 17:10:31.719', 35, NULL, '');
INSERT INTO `act_hi_actinst` VALUES ('80014', 'contract_purchase_exclusive:1:67528', '80001', '80004', 'CAVerify', '80015', NULL, '', 'userTask', 'ca', '2020-05-08 17:10:31.721', '2020-05-08 17:11:50.484', 78763, NULL, '');
INSERT INTO `act_hi_actinst` VALUES ('80020', 'contract_purchase_exclusive:1:67528', '80001', '80004', 'exclusivegateway2', NULL, NULL, 'Exclusive Gateway', 'exclusiveGateway', NULL, '2020-05-08 17:11:50.484', '2020-05-08 17:11:50.484', 0, NULL, '');
INSERT INTO `act_hi_actinst` VALUES ('80021', 'contract_purchase_exclusive:1:67528', '80001', '80004', 'FIVerify', '80022', NULL, '', 'userTask', 'FI', '2020-05-08 17:11:50.485', '2020-05-08 17:12:32.652', 42167, NULL, '');
INSERT INTO `act_hi_actinst` VALUES ('80027', 'contract_purchase_exclusive:1:67528', '80001', '80004', 'exclusivegateway3', NULL, NULL, 'Exclusive Gateway', 'exclusiveGateway', NULL, '2020-05-08 17:12:32.652', '2020-05-08 17:12:32.652', 0, NULL, '');
INSERT INTO `act_hi_actinst` VALUES ('80028', 'contract_purchase_exclusive:1:67528', '80001', '80004', 'LMVerify', '80029', NULL, '', 'userTask', 'lm', '2020-05-08 17:12:32.654', '2020-05-08 17:14:27.210', 114556, NULL, '');
INSERT INTO `act_hi_actinst` VALUES ('80034', 'contract_purchase_exclusive:1:67528', '80001', '80004', 'exclusivegateway4', NULL, NULL, 'Exclusive Gateway', 'exclusiveGateway', NULL, '2020-05-08 17:14:27.210', '2020-05-08 17:14:27.210', 0, NULL, '');
INSERT INTO `act_hi_actinst` VALUES ('80035', 'contract_purchase_exclusive:1:67528', '80001', '80004', 'CEOVerify', '80036', NULL, '', 'userTask', 'CEO', '2020-05-08 17:14:27.212', '2020-05-08 17:14:55.181', 27969, NULL, '');
INSERT INTO `act_hi_actinst` VALUES ('80041', 'contract_purchase_exclusive:1:67528', '80001', '80004', 'exclusivegateway5', NULL, NULL, 'Exclusive Gateway', 'exclusiveGateway', NULL, '2020-05-08 17:14:55.181', '2020-05-08 17:14:55.182', 1, NULL, '');
INSERT INTO `act_hi_actinst` VALUES ('80042', 'contract_purchase_exclusive:1:67528', '80001', '80004', 'endevent1', NULL, NULL, 'End', 'endEvent', NULL, '2020-05-08 17:14:55.182', '2020-05-08 17:14:55.182', 0, NULL, '');

-- ----------------------------
-- Table structure for act_hi_attachment
-- ----------------------------
DROP TABLE IF EXISTS `act_hi_attachment`;
CREATE TABLE `act_hi_attachment`  (
  `ID_` varchar(64) CHARACTER SET utf8 COLLATE utf8_bin NOT NULL,
  `REV_` int(11) NULL DEFAULT NULL,
  `USER_ID_` varchar(255) CHARACTER SET utf8 COLLATE utf8_bin NULL DEFAULT NULL,
  `NAME_` varchar(255) CHARACTER SET utf8 COLLATE utf8_bin NULL DEFAULT NULL,
  `DESCRIPTION_` varchar(4000) CHARACTER SET utf8 COLLATE utf8_bin NULL DEFAULT NULL,
  `TYPE_` varchar(255) CHARACTER SET utf8 COLLATE utf8_bin NULL DEFAULT NULL,
  `TASK_ID_` varchar(64) CHARACTER SET utf8 COLLATE utf8_bin NULL DEFAULT NULL,
  `PROC_INST_ID_` varchar(64) CHARACTER SET utf8 COLLATE utf8_bin NULL DEFAULT NULL,
  `URL_` varchar(4000) CHARACTER SET utf8 COLLATE utf8_bin NULL DEFAULT NULL,
  `CONTENT_ID_` varchar(64) CHARACTER SET utf8 COLLATE utf8_bin NULL DEFAULT NULL,
  `TIME_` datetime(3) NULL DEFAULT NULL,
  PRIMARY KEY (`ID_`) USING BTREE
) ENGINE = InnoDB CHARACTER SET = utf8 COLLATE = utf8_bin ROW_FORMAT = Compact;

-- ----------------------------
-- Table structure for act_hi_comment
-- ----------------------------
DROP TABLE IF EXISTS `act_hi_comment`;
CREATE TABLE `act_hi_comment`  (
  `ID_` varchar(64) CHARACTER SET utf8 COLLATE utf8_bin NOT NULL,
  `TYPE_` varchar(255) CHARACTER SET utf8 COLLATE utf8_bin NULL DEFAULT NULL,
  `TIME_` datetime(3) NOT NULL,
  `USER_ID_` varchar(255) CHARACTER SET utf8 COLLATE utf8_bin NULL DEFAULT NULL,
  `TASK_ID_` varchar(64) CHARACTER SET utf8 COLLATE utf8_bin NULL DEFAULT NULL,
  `PROC_INST_ID_` varchar(64) CHARACTER SET utf8 COLLATE utf8_bin NULL DEFAULT NULL,
  `ACTION_` varchar(255) CHARACTER SET utf8 COLLATE utf8_bin NULL DEFAULT NULL,
  `MESSAGE_` varchar(4000) CHARACTER SET utf8 COLLATE utf8_bin NULL DEFAULT NULL,
  `FULL_MSG_` longblob NULL,
  PRIMARY KEY (`ID_`) USING BTREE
) ENGINE = InnoDB CHARACTER SET = utf8 COLLATE = utf8_bin ROW_FORMAT = Compact;

-- ----------------------------
-- Records of act_hi_comment
-- ----------------------------
INSERT INTO `act_hi_comment` VALUES ('60013', 'comment', '2020-03-08 13:49:15.045', 'ry', '60011', '60005', 'AddComment', '', 0xE5908CE6848F);
INSERT INTO `act_hi_comment` VALUES ('60021', 'comment', '2020-03-08 13:50:29.762', 'hr001', '60019', '60005', 'AddComment', '', 0xE5908CE6848FEFBC8CE8AFB7E58F8AE697B6E99480E58187);
INSERT INTO `act_hi_comment` VALUES ('67537', 'comment', '2020-03-16 19:50:37.217', 'pm', '67535', NULL, 'AddComment', '1111', 0x31313131);
INSERT INTO `act_hi_comment` VALUES ('67545', 'comment', '2020-03-16 19:51:58.745', 'ca', '67543', NULL, 'AddComment', '11', 0x3131);
INSERT INTO `act_hi_comment` VALUES ('67553', 'comment', '2020-03-16 20:07:23.933', 'FI', '67550', NULL, 'AddComment', '111', 0x313131);
INSERT INTO `act_hi_comment` VALUES ('67556', 'comment', '2020-03-16 20:08:41.613', 'FI', '67550', NULL, 'AddComment', 'qqqq', 0x71717171);
INSERT INTO `act_hi_comment` VALUES ('67558', 'comment', '2020-03-16 20:12:09.018', 'FI', '67550', NULL, 'AddComment', 'qq', 0x7171);
INSERT INTO `act_hi_comment` VALUES ('70001', 'comment', '2020-03-16 20:16:14.755', 'FI', '67550', NULL, 'AddComment', 'qqqq', 0x71717171);
INSERT INTO `act_hi_comment` VALUES ('70003', 'comment', '2020-03-16 20:17:02.560', 'FI', '67550', NULL, 'AddComment', 'qqq', 0x717171);
INSERT INTO `act_hi_comment` VALUES ('70005', 'comment', '2020-03-16 20:17:11.579', 'FI', '67550', NULL, 'AddComment', 'qqq', 0x717171);
INSERT INTO `act_hi_comment` VALUES ('70015', 'comment', '2020-03-16 20:19:27.351', 'pm', '70013', NULL, 'AddComment', '1111', 0x31313131);
INSERT INTO `act_hi_comment` VALUES ('70023', 'comment', '2020-03-16 20:20:17.698', 'ca', '70021', NULL, 'AddComment', '1111', 0x31313131);
INSERT INTO `act_hi_comment` VALUES ('70030', 'comment', '2020-03-16 20:20:50.687', 'FI', '70028', NULL, 'AddComment', '11111', 0x3131313131);
INSERT INTO `act_hi_comment` VALUES ('70037', 'comment', '2020-03-16 20:21:45.685', 'lm', '70035', NULL, 'AddComment', '1111', 0x31313131);
INSERT INTO `act_hi_comment` VALUES ('70044', 'comment', '2020-03-16 20:22:24.975', 'CEO', '70042', NULL, 'AddComment', '1111', 0x31313131);
INSERT INTO `act_hi_comment` VALUES ('72517', 'comment', '2020-03-17 13:15:21.579', 'pm', '72515', NULL, 'AddComment', '1111', 0x31313131);
INSERT INTO `act_hi_comment` VALUES ('72525', 'comment', '2020-03-17 13:17:44.823', 'ca', '72523', NULL, 'AddComment', '666', 0x363636);
INSERT INTO `act_hi_comment` VALUES ('75001', 'comment', '2020-03-17 13:25:42.801', 'FI', '72530', '72509', 'AddComment', '1111', 0x31313131);
INSERT INTO `act_hi_comment` VALUES ('75008', 'comment', '2020-03-17 13:27:38.784', 'lm', '75006', '72509', 'AddComment', '1', 0x31);
INSERT INTO `act_hi_comment` VALUES ('75015', 'comment', '2020-03-17 13:32:59.948', 'CEO', '75013', '72509', 'AddComment', 'qqq', 0x717171);
INSERT INTO `act_hi_comment` VALUES ('75028', 'comment', '2020-03-17 13:35:26.018', 'pm', '75026', '75020', 'AddComment', '111', 0x313131);
INSERT INTO `act_hi_comment` VALUES ('75036', 'comment', '2020-03-17 13:37:06.610', 'ca', '75034', '75020', 'AddComment', '1111', 0x31313131);
INSERT INTO `act_hi_comment` VALUES ('75043', 'comment', '2020-03-17 13:38:06.582', 'FI', '75041', '75020', 'AddComment', '1111', 0x31313131);
INSERT INTO `act_hi_comment` VALUES ('75050', 'comment', '2020-03-17 13:39:15.148', 'FI', '67550', '67529', 'AddComment', '1111', 0x31313131);
INSERT INTO `act_hi_comment` VALUES ('75052', 'comment', '2020-03-17 13:39:52.694', 'lm', '75048', '75020', 'AddComment', '1111', 0x31313131);
INSERT INTO `act_hi_comment` VALUES ('77509', 'comment', '2020-04-15 18:24:14.622', 'pm', '77507', '77501', 'AddComment', '', 0xE5908CE6848F);
INSERT INTO `act_hi_comment` VALUES ('80009', 'comment', '2020-05-08 17:10:31.425', 'pm', '80007', '80001', 'AddComment', '666', 0x363636);
INSERT INTO `act_hi_comment` VALUES ('80017', 'comment', '2020-05-08 17:11:50.317', 'ca', '80015', '80001', 'AddComment', '000', 0x303030);
INSERT INTO `act_hi_comment` VALUES ('80024', 'comment', '2020-05-08 17:12:32.511', 'FI', '80022', '80001', 'AddComment', '555', 0x353535);
INSERT INTO `act_hi_comment` VALUES ('80031', 'comment', '2020-05-08 17:14:27.023', 'lm', '80029', '80001', 'AddComment', '999', 0x393939);
INSERT INTO `act_hi_comment` VALUES ('80038', 'comment', '2020-05-08 17:14:55.013', 'CEO', '80036', '80001', 'AddComment', '777', 0x373737);

-- ----------------------------
-- Table structure for act_hi_detail
-- ----------------------------
DROP TABLE IF EXISTS `act_hi_detail`;
CREATE TABLE `act_hi_detail`  (
  `ID_` varchar(64) CHARACTER SET utf8 COLLATE utf8_bin NOT NULL,
  `TYPE_` varchar(255) CHARACTER SET utf8 COLLATE utf8_bin NOT NULL,
  `PROC_INST_ID_` varchar(64) CHARACTER SET utf8 COLLATE utf8_bin NULL DEFAULT NULL,
  `EXECUTION_ID_` varchar(64) CHARACTER SET utf8 COLLATE utf8_bin NULL DEFAULT NULL,
  `TASK_ID_` varchar(64) CHARACTER SET utf8 COLLATE utf8_bin NULL DEFAULT NULL,
  `ACT_INST_ID_` varchar(64) CHARACTER SET utf8 COLLATE utf8_bin NULL DEFAULT NULL,
  `NAME_` varchar(255) CHARACTER SET utf8 COLLATE utf8_bin NOT NULL,
  `VAR_TYPE_` varchar(255) CHARACTER SET utf8 COLLATE utf8_bin NULL DEFAULT NULL,
  `REV_` int(11) NULL DEFAULT NULL,
  `TIME_` datetime(3) NOT NULL,
  `BYTEARRAY_ID_` varchar(64) CHARACTER SET utf8 COLLATE utf8_bin NULL DEFAULT NULL,
  `DOUBLE_` double NULL DEFAULT NULL,
  `LONG_` bigint(20) NULL DEFAULT NULL,
  `TEXT_` varchar(4000) CHARACTER SET utf8 COLLATE utf8_bin NULL DEFAULT NULL,
  `TEXT2_` varchar(4000) CHARACTER SET utf8 COLLATE utf8_bin NULL DEFAULT NULL,
  PRIMARY KEY (`ID_`) USING BTREE,
  INDEX `ACT_IDX_HI_DETAIL_PROC_INST`(`PROC_INST_ID_`) USING BTREE,
  INDEX `ACT_IDX_HI_DETAIL_ACT_INST`(`ACT_INST_ID_`) USING BTREE,
  INDEX `ACT_IDX_HI_DETAIL_TIME`(`TIME_`) USING BTREE,
  INDEX `ACT_IDX_HI_DETAIL_NAME`(`NAME_`) USING BTREE,
  INDEX `ACT_IDX_HI_DETAIL_TASK_ID`(`TASK_ID_`) USING BTREE
) ENGINE = InnoDB CHARACTER SET = utf8 COLLATE = utf8_bin ROW_FORMAT = Compact;

-- ----------------------------
-- Table structure for act_hi_identitylink
-- ----------------------------
DROP TABLE IF EXISTS `act_hi_identitylink`;
CREATE TABLE `act_hi_identitylink`  (
  `ID_` varchar(64) CHARACTER SET utf8 COLLATE utf8_bin NOT NULL DEFAULT '',
  `GROUP_ID_` varchar(255) CHARACTER SET utf8 COLLATE utf8_bin NULL DEFAULT NULL,
  `TYPE_` varchar(255) CHARACTER SET utf8 COLLATE utf8_bin NULL DEFAULT NULL,
  `USER_ID_` varchar(255) CHARACTER SET utf8 COLLATE utf8_bin NULL DEFAULT NULL,
  `TASK_ID_` varchar(64) CHARACTER SET utf8 COLLATE utf8_bin NULL DEFAULT NULL,
  `PROC_INST_ID_` varchar(64) CHARACTER SET utf8 COLLATE utf8_bin NULL DEFAULT NULL,
  PRIMARY KEY (`ID_`) USING BTREE,
  INDEX `ACT_IDX_HI_IDENT_LNK_USER`(`USER_ID_`) USING BTREE,
  INDEX `ACT_IDX_HI_IDENT_LNK_TASK`(`TASK_ID_`) USING BTREE,
  INDEX `ACT_IDX_HI_IDENT_LNK_PROCINST`(`PROC_INST_ID_`) USING BTREE
) ENGINE = InnoDB CHARACTER SET = utf8 COLLATE = utf8_bin ROW_FORMAT = Compact;

-- ----------------------------
-- Records of act_hi_identitylink
-- ----------------------------
INSERT INTO `act_hi_identitylink` VALUES ('60007', NULL, 'starter', 'chengxy', NULL, '60005');
INSERT INTO `act_hi_identitylink` VALUES ('60012', 'deptLeader', 'candidate', NULL, '60011', NULL);
INSERT INTO `act_hi_identitylink` VALUES ('60014', NULL, 'participant', 'ry', NULL, '60005');
INSERT INTO `act_hi_identitylink` VALUES ('60020', 'hr', 'candidate', NULL, '60019', NULL);
INSERT INTO `act_hi_identitylink` VALUES ('60022', NULL, 'participant', 'hr001', NULL, '60005');
INSERT INTO `act_hi_identitylink` VALUES ('67531', NULL, 'starter', 'chengxy', NULL, '67529');
INSERT INTO `act_hi_identitylink` VALUES ('67536', 'PM', 'candidate', NULL, '67535', NULL);
INSERT INTO `act_hi_identitylink` VALUES ('67538', NULL, 'participant', 'pm', NULL, '67529');
INSERT INTO `act_hi_identitylink` VALUES ('67544', 'CA', 'candidate', NULL, '67543', NULL);
INSERT INTO `act_hi_identitylink` VALUES ('67546', NULL, 'participant', 'ca', NULL, '67529');
INSERT INTO `act_hi_identitylink` VALUES ('67551', 'FI', 'candidate', NULL, '67550', NULL);
INSERT INTO `act_hi_identitylink` VALUES ('67554', NULL, 'participant', 'FI', NULL, '67529');
INSERT INTO `act_hi_identitylink` VALUES ('70009', NULL, 'starter', 'chengxy', NULL, '70007');
INSERT INTO `act_hi_identitylink` VALUES ('70014', 'PM', 'candidate', NULL, '70013', NULL);
INSERT INTO `act_hi_identitylink` VALUES ('70016', NULL, 'participant', 'pm', NULL, '70007');
INSERT INTO `act_hi_identitylink` VALUES ('70022', 'CA', 'candidate', NULL, '70021', NULL);
INSERT INTO `act_hi_identitylink` VALUES ('70024', NULL, 'participant', 'ca', NULL, '70007');
INSERT INTO `act_hi_identitylink` VALUES ('70029', 'FI', 'candidate', NULL, '70028', NULL);
INSERT INTO `act_hi_identitylink` VALUES ('70031', NULL, 'participant', 'FI', NULL, '70007');
INSERT INTO `act_hi_identitylink` VALUES ('70036', 'LM', 'candidate', NULL, '70035', NULL);
INSERT INTO `act_hi_identitylink` VALUES ('70038', NULL, 'participant', 'lm', NULL, '70007');
INSERT INTO `act_hi_identitylink` VALUES ('70043', 'CEO', 'candidate', NULL, '70042', NULL);
INSERT INTO `act_hi_identitylink` VALUES ('70045', NULL, 'participant', 'CEO', NULL, '70007');
INSERT INTO `act_hi_identitylink` VALUES ('72503', NULL, 'starter', 'chengxy', NULL, '72501');
INSERT INTO `act_hi_identitylink` VALUES ('72508', 'deptLeader', 'candidate', NULL, '72507', NULL);
INSERT INTO `act_hi_identitylink` VALUES ('72511', NULL, 'starter', 'chengxy', NULL, '72509');
INSERT INTO `act_hi_identitylink` VALUES ('72516', 'PM', 'candidate', NULL, '72515', NULL);
INSERT INTO `act_hi_identitylink` VALUES ('72518', NULL, 'participant', 'pm', NULL, '72509');
INSERT INTO `act_hi_identitylink` VALUES ('72524', 'CA', 'candidate', NULL, '72523', NULL);
INSERT INTO `act_hi_identitylink` VALUES ('72526', NULL, 'participant', 'ca', NULL, '72509');
INSERT INTO `act_hi_identitylink` VALUES ('72531', 'FI', 'candidate', NULL, '72530', NULL);
INSERT INTO `act_hi_identitylink` VALUES ('75002', NULL, 'participant', 'FI', NULL, '72509');
INSERT INTO `act_hi_identitylink` VALUES ('75007', 'LM', 'candidate', NULL, '75006', NULL);
INSERT INTO `act_hi_identitylink` VALUES ('75009', NULL, 'participant', 'lm', NULL, '72509');
INSERT INTO `act_hi_identitylink` VALUES ('75014', 'CEO', 'candidate', NULL, '75013', NULL);
INSERT INTO `act_hi_identitylink` VALUES ('75016', NULL, 'participant', 'CEO', NULL, '72509');
INSERT INTO `act_hi_identitylink` VALUES ('75022', NULL, 'starter', 'chengxy', NULL, '75020');
INSERT INTO `act_hi_identitylink` VALUES ('75027', 'PM', 'candidate', NULL, '75026', NULL);
INSERT INTO `act_hi_identitylink` VALUES ('75029', NULL, 'participant', 'pm', NULL, '75020');
INSERT INTO `act_hi_identitylink` VALUES ('75035', 'CA', 'candidate', NULL, '75034', NULL);
INSERT INTO `act_hi_identitylink` VALUES ('75037', NULL, 'participant', 'ca', NULL, '75020');
INSERT INTO `act_hi_identitylink` VALUES ('75042', 'FI', 'candidate', NULL, '75041', NULL);
INSERT INTO `act_hi_identitylink` VALUES ('75044', NULL, 'participant', 'FI', NULL, '75020');
INSERT INTO `act_hi_identitylink` VALUES ('75049', 'LM', 'candidate', NULL, '75048', NULL);
INSERT INTO `act_hi_identitylink` VALUES ('75053', NULL, 'participant', 'lm', NULL, '75020');
INSERT INTO `act_hi_identitylink` VALUES ('75058', 'CEO', 'candidate', NULL, '75057', NULL);
INSERT INTO `act_hi_identitylink` VALUES ('77503', NULL, 'starter', 'admin', NULL, '77501');
INSERT INTO `act_hi_identitylink` VALUES ('77508', 'PM', 'candidate', NULL, '77507', NULL);
INSERT INTO `act_hi_identitylink` VALUES ('77510', NULL, 'participant', 'pm', NULL, '77501');
INSERT INTO `act_hi_identitylink` VALUES ('77516', 'CA', 'candidate', NULL, '77515', NULL);
INSERT INTO `act_hi_identitylink` VALUES ('80003', NULL, 'starter', 'chengxy', NULL, '80001');
INSERT INTO `act_hi_identitylink` VALUES ('80008', 'PM', 'candidate', NULL, '80007', NULL);
INSERT INTO `act_hi_identitylink` VALUES ('80010', NULL, 'participant', 'pm', NULL, '80001');
INSERT INTO `act_hi_identitylink` VALUES ('80016', 'CA', 'candidate', NULL, '80015', NULL);
INSERT INTO `act_hi_identitylink` VALUES ('80018', NULL, 'participant', 'ca', NULL, '80001');
INSERT INTO `act_hi_identitylink` VALUES ('80023', 'FI', 'candidate', NULL, '80022', NULL);
INSERT INTO `act_hi_identitylink` VALUES ('80025', NULL, 'participant', 'FI', NULL, '80001');
INSERT INTO `act_hi_identitylink` VALUES ('80030', 'LM', 'candidate', NULL, '80029', NULL);
INSERT INTO `act_hi_identitylink` VALUES ('80032', NULL, 'participant', 'lm', NULL, '80001');
INSERT INTO `act_hi_identitylink` VALUES ('80037', 'CEO', 'candidate', NULL, '80036', NULL);
INSERT INTO `act_hi_identitylink` VALUES ('80039', NULL, 'participant', 'CEO', NULL, '80001');

-- ----------------------------
-- Table structure for act_hi_procinst
-- ----------------------------
DROP TABLE IF EXISTS `act_hi_procinst`;
CREATE TABLE `act_hi_procinst`  (
  `ID_` varchar(64) CHARACTER SET utf8 COLLATE utf8_bin NOT NULL,
  `PROC_INST_ID_` varchar(64) CHARACTER SET utf8 COLLATE utf8_bin NOT NULL,
  `BUSINESS_KEY_` varchar(255) CHARACTER SET utf8 COLLATE utf8_bin NULL DEFAULT NULL,
  `PROC_DEF_ID_` varchar(64) CHARACTER SET utf8 COLLATE utf8_bin NOT NULL,
  `START_TIME_` datetime(3) NOT NULL,
  `END_TIME_` datetime(3) NULL DEFAULT NULL,
  `DURATION_` bigint(20) NULL DEFAULT NULL,
  `START_USER_ID_` varchar(255) CHARACTER SET utf8 COLLATE utf8_bin NULL DEFAULT NULL,
  `START_ACT_ID_` varchar(255) CHARACTER SET utf8 COLLATE utf8_bin NULL DEFAULT NULL,
  `END_ACT_ID_` varchar(255) CHARACTER SET utf8 COLLATE utf8_bin NULL DEFAULT NULL,
  `SUPER_PROCESS_INSTANCE_ID_` varchar(64) CHARACTER SET utf8 COLLATE utf8_bin NULL DEFAULT NULL,
  `DELETE_REASON_` varchar(4000) CHARACTER SET utf8 COLLATE utf8_bin NULL DEFAULT NULL,
  `TENANT_ID_` varchar(255) CHARACTER SET utf8 COLLATE utf8_bin NULL DEFAULT '',
  `NAME_` varchar(255) CHARACTER SET utf8 COLLATE utf8_bin NULL DEFAULT NULL,
  PRIMARY KEY (`ID_`) USING BTREE,
  UNIQUE INDEX `PROC_INST_ID_`(`PROC_INST_ID_`) USING BTREE,
  INDEX `ACT_IDX_HI_PRO_INST_END`(`END_TIME_`) USING BTREE,
  INDEX `ACT_IDX_HI_PRO_I_BUSKEY`(`BUSINESS_KEY_`) USING BTREE
) ENGINE = InnoDB CHARACTER SET = utf8 COLLATE = utf8_bin ROW_FORMAT = Compact;

-- ----------------------------
-- Records of act_hi_procinst
-- ----------------------------
INSERT INTO `act_hi_procinst` VALUES ('60005', '60005', '22', 'leave:1:60004', '2020-03-08 13:48:25.403', '2020-03-08 13:51:05.222', 159819, 'chengxy', 'startevent1', 'endevent1', NULL, NULL, '', NULL);
INSERT INTO `act_hi_procinst` VALUES ('67529', '67529', '5', 'contract_purchase_exclusive:1:67528', '2020-03-16 19:49:36.199', NULL, NULL, 'chengxy', 'startevent1', NULL, NULL, NULL, '', NULL);
INSERT INTO `act_hi_procinst` VALUES ('70007', '70007', '6', 'contract_purchase_exclusive:1:67528', '2020-03-16 20:18:48.549', '2020-03-16 20:22:25.192', 216643, 'chengxy', 'startevent1', 'endevent1', NULL, NULL, '', NULL);
INSERT INTO `act_hi_procinst` VALUES ('72501', '72501', '23', 'leave:1:60004', '2020-03-17 11:15:50.696', NULL, NULL, 'chengxy', 'startevent1', NULL, NULL, NULL, '', NULL);
INSERT INTO `act_hi_procinst` VALUES ('72509', '72509', '8', 'contract_purchase_exclusive:1:67528', '2020-03-17 13:13:32.900', '2020-03-17 13:33:00.250', 1167350, 'chengxy', 'startevent1', 'endevent1', NULL, NULL, '', NULL);
INSERT INTO `act_hi_procinst` VALUES ('75020', '75020', '9', 'contract_purchase_exclusive:1:67528', '2020-03-17 13:34:49.714', NULL, NULL, 'chengxy', 'startevent1', NULL, NULL, NULL, '', NULL);
INSERT INTO `act_hi_procinst` VALUES ('77501', '77501', '10', 'contract_purchase_exclusive:1:67528', '2020-04-15 18:08:00.264', NULL, NULL, 'admin', 'startevent1', NULL, NULL, NULL, '', NULL);
INSERT INTO `act_hi_procinst` VALUES ('80001', '80001', '11', 'contract_purchase_exclusive:1:67528', '2020-05-08 17:09:19.196', '2020-05-08 17:14:55.298', 336102, 'chengxy', 'startevent1', 'endevent1', NULL, NULL, '', NULL);

-- ----------------------------
-- Table structure for act_hi_taskinst
-- ----------------------------
DROP TABLE IF EXISTS `act_hi_taskinst`;
CREATE TABLE `act_hi_taskinst`  (
  `ID_` varchar(64) CHARACTER SET utf8 COLLATE utf8_bin NOT NULL,
  `PROC_DEF_ID_` varchar(64) CHARACTER SET utf8 COLLATE utf8_bin NULL DEFAULT NULL,
  `TASK_DEF_KEY_` varchar(255) CHARACTER SET utf8 COLLATE utf8_bin NULL DEFAULT NULL,
  `PROC_INST_ID_` varchar(64) CHARACTER SET utf8 COLLATE utf8_bin NULL DEFAULT NULL,
  `EXECUTION_ID_` varchar(64) CHARACTER SET utf8 COLLATE utf8_bin NULL DEFAULT NULL,
  `NAME_` varchar(255) CHARACTER SET utf8 COLLATE utf8_bin NULL DEFAULT NULL,
  `PARENT_TASK_ID_` varchar(64) CHARACTER SET utf8 COLLATE utf8_bin NULL DEFAULT NULL,
  `DESCRIPTION_` varchar(4000) CHARACTER SET utf8 COLLATE utf8_bin NULL DEFAULT NULL,
  `OWNER_` varchar(255) CHARACTER SET utf8 COLLATE utf8_bin NULL DEFAULT NULL,
  `ASSIGNEE_` varchar(255) CHARACTER SET utf8 COLLATE utf8_bin NULL DEFAULT NULL,
  `START_TIME_` datetime(3) NOT NULL,
  `CLAIM_TIME_` datetime(3) NULL DEFAULT NULL,
  `END_TIME_` datetime(3) NULL DEFAULT NULL,
  `DURATION_` bigint(20) NULL DEFAULT NULL,
  `DELETE_REASON_` varchar(4000) CHARACTER SET utf8 COLLATE utf8_bin NULL DEFAULT NULL,
  `PRIORITY_` int(11) NULL DEFAULT NULL,
  `DUE_DATE_` datetime(3) NULL DEFAULT NULL,
  `FORM_KEY_` varchar(255) CHARACTER SET utf8 COLLATE utf8_bin NULL DEFAULT NULL,
  `CATEGORY_` varchar(255) CHARACTER SET utf8 COLLATE utf8_bin NULL DEFAULT NULL,
  `TENANT_ID_` varchar(255) CHARACTER SET utf8 COLLATE utf8_bin NULL DEFAULT '',
  PRIMARY KEY (`ID_`) USING BTREE,
  INDEX `ACT_IDX_HI_TASK_INST_PROCINST`(`PROC_INST_ID_`) USING BTREE
) ENGINE = InnoDB CHARACTER SET = utf8 COLLATE = utf8_bin ROW_FORMAT = Compact;

-- ----------------------------
-- Records of act_hi_taskinst
-- ----------------------------
INSERT INTO `act_hi_taskinst` VALUES ('60011', 'leave:1:60004', 'deptLeaderVerify', '60005', '60008', '', NULL, NULL, NULL, 'ry', '2020-03-08 13:48:25.545', '2020-03-08 13:49:15.053', '2020-03-08 13:49:15.068', 49523, NULL, 50, NULL, NULL, NULL, '');
INSERT INTO `act_hi_taskinst` VALUES ('60019', 'leave:1:60004', 'hrVerify', '60005', '60008', '', NULL, NULL, NULL, 'hr001', '2020-03-08 13:49:15.075', '2020-03-08 13:50:29.768', '2020-03-08 13:50:29.782', 74707, NULL, 50, NULL, NULL, NULL, '');
INSERT INTO `act_hi_taskinst` VALUES ('60026', 'leave:1:60004', 'reportBack', '60005', '60008', '', NULL, NULL, NULL, 'chengxy', '2020-03-08 13:50:29.784', '2020-03-08 13:51:05.045', '2020-03-08 13:51:05.213', 35429, NULL, 50, NULL, NULL, NULL, '');
INSERT INTO `act_hi_taskinst` VALUES ('67535', 'contract_purchase_exclusive:1:67528', 'PMVerify', '67529', '67532', '', NULL, NULL, NULL, 'pm', '2020-03-16 19:49:36.203', '2020-03-16 19:50:37.322', '2020-03-16 19:50:37.395', 61192, NULL, 50, NULL, NULL, NULL, '');
INSERT INTO `act_hi_taskinst` VALUES ('67543', 'contract_purchase_exclusive:1:67528', 'CAVerify', '67529', '67532', '', NULL, NULL, NULL, 'ca', '2020-03-16 19:50:37.400', '2020-03-16 19:51:58.883', '2020-03-16 19:51:59.053', 81653, NULL, 50, NULL, NULL, NULL, '');
INSERT INTO `act_hi_taskinst` VALUES ('67550', 'contract_purchase_exclusive:1:67528', 'FIVerify', '67529', '67532', '', NULL, NULL, NULL, 'FI', '2020-03-16 19:51:59.056', '2020-03-17 13:39:15.263', NULL, NULL, NULL, 50, NULL, NULL, NULL, '');
INSERT INTO `act_hi_taskinst` VALUES ('70013', 'contract_purchase_exclusive:1:67528', 'PMVerify', '70007', '70010', '', NULL, NULL, NULL, 'pm', '2020-03-16 20:18:48.604', '2020-03-16 20:19:27.429', '2020-03-16 20:19:27.521', 38917, NULL, 50, NULL, NULL, NULL, '');
INSERT INTO `act_hi_taskinst` VALUES ('70021', 'contract_purchase_exclusive:1:67528', 'CAVerify', '70007', '70010', '', NULL, NULL, NULL, 'ca', '2020-03-16 20:19:27.536', '2020-03-16 20:20:17.737', '2020-03-16 20:20:17.805', 50269, NULL, 50, NULL, NULL, NULL, '');
INSERT INTO `act_hi_taskinst` VALUES ('70028', 'contract_purchase_exclusive:1:67528', 'FIVerify', '70007', '70010', '', NULL, NULL, NULL, 'FI', '2020-03-16 20:20:17.811', '2020-03-16 20:20:50.791', '2020-03-16 20:20:50.858', 33047, NULL, 50, NULL, NULL, NULL, '');
INSERT INTO `act_hi_taskinst` VALUES ('70035', 'contract_purchase_exclusive:1:67528', 'LMVerify', '70007', '70010', '', NULL, NULL, NULL, 'lm', '2020-03-16 20:20:50.863', '2020-03-16 20:21:45.780', '2020-03-16 20:21:45.871', 55008, NULL, 50, NULL, NULL, NULL, '');
INSERT INTO `act_hi_taskinst` VALUES ('70042', 'contract_purchase_exclusive:1:67528', 'CEOVerify', '70007', '70010', '', NULL, NULL, NULL, 'CEO', '2020-03-16 20:21:45.876', '2020-03-16 20:22:25.068', '2020-03-16 20:22:25.138', 39262, NULL, 50, NULL, NULL, NULL, '');
INSERT INTO `act_hi_taskinst` VALUES ('72507', 'leave:1:60004', 'deptLeaderVerify', '72501', '72504', '', NULL, NULL, NULL, NULL, '2020-03-17 11:15:50.942', NULL, NULL, NULL, NULL, 50, NULL, NULL, NULL, '');
INSERT INTO `act_hi_taskinst` VALUES ('72515', 'contract_purchase_exclusive:1:67528', 'PMVerify', '72509', '72512', '', NULL, NULL, NULL, 'pm', '2020-03-17 13:13:32.902', '2020-03-17 13:15:21.703', '2020-03-17 13:15:21.799', 108897, NULL, 50, NULL, NULL, NULL, '');
INSERT INTO `act_hi_taskinst` VALUES ('72523', 'contract_purchase_exclusive:1:67528', 'CAVerify', '72509', '72512', '', NULL, NULL, NULL, 'ca', '2020-03-17 13:15:21.832', '2020-03-17 13:17:44.913', '2020-03-17 13:17:45.055', 143223, NULL, 50, NULL, NULL, NULL, '');
INSERT INTO `act_hi_taskinst` VALUES ('72530', 'contract_purchase_exclusive:1:67528', 'FIVerify', '72509', '72512', '', NULL, NULL, NULL, 'FI', '2020-03-17 13:17:45.061', '2020-03-17 13:25:42.953', '2020-03-17 13:25:43.161', 478100, NULL, 50, NULL, NULL, NULL, '');
INSERT INTO `act_hi_taskinst` VALUES ('75006', 'contract_purchase_exclusive:1:67528', 'LMVerify', '72509', '72512', '', NULL, NULL, NULL, 'lm', '2020-03-17 13:25:43.226', '2020-03-17 13:27:38.876', '2020-03-17 13:27:39.035', 115809, NULL, 50, NULL, NULL, NULL, '');
INSERT INTO `act_hi_taskinst` VALUES ('75013', 'contract_purchase_exclusive:1:67528', 'CEOVerify', '72509', '72512', '', NULL, NULL, NULL, 'CEO', '2020-03-17 13:27:39.043', '2020-03-17 13:33:00.042', '2020-03-17 13:33:00.120', 321077, NULL, 50, NULL, NULL, NULL, '');
INSERT INTO `act_hi_taskinst` VALUES ('75026', 'contract_purchase_exclusive:1:67528', 'PMVerify', '75020', '75023', '', NULL, NULL, NULL, 'pm', '2020-03-17 13:34:49.718', '2020-03-17 13:35:26.072', '2020-03-17 13:35:26.143', 36425, NULL, 50, NULL, NULL, NULL, '');
INSERT INTO `act_hi_taskinst` VALUES ('75034', 'contract_purchase_exclusive:1:67528', 'CAVerify', '75020', '75023', '', NULL, NULL, NULL, 'ca', '2020-03-17 13:35:26.148', '2020-03-17 13:37:06.723', '2020-03-17 13:37:06.831', 100683, NULL, 50, NULL, NULL, NULL, '');
INSERT INTO `act_hi_taskinst` VALUES ('75041', 'contract_purchase_exclusive:1:67528', 'FIVerify', '75020', '75023', '', NULL, NULL, NULL, 'FI', '2020-03-17 13:37:06.836', '2020-03-17 13:38:06.662', '2020-03-17 13:38:06.736', 59900, NULL, 50, NULL, NULL, NULL, '');
INSERT INTO `act_hi_taskinst` VALUES ('75048', 'contract_purchase_exclusive:1:67528', 'LMVerify', '75020', '75023', '', NULL, NULL, NULL, 'lm', '2020-03-17 13:38:06.741', '2020-03-17 13:39:52.801', '2020-03-17 13:39:52.864', 106123, NULL, 50, NULL, NULL, NULL, '');
INSERT INTO `act_hi_taskinst` VALUES ('75057', 'contract_purchase_exclusive:1:67528', 'CEOVerify', '75020', '75023', '', NULL, NULL, NULL, NULL, '2020-03-17 13:39:52.869', NULL, NULL, NULL, NULL, 50, NULL, NULL, NULL, '');
INSERT INTO `act_hi_taskinst` VALUES ('77507', 'contract_purchase_exclusive:1:67528', 'PMVerify', '77501', '77504', '', NULL, NULL, NULL, 'pm', '2020-04-15 18:08:00.338', '2020-04-15 18:24:14.788', '2020-04-15 18:24:14.877', 974539, NULL, 50, NULL, NULL, NULL, '');
INSERT INTO `act_hi_taskinst` VALUES ('77515', 'contract_purchase_exclusive:1:67528', 'CAVerify', '77501', '77504', '', NULL, NULL, NULL, NULL, '2020-04-15 18:24:14.885', NULL, NULL, NULL, NULL, 50, NULL, NULL, NULL, '');
INSERT INTO `act_hi_taskinst` VALUES ('80007', 'contract_purchase_exclusive:1:67528', 'PMVerify', '80001', '80004', '', NULL, NULL, NULL, 'pm', '2020-05-08 17:09:19.335', '2020-05-08 17:10:31.534', '2020-05-08 17:10:31.679', 72344, NULL, 50, NULL, NULL, NULL, '');
INSERT INTO `act_hi_taskinst` VALUES ('80015', 'contract_purchase_exclusive:1:67528', 'CAVerify', '80001', '80004', '', NULL, NULL, NULL, 'ca', '2020-05-08 17:10:31.722', '2020-05-08 17:11:50.412', '2020-05-08 17:11:50.481', 78759, NULL, 50, NULL, NULL, NULL, '');
INSERT INTO `act_hi_taskinst` VALUES ('80022', 'contract_purchase_exclusive:1:67528', 'FIVerify', '80001', '80004', '', NULL, NULL, NULL, 'FI', '2020-05-08 17:11:50.485', '2020-05-08 17:12:32.563', '2020-05-08 17:12:32.648', 42163, NULL, 50, NULL, NULL, NULL, '');
INSERT INTO `act_hi_taskinst` VALUES ('80029', 'contract_purchase_exclusive:1:67528', 'LMVerify', '80001', '80004', '', NULL, NULL, NULL, 'lm', '2020-05-08 17:12:32.654', '2020-05-08 17:14:27.081', '2020-05-08 17:14:27.206', 114552, NULL, 50, NULL, NULL, NULL, '');
INSERT INTO `act_hi_taskinst` VALUES ('80036', 'contract_purchase_exclusive:1:67528', 'CEOVerify', '80001', '80004', '', NULL, NULL, NULL, 'CEO', '2020-05-08 17:14:27.212', '2020-05-08 17:14:55.109', '2020-05-08 17:14:55.178', 27966, NULL, 50, NULL, NULL, NULL, '');

-- ----------------------------
-- Table structure for act_hi_varinst
-- ----------------------------
DROP TABLE IF EXISTS `act_hi_varinst`;
CREATE TABLE `act_hi_varinst`  (
  `ID_` varchar(64) CHARACTER SET utf8 COLLATE utf8_bin NOT NULL,
  `PROC_INST_ID_` varchar(64) CHARACTER SET utf8 COLLATE utf8_bin NULL DEFAULT NULL,
  `EXECUTION_ID_` varchar(64) CHARACTER SET utf8 COLLATE utf8_bin NULL DEFAULT NULL,
  `TASK_ID_` varchar(64) CHARACTER SET utf8 COLLATE utf8_bin NULL DEFAULT NULL,
  `NAME_` varchar(255) CHARACTER SET utf8 COLLATE utf8_bin NOT NULL,
  `VAR_TYPE_` varchar(100) CHARACTER SET utf8 COLLATE utf8_bin NULL DEFAULT NULL,
  `REV_` int(11) NULL DEFAULT NULL,
  `BYTEARRAY_ID_` varchar(64) CHARACTER SET utf8 COLLATE utf8_bin NULL DEFAULT NULL,
  `DOUBLE_` double NULL DEFAULT NULL,
  `LONG_` bigint(20) NULL DEFAULT NULL,
  `TEXT_` varchar(4000) CHARACTER SET utf8 COLLATE utf8_bin NULL DEFAULT NULL,
  `TEXT2_` varchar(4000) CHARACTER SET utf8 COLLATE utf8_bin NULL DEFAULT NULL,
  `CREATE_TIME_` datetime(3) NULL DEFAULT NULL,
  `LAST_UPDATED_TIME_` datetime(3) NULL DEFAULT NULL,
  PRIMARY KEY (`ID_`) USING BTREE,
  INDEX `ACT_IDX_HI_PROCVAR_PROC_INST`(`PROC_INST_ID_`) USING BTREE,
  INDEX `ACT_IDX_HI_PROCVAR_NAME_TYPE`(`NAME_`, `VAR_TYPE_`) USING BTREE,
  INDEX `ACT_IDX_HI_PROCVAR_TASK_ID`(`TASK_ID_`) USING BTREE
) ENGINE = InnoDB CHARACTER SET = utf8 COLLATE = utf8_bin ROW_FORMAT = Compact;

-- ----------------------------
-- Records of act_hi_varinst
-- ----------------------------
INSERT INTO `act_hi_varinst` VALUES ('60006', '60005', '60005', NULL, 'applyUserId', 'string', 0, NULL, NULL, NULL, 'chengxy', NULL, '2020-03-08 13:48:25.403', '2020-03-08 13:48:25.403');
INSERT INTO `act_hi_varinst` VALUES ('60015', '60005', '60005', NULL, 'deptLeaderApproved', 'boolean', 0, NULL, NULL, 1, NULL, NULL, '2020-03-08 13:49:15.065', '2020-03-08 13:49:15.065');
INSERT INTO `act_hi_varinst` VALUES ('60016', '60005', '60005', NULL, 'comment', 'string', 1, NULL, NULL, NULL, '', NULL, '2020-03-08 13:49:15.065', '2020-03-08 13:50:29.780');
INSERT INTO `act_hi_varinst` VALUES ('60023', '60005', '60005', NULL, 'hrApproved', 'boolean', 0, NULL, NULL, 1, NULL, NULL, '2020-03-08 13:50:29.780', '2020-03-08 13:50:29.780');
INSERT INTO `act_hi_varinst` VALUES ('60027', '60005', '60005', NULL, 'realityEndTime', 'date', 0, NULL, NULL, 1583769600000, NULL, NULL, '2020-03-08 13:51:05.050', '2020-03-08 13:51:05.050');
INSERT INTO `act_hi_varinst` VALUES ('60028', '60005', '60005', NULL, 'realityStartTime', 'date', 0, NULL, NULL, 1583683200000, NULL, NULL, '2020-03-08 13:51:05.050', '2020-03-08 13:51:05.050');
INSERT INTO `act_hi_varinst` VALUES ('67530', '67529', '67529', NULL, 'applyUserId', 'string', 0, NULL, NULL, NULL, 'chengxy', NULL, '2020-03-16 19:49:36.199', '2020-03-16 19:49:36.199');
INSERT INTO `act_hi_varinst` VALUES ('67539', '67529', '67529', NULL, 'comment', 'string', 1, NULL, NULL, NULL, '11', NULL, '2020-03-16 19:50:37.390', '2020-03-16 19:51:59.046');
INSERT INTO `act_hi_varinst` VALUES ('67540', '67529', '67529', NULL, 'PMApproved', 'boolean', 0, NULL, NULL, 1, NULL, NULL, '2020-03-16 19:50:37.390', '2020-03-16 19:50:37.390');
INSERT INTO `act_hi_varinst` VALUES ('67547', '67529', '67529', NULL, 'CAApproved', 'boolean', 0, NULL, NULL, 1, NULL, NULL, '2020-03-16 19:51:59.046', '2020-03-16 19:51:59.046');
INSERT INTO `act_hi_varinst` VALUES ('70008', '70007', '70007', NULL, 'applyUserId', 'string', 0, NULL, NULL, NULL, 'chengxy', NULL, '2020-03-16 20:18:48.549', '2020-03-16 20:18:48.549');
INSERT INTO `act_hi_varinst` VALUES ('70017', '70007', '70007', NULL, 'comment', 'string', 4, NULL, NULL, NULL, '1111', NULL, '2020-03-16 20:19:27.512', '2020-03-16 20:22:25.132');
INSERT INTO `act_hi_varinst` VALUES ('70018', '70007', '70007', NULL, 'PMApproved', 'boolean', 0, NULL, NULL, 1, NULL, NULL, '2020-03-16 20:19:27.513', '2020-03-16 20:19:27.513');
INSERT INTO `act_hi_varinst` VALUES ('70025', '70007', '70007', NULL, 'CAApproved', 'boolean', 0, NULL, NULL, 1, NULL, NULL, '2020-03-16 20:20:17.799', '2020-03-16 20:20:17.799');
INSERT INTO `act_hi_varinst` VALUES ('70032', '70007', '70007', NULL, 'FIApproved', 'boolean', 0, NULL, NULL, 1, NULL, NULL, '2020-03-16 20:20:50.851', '2020-03-16 20:20:50.851');
INSERT INTO `act_hi_varinst` VALUES ('70039', '70007', '70007', NULL, 'LMApproved', 'boolean', 0, NULL, NULL, 1, NULL, NULL, '2020-03-16 20:21:45.863', '2020-03-16 20:21:45.863');
INSERT INTO `act_hi_varinst` VALUES ('70046', '70007', '70007', NULL, 'CEOApproved', 'boolean', 0, NULL, NULL, 1, NULL, NULL, '2020-03-16 20:22:25.130', '2020-03-16 20:22:25.130');
INSERT INTO `act_hi_varinst` VALUES ('72502', '72501', '72501', NULL, 'applyUserId', 'string', 0, NULL, NULL, NULL, 'chengxy', NULL, '2020-03-17 11:15:50.767', '2020-03-17 11:15:50.767');
INSERT INTO `act_hi_varinst` VALUES ('72510', '72509', '72509', NULL, 'applyUserId', 'string', 0, NULL, NULL, NULL, 'chengxy', NULL, '2020-03-17 13:13:32.901', '2020-03-17 13:13:32.901');
INSERT INTO `act_hi_varinst` VALUES ('72519', '72509', '72509', NULL, 'comment', 'string', 4, NULL, NULL, NULL, 'qqq', NULL, '2020-03-17 13:15:21.789', '2020-03-17 13:33:00.114');
INSERT INTO `act_hi_varinst` VALUES ('72520', '72509', '72509', NULL, 'PMApproved', 'boolean', 0, NULL, NULL, 1, NULL, NULL, '2020-03-17 13:15:21.789', '2020-03-17 13:15:21.789');
INSERT INTO `act_hi_varinst` VALUES ('72527', '72509', '72509', NULL, 'CAApproved', 'boolean', 0, NULL, NULL, 1, NULL, NULL, '2020-03-17 13:17:45.049', '2020-03-17 13:17:45.049');
INSERT INTO `act_hi_varinst` VALUES ('75003', '72509', '72509', NULL, 'FIApproved', 'boolean', 0, NULL, NULL, 1, NULL, NULL, '2020-03-17 13:25:43.139', '2020-03-17 13:25:43.139');
INSERT INTO `act_hi_varinst` VALUES ('75010', '72509', '72509', NULL, 'LMApproved', 'boolean', 0, NULL, NULL, 1, NULL, NULL, '2020-03-17 13:27:39.017', '2020-03-17 13:27:39.017');
INSERT INTO `act_hi_varinst` VALUES ('75017', '72509', '72509', NULL, 'CEOApproved', 'boolean', 0, NULL, NULL, 1, NULL, NULL, '2020-03-17 13:33:00.112', '2020-03-17 13:33:00.112');
INSERT INTO `act_hi_varinst` VALUES ('75021', '75020', '75020', NULL, 'applyUserId', 'string', 0, NULL, NULL, NULL, 'chengxy', NULL, '2020-03-17 13:34:49.714', '2020-03-17 13:34:49.714');
INSERT INTO `act_hi_varinst` VALUES ('75030', '75020', '75020', NULL, 'comment', 'string', 3, NULL, NULL, NULL, '1111', NULL, '2020-03-17 13:35:26.137', '2020-03-17 13:39:52.859');
INSERT INTO `act_hi_varinst` VALUES ('75031', '75020', '75020', NULL, 'PMApproved', 'boolean', 0, NULL, NULL, 1, NULL, NULL, '2020-03-17 13:35:26.137', '2020-03-17 13:35:26.137');
INSERT INTO `act_hi_varinst` VALUES ('75038', '75020', '75020', NULL, 'CAApproved', 'boolean', 0, NULL, NULL, 1, NULL, NULL, '2020-03-17 13:37:06.825', '2020-03-17 13:37:06.825');
INSERT INTO `act_hi_varinst` VALUES ('75045', '75020', '75020', NULL, 'FIApproved', 'boolean', 0, NULL, NULL, 1, NULL, NULL, '2020-03-17 13:38:06.729', '2020-03-17 13:38:06.729');
INSERT INTO `act_hi_varinst` VALUES ('75054', '75020', '75020', NULL, 'LMApproved', 'boolean', 0, NULL, NULL, 1, NULL, NULL, '2020-03-17 13:39:52.858', '2020-03-17 13:39:52.858');
INSERT INTO `act_hi_varinst` VALUES ('77502', '77501', '77501', NULL, 'applyUserId', 'string', 0, NULL, NULL, NULL, 'admin', NULL, '2020-04-15 18:08:00.315', '2020-04-15 18:08:00.315');
INSERT INTO `act_hi_varinst` VALUES ('77511', '77501', '77501', NULL, 'comment', 'string', 0, NULL, NULL, NULL, '', NULL, '2020-04-15 18:24:14.871', '2020-04-15 18:24:14.871');
INSERT INTO `act_hi_varinst` VALUES ('77512', '77501', '77501', NULL, 'PMApproved', 'boolean', 0, NULL, NULL, 1, NULL, NULL, '2020-04-15 18:24:14.871', '2020-04-15 18:24:14.871');
INSERT INTO `act_hi_varinst` VALUES ('80002', '80001', '80001', NULL, 'applyUserId', 'string', 0, NULL, NULL, NULL, 'chengxy', NULL, '2020-05-08 17:09:19.257', '2020-05-08 17:09:19.257');
INSERT INTO `act_hi_varinst` VALUES ('80011', '80001', '80001', NULL, 'comment', 'string', 4, NULL, NULL, NULL, '777', NULL, '2020-05-08 17:10:31.672', '2020-05-08 17:14:55.172');
INSERT INTO `act_hi_varinst` VALUES ('80012', '80001', '80001', NULL, 'PMApproved', 'boolean', 0, NULL, NULL, 1, NULL, NULL, '2020-05-08 17:10:31.672', '2020-05-08 17:10:31.672');
INSERT INTO `act_hi_varinst` VALUES ('80019', '80001', '80001', NULL, 'CAApproved', 'boolean', 0, NULL, NULL, 1, NULL, NULL, '2020-05-08 17:11:50.475', '2020-05-08 17:11:50.475');
INSERT INTO `act_hi_varinst` VALUES ('80026', '80001', '80001', NULL, 'FIApproved', 'boolean', 0, NULL, NULL, 1, NULL, NULL, '2020-05-08 17:12:32.637', '2020-05-08 17:12:32.637');
INSERT INTO `act_hi_varinst` VALUES ('80033', '80001', '80001', NULL, 'LMApproved', 'boolean', 0, NULL, NULL, 1, NULL, NULL, '2020-05-08 17:14:27.198', '2020-05-08 17:14:27.198');
INSERT INTO `act_hi_varinst` VALUES ('80040', '80001', '80001', NULL, 'CEOApproved', 'boolean', 0, NULL, NULL, 1, NULL, NULL, '2020-05-08 17:14:55.170', '2020-05-08 17:14:55.170');

-- ----------------------------
-- Table structure for act_id_group
-- ----------------------------
DROP TABLE IF EXISTS `act_id_group`;
CREATE TABLE `act_id_group`  (
  `ID_` varchar(64) CHARACTER SET utf8 COLLATE utf8_bin NOT NULL DEFAULT '',
  `REV_` int(11) NULL DEFAULT NULL,
  `NAME_` varchar(255) CHARACTER SET utf8 COLLATE utf8_bin NULL DEFAULT NULL,
  `TYPE_` varchar(255) CHARACTER SET utf8 COLLATE utf8_bin NULL DEFAULT NULL,
  PRIMARY KEY (`ID_`) USING BTREE
) ENGINE = InnoDB CHARACTER SET = utf8 COLLATE = utf8_bin ROW_FORMAT = Compact;

-- ----------------------------
-- Records of act_id_group
-- ----------------------------
INSERT INTO `act_id_group` VALUES ('CA', NULL, '', NULL);
INSERT INTO `act_id_group` VALUES ('CEO', NULL, '', NULL);
INSERT INTO `act_id_group` VALUES ('FI', NULL, '', NULL);
INSERT INTO `act_id_group` VALUES ('LM', NULL, '', NULL);
INSERT INTO `act_id_group` VALUES ('PM', NULL, '', NULL);
INSERT INTO `act_id_group` VALUES ('deptLeader', NULL, '', NULL);
INSERT INTO `act_id_group` VALUES ('hr', NULL, '', NULL);

-- ----------------------------
-- Table structure for act_id_info
-- ----------------------------
DROP TABLE IF EXISTS `act_id_info`;
CREATE TABLE `act_id_info`  (
  `ID_` varchar(64) CHARACTER SET utf8 COLLATE utf8_bin NOT NULL DEFAULT '',
  `REV_` int(11) NULL DEFAULT NULL,
  `USER_ID_` varchar(64) CHARACTER SET utf8 COLLATE utf8_bin NULL DEFAULT NULL,
  `TYPE_` varchar(64) CHARACTER SET utf8 COLLATE utf8_bin NULL DEFAULT NULL,
  `KEY_` varchar(255) CHARACTER SET utf8 COLLATE utf8_bin NULL DEFAULT NULL,
  `VALUE_` varchar(255) CHARACTER SET utf8 COLLATE utf8_bin NULL DEFAULT NULL,
  `PASSWORD_` longblob NULL,
  `PARENT_ID_` varchar(255) CHARACTER SET utf8 COLLATE utf8_bin NULL DEFAULT NULL,
  PRIMARY KEY (`ID_`) USING BTREE
) ENGINE = InnoDB CHARACTER SET = utf8 COLLATE = utf8_bin ROW_FORMAT = Compact;

-- ----------------------------
-- Table structure for act_id_membership
-- ----------------------------
DROP TABLE IF EXISTS `act_id_membership`;
CREATE TABLE `act_id_membership`  (
  `USER_ID_` varchar(64) CHARACTER SET utf8 COLLATE utf8_bin NOT NULL DEFAULT '',
  `GROUP_ID_` varchar(64) CHARACTER SET utf8 COLLATE utf8_bin NOT NULL DEFAULT '',
  PRIMARY KEY (`USER_ID_`, `GROUP_ID_`) USING BTREE,
  INDEX `ACT_FK_MEMB_GROUP`(`GROUP_ID_`) USING BTREE,
  CONSTRAINT `ACT_FK_MEMB_GROUP` FOREIGN KEY (`GROUP_ID_`) REFERENCES `act_id_group` (`ID_`) ON DELETE RESTRICT ON UPDATE RESTRICT,
  CONSTRAINT `ACT_FK_MEMB_USER` FOREIGN KEY (`USER_ID_`) REFERENCES `act_id_user` (`ID_`) ON DELETE RESTRICT ON UPDATE RESTRICT
) ENGINE = InnoDB CHARACTER SET = utf8 COLLATE = utf8_bin ROW_FORMAT = Compact;

-- ----------------------------
-- Records of act_id_membership
-- ----------------------------
INSERT INTO `act_id_membership` VALUES ('ca', 'CA');
INSERT INTO `act_id_membership` VALUES ('CEO', 'CEO');
INSERT INTO `act_id_membership` VALUES ('FI', 'FI');
INSERT INTO `act_id_membership` VALUES ('lm', 'LM');
INSERT INTO `act_id_membership` VALUES ('pm', 'PM');
INSERT INTO `act_id_membership` VALUES ('ry', 'deptLeader');
INSERT INTO `act_id_membership` VALUES ('hr001', 'hr');

-- ----------------------------
-- Table structure for act_id_user
-- ----------------------------
DROP TABLE IF EXISTS `act_id_user`;
CREATE TABLE `act_id_user`  (
  `ID_` varchar(64) CHARACTER SET utf8 COLLATE utf8_bin NOT NULL DEFAULT '',
  `REV_` int(11) NULL DEFAULT NULL,
  `FIRST_` varchar(255) CHARACTER SET utf8 COLLATE utf8_bin NULL DEFAULT NULL,
  `LAST_` varchar(255) CHARACTER SET utf8 COLLATE utf8_bin NULL DEFAULT NULL,
  `EMAIL_` varchar(255) CHARACTER SET utf8 COLLATE utf8_bin NULL DEFAULT NULL,
  `PWD_` varchar(255) CHARACTER SET utf8 COLLATE utf8_bin NULL DEFAULT NULL,
  `PICTURE_ID_` varchar(64) CHARACTER SET utf8 COLLATE utf8_bin NULL DEFAULT NULL,
  PRIMARY KEY (`ID_`) USING BTREE
) ENGINE = InnoDB CHARACTER SET = utf8 COLLATE = utf8_bin ROW_FORMAT = Compact;

-- ----------------------------
-- Records of act_id_user
-- ----------------------------
INSERT INTO `act_id_user` VALUES ('CEO', NULL, '', NULL, NULL, NULL, NULL);
INSERT INTO `act_id_user` VALUES ('FI', NULL, '', NULL, NULL, NULL, NULL);
INSERT INTO `act_id_user` VALUES ('ca', NULL, '', NULL, NULL, NULL, NULL);
INSERT INTO `act_id_user` VALUES ('chengxy', NULL, '', NULL, NULL, NULL, NULL);
INSERT INTO `act_id_user` VALUES ('hr001', NULL, '1', NULL, NULL, NULL, NULL);
INSERT INTO `act_id_user` VALUES ('lm', NULL, '', NULL, NULL, NULL, NULL);
INSERT INTO `act_id_user` VALUES ('pm', NULL, '', NULL, NULL, NULL, NULL);
INSERT INTO `act_id_user` VALUES ('ry', NULL, '', NULL, NULL, NULL, NULL);

-- ----------------------------
-- Table structure for act_procdef_info
-- ----------------------------
DROP TABLE IF EXISTS `act_procdef_info`;
CREATE TABLE `act_procdef_info`  (
  `ID_` varchar(64) CHARACTER SET utf8 COLLATE utf8_bin NOT NULL,
  `PROC_DEF_ID_` varchar(64) CHARACTER SET utf8 COLLATE utf8_bin NOT NULL,
  `REV_` int(11) NULL DEFAULT NULL,
  `INFO_JSON_ID_` varchar(64) CHARACTER SET utf8 COLLATE utf8_bin NULL DEFAULT NULL,
  PRIMARY KEY (`ID_`) USING BTREE,
  UNIQUE INDEX `ACT_UNIQ_INFO_PROCDEF`(`PROC_DEF_ID_`) USING BTREE,
  INDEX `ACT_IDX_INFO_PROCDEF`(`PROC_DEF_ID_`) USING BTREE,
  INDEX `ACT_FK_INFO_JSON_BA`(`INFO_JSON_ID_`) USING BTREE,
  CONSTRAINT `ACT_FK_INFO_JSON_BA` FOREIGN KEY (`INFO_JSON_ID_`) REFERENCES `act_ge_bytearray` (`ID_`) ON DELETE RESTRICT ON UPDATE RESTRICT,
  CONSTRAINT `ACT_FK_INFO_PROCDEF` FOREIGN KEY (`PROC_DEF_ID_`) REFERENCES `act_re_procdef` (`ID_`) ON DELETE RESTRICT ON UPDATE RESTRICT
) ENGINE = InnoDB CHARACTER SET = utf8 COLLATE = utf8_bin ROW_FORMAT = Compact;

-- ----------------------------
-- Table structure for act_re_deployment
-- ----------------------------
DROP TABLE IF EXISTS `act_re_deployment`;
CREATE TABLE `act_re_deployment`  (
  `ID_` varchar(64) CHARACTER SET utf8 COLLATE utf8_bin NOT NULL DEFAULT '',
  `NAME_` varchar(255) CHARACTER SET utf8 COLLATE utf8_bin NULL DEFAULT NULL,
  `CATEGORY_` varchar(255) CHARACTER SET utf8 COLLATE utf8_bin NULL DEFAULT NULL,
  `KEY_` varchar(255) CHARACTER SET utf8 COLLATE utf8_bin NULL DEFAULT NULL,
  `TENANT_ID_` varchar(255) CHARACTER SET utf8 COLLATE utf8_bin NULL DEFAULT '',
  `DEPLOY_TIME_` timestamp(3) NULL DEFAULT NULL,
  `ENGINE_VERSION_` varchar(255) CHARACTER SET utf8 COLLATE utf8_bin NULL DEFAULT NULL,
  PRIMARY KEY (`ID_`) USING BTREE
) ENGINE = InnoDB CHARACTER SET = utf8 COLLATE = utf8_bin ROW_FORMAT = Compact;

-- ----------------------------
-- Records of act_re_deployment
-- ----------------------------
INSERT INTO `act_re_deployment` VALUES ('60001', NULL, NULL, NULL, '', '2020-03-08 13:47:22.321', NULL);
INSERT INTO `act_re_deployment` VALUES ('67525', NULL, NULL, NULL, '', '2020-03-16 19:47:32.671', NULL);

-- ----------------------------
-- Table structure for act_re_model
-- ----------------------------
DROP TABLE IF EXISTS `act_re_model`;
CREATE TABLE `act_re_model`  (
  `ID_` varchar(64) CHARACTER SET utf8 COLLATE utf8_bin NOT NULL,
  `REV_` int(11) NULL DEFAULT NULL,
  `NAME_` varchar(255) CHARACTER SET utf8 COLLATE utf8_bin NULL DEFAULT NULL,
  `KEY_` varchar(255) CHARACTER SET utf8 COLLATE utf8_bin NULL DEFAULT NULL,
  `CATEGORY_` varchar(255) CHARACTER SET utf8 COLLATE utf8_bin NULL DEFAULT NULL,
  `CREATE_TIME_` timestamp(3) NULL DEFAULT NULL,
  `LAST_UPDATE_TIME_` timestamp(3) NULL DEFAULT NULL,
  `VERSION_` int(11) NULL DEFAULT NULL,
  `META_INFO_` varchar(4000) CHARACTER SET utf8 COLLATE utf8_bin NULL DEFAULT NULL,
  `DEPLOYMENT_ID_` varchar(64) CHARACTER SET utf8 COLLATE utf8_bin NULL DEFAULT NULL,
  `EDITOR_SOURCE_VALUE_ID_` varchar(64) CHARACTER SET utf8 COLLATE utf8_bin NULL DEFAULT NULL,
  `EDITOR_SOURCE_EXTRA_VALUE_ID_` varchar(64) CHARACTER SET utf8 COLLATE utf8_bin NULL DEFAULT NULL,
  `TENANT_ID_` varchar(255) CHARACTER SET utf8 COLLATE utf8_bin NULL DEFAULT '',
  PRIMARY KEY (`ID_`) USING BTREE,
  INDEX `ACT_FK_MODEL_SOURCE`(`EDITOR_SOURCE_VALUE_ID_`) USING BTREE,
  INDEX `ACT_FK_MODEL_SOURCE_EXTRA`(`EDITOR_SOURCE_EXTRA_VALUE_ID_`) USING BTREE,
  INDEX `ACT_FK_MODEL_DEPLOYMENT`(`DEPLOYMENT_ID_`) USING BTREE,
  CONSTRAINT `ACT_FK_MODEL_DEPLOYMENT` FOREIGN KEY (`DEPLOYMENT_ID_`) REFERENCES `act_re_deployment` (`ID_`) ON DELETE RESTRICT ON UPDATE RESTRICT,
  CONSTRAINT `ACT_FK_MODEL_SOURCE` FOREIGN KEY (`EDITOR_SOURCE_VALUE_ID_`) REFERENCES `act_ge_bytearray` (`ID_`) ON DELETE RESTRICT ON UPDATE RESTRICT,
  CONSTRAINT `ACT_FK_MODEL_SOURCE_EXTRA` FOREIGN KEY (`EDITOR_SOURCE_EXTRA_VALUE_ID_`) REFERENCES `act_ge_bytearray` (`ID_`) ON DELETE RESTRICT ON UPDATE RESTRICT
) ENGINE = InnoDB CHARACTER SET = utf8 COLLATE = utf8_bin ROW_FORMAT = Compact;

-- ----------------------------
-- Table structure for act_re_procdef
-- ----------------------------
DROP TABLE IF EXISTS `act_re_procdef`;
CREATE TABLE `act_re_procdef`  (
  `ID_` varchar(64) CHARACTER SET utf8 COLLATE utf8_bin NOT NULL,
  `REV_` int(11) NULL DEFAULT NULL,
  `CATEGORY_` varchar(255) CHARACTER SET utf8 COLLATE utf8_bin NULL DEFAULT NULL,
  `NAME_` varchar(255) CHARACTER SET utf8 COLLATE utf8_bin NULL DEFAULT NULL,
  `KEY_` varchar(255) CHARACTER SET utf8 COLLATE utf8_bin NOT NULL,
  `VERSION_` int(11) NOT NULL,
  `DEPLOYMENT_ID_` varchar(64) CHARACTER SET utf8 COLLATE utf8_bin NULL DEFAULT NULL,
  `RESOURCE_NAME_` varchar(4000) CHARACTER SET utf8 COLLATE utf8_bin NULL DEFAULT NULL,
  `DGRM_RESOURCE_NAME_` varchar(4000) CHARACTER SET utf8 COLLATE utf8_bin NULL DEFAULT NULL,
  `DESCRIPTION_` varchar(4000) CHARACTER SET utf8 COLLATE utf8_bin NULL DEFAULT NULL,
  `HAS_START_FORM_KEY_` tinyint(4) NULL DEFAULT NULL,
  `HAS_GRAPHICAL_NOTATION_` tinyint(4) NULL DEFAULT NULL,
  `SUSPENSION_STATE_` int(11) NULL DEFAULT NULL,
  `TENANT_ID_` varchar(255) CHARACTER SET utf8 COLLATE utf8_bin NULL DEFAULT '',
  `ENGINE_VERSION_` varchar(255) CHARACTER SET utf8 COLLATE utf8_bin NULL DEFAULT NULL,
  PRIMARY KEY (`ID_`) USING BTREE,
  UNIQUE INDEX `ACT_UNIQ_PROCDEF`(`KEY_`, `VERSION_`, `TENANT_ID_`) USING BTREE
) ENGINE = InnoDB CHARACTER SET = utf8 COLLATE = utf8_bin ROW_FORMAT = Compact;

-- ----------------------------
-- Records of act_re_procdef
-- ----------------------------
INSERT INTO `act_re_procdef` VALUES ('contract_purchase_exclusive:1:67528', 1, 'http://www.activiti.org/test', '', 'contract_purchase_exclusive', 1, '67525', 'contract_purchase_exclusive.bpmn', 'contract_purchase_exclusive.png', '', 0, 1, 1, '', NULL);
INSERT INTO `act_re_procdef` VALUES ('leave:1:60004', 1, 'http://www.kafeitu.me/activiti/leave', '-', 'leave', 1, '60001', 'D:/ruoyi/uploadPath/processDefiniton/2020/03/08/abb00237b7b9bc4686f83a8084b30d48.bpmn', 'D:/ruoyi/uploadPath/processDefiniton/2020/03/08/abb00237b7b9bc4686f83a8084b30d48.leave.png', '', 0, 1, 1, '', NULL);

-- ----------------------------
-- Table structure for act_ru_deadletter_job
-- ----------------------------
DROP TABLE IF EXISTS `act_ru_deadletter_job`;
CREATE TABLE `act_ru_deadletter_job`  (
  `ID_` varchar(64) CHARACTER SET utf8 COLLATE utf8_bin NOT NULL,
  `REV_` int(11) NULL DEFAULT NULL,
  `TYPE_` varchar(255) CHARACTER SET utf8 COLLATE utf8_bin NOT NULL,
  `EXCLUSIVE_` tinyint(1) NULL DEFAULT NULL,
  `EXECUTION_ID_` varchar(64) CHARACTER SET utf8 COLLATE utf8_bin NULL DEFAULT NULL,
  `PROCESS_INSTANCE_ID_` varchar(64) CHARACTER SET utf8 COLLATE utf8_bin NULL DEFAULT NULL,
  `PROC_DEF_ID_` varchar(64) CHARACTER SET utf8 COLLATE utf8_bin NULL DEFAULT NULL,
  `EXCEPTION_STACK_ID_` varchar(64) CHARACTER SET utf8 COLLATE utf8_bin NULL DEFAULT NULL,
  `EXCEPTION_MSG_` varchar(4000) CHARACTER SET utf8 COLLATE utf8_bin NULL DEFAULT NULL,
  `DUEDATE_` timestamp(3) NULL DEFAULT NULL,
  `REPEAT_` varchar(255) CHARACTER SET utf8 COLLATE utf8_bin NULL DEFAULT NULL,
  `HANDLER_TYPE_` varchar(255) CHARACTER SET utf8 COLLATE utf8_bin NULL DEFAULT NULL,
  `HANDLER_CFG_` varchar(4000) CHARACTER SET utf8 COLLATE utf8_bin NULL DEFAULT NULL,
  `TENANT_ID_` varchar(255) CHARACTER SET utf8 COLLATE utf8_bin NULL DEFAULT '',
  PRIMARY KEY (`ID_`) USING BTREE,
  INDEX `ACT_FK_DEADLETTER_JOB_EXECUTION`(`EXECUTION_ID_`) USING BTREE,
  INDEX `ACT_FK_DEADLETTER_JOB_PROCESS_INSTANCE`(`PROCESS_INSTANCE_ID_`) USING BTREE,
  INDEX `ACT_FK_DEADLETTER_JOB_PROC_DEF`(`PROC_DEF_ID_`) USING BTREE,
  INDEX `ACT_FK_DEADLETTER_JOB_EXCEPTION`(`EXCEPTION_STACK_ID_`) USING BTREE,
  CONSTRAINT `ACT_FK_DEADLETTER_JOB_EXCEPTION` FOREIGN KEY (`EXCEPTION_STACK_ID_`) REFERENCES `act_ge_bytearray` (`ID_`) ON DELETE RESTRICT ON UPDATE RESTRICT,
  CONSTRAINT `ACT_FK_DEADLETTER_JOB_EXECUTION` FOREIGN KEY (`EXECUTION_ID_`) REFERENCES `act_ru_execution` (`ID_`) ON DELETE RESTRICT ON UPDATE RESTRICT,
  CONSTRAINT `ACT_FK_DEADLETTER_JOB_PROCESS_INSTANCE` FOREIGN KEY (`PROCESS_INSTANCE_ID_`) REFERENCES `act_ru_execution` (`ID_`) ON DELETE RESTRICT ON UPDATE RESTRICT,
  CONSTRAINT `ACT_FK_DEADLETTER_JOB_PROC_DEF` FOREIGN KEY (`PROC_DEF_ID_`) REFERENCES `act_re_procdef` (`ID_`) ON DELETE RESTRICT ON UPDATE RESTRICT
) ENGINE = InnoDB CHARACTER SET = utf8 COLLATE = utf8_bin ROW_FORMAT = Compact;

-- ----------------------------
-- Table structure for act_ru_event_subscr
-- ----------------------------
DROP TABLE IF EXISTS `act_ru_event_subscr`;
CREATE TABLE `act_ru_event_subscr`  (
  `ID_` varchar(64) CHARACTER SET utf8 COLLATE utf8_bin NOT NULL,
  `REV_` int(11) NULL DEFAULT NULL,
  `EVENT_TYPE_` varchar(255) CHARACTER SET utf8 COLLATE utf8_bin NOT NULL,
  `EVENT_NAME_` varchar(255) CHARACTER SET utf8 COLLATE utf8_bin NULL DEFAULT NULL,
  `EXECUTION_ID_` varchar(64) CHARACTER SET utf8 COLLATE utf8_bin NULL DEFAULT NULL,
  `PROC_INST_ID_` varchar(64) CHARACTER SET utf8 COLLATE utf8_bin NULL DEFAULT NULL,
  `ACTIVITY_ID_` varchar(64) CHARACTER SET utf8 COLLATE utf8_bin NULL DEFAULT NULL,
  `CONFIGURATION_` varchar(255) CHARACTER SET utf8 COLLATE utf8_bin NULL DEFAULT NULL,
  `CREATED_` timestamp(3) NOT NULL DEFAULT CURRENT_TIMESTAMP(3),
  `PROC_DEF_ID_` varchar(64) CHARACTER SET utf8 COLLATE utf8_bin NULL DEFAULT NULL,
  `TENANT_ID_` varchar(255) CHARACTER SET utf8 COLLATE utf8_bin NULL DEFAULT '',
  PRIMARY KEY (`ID_`) USING BTREE,
  INDEX `ACT_IDX_EVENT_SUBSCR_CONFIG_`(`CONFIGURATION_`) USING BTREE,
  INDEX `ACT_FK_EVENT_EXEC`(`EXECUTION_ID_`) USING BTREE,
  CONSTRAINT `ACT_FK_EVENT_EXEC` FOREIGN KEY (`EXECUTION_ID_`) REFERENCES `act_ru_execution` (`ID_`) ON DELETE RESTRICT ON UPDATE RESTRICT
) ENGINE = InnoDB CHARACTER SET = utf8 COLLATE = utf8_bin ROW_FORMAT = Compact;

-- ----------------------------
-- Table structure for act_ru_execution
-- ----------------------------
DROP TABLE IF EXISTS `act_ru_execution`;
CREATE TABLE `act_ru_execution`  (
  `ID_` varchar(64) CHARACTER SET utf8 COLLATE utf8_bin NOT NULL DEFAULT '',
  `REV_` int(11) NULL DEFAULT NULL,
  `PROC_INST_ID_` varchar(64) CHARACTER SET utf8 COLLATE utf8_bin NULL DEFAULT NULL,
  `BUSINESS_KEY_` varchar(255) CHARACTER SET utf8 COLLATE utf8_bin NULL DEFAULT NULL,
  `PARENT_ID_` varchar(64) CHARACTER SET utf8 COLLATE utf8_bin NULL DEFAULT NULL,
  `PROC_DEF_ID_` varchar(64) CHARACTER SET utf8 COLLATE utf8_bin NULL DEFAULT NULL,
  `SUPER_EXEC_` varchar(64) CHARACTER SET utf8 COLLATE utf8_bin NULL DEFAULT NULL,
  `ROOT_PROC_INST_ID_` varchar(64) CHARACTER SET utf8 COLLATE utf8_bin NULL DEFAULT NULL,
  `ACT_ID_` varchar(255) CHARACTER SET utf8 COLLATE utf8_bin NULL DEFAULT NULL,
  `IS_ACTIVE_` tinyint(4) NULL DEFAULT NULL,
  `IS_CONCURRENT_` tinyint(4) NULL DEFAULT NULL,
  `IS_SCOPE_` tinyint(4) NULL DEFAULT NULL,
  `IS_EVENT_SCOPE_` tinyint(4) NULL DEFAULT NULL,
  `IS_MI_ROOT_` tinyint(4) NULL DEFAULT NULL,
  `SUSPENSION_STATE_` int(11) NULL DEFAULT NULL,
  `CACHED_ENT_STATE_` int(11) NULL DEFAULT NULL,
  `TENANT_ID_` varchar(255) CHARACTER SET utf8 COLLATE utf8_bin NULL DEFAULT '',
  `NAME_` varchar(255) CHARACTER SET utf8 COLLATE utf8_bin NULL DEFAULT NULL,
  `START_TIME_` datetime(3) NULL DEFAULT NULL,
  `START_USER_ID_` varchar(255) CHARACTER SET utf8 COLLATE utf8_bin NULL DEFAULT NULL,
  `LOCK_TIME_` timestamp(3) NULL DEFAULT NULL,
  `IS_COUNT_ENABLED_` tinyint(4) NULL DEFAULT NULL,
  `EVT_SUBSCR_COUNT_` int(11) NULL DEFAULT NULL,
  `TASK_COUNT_` int(11) NULL DEFAULT NULL,
  `JOB_COUNT_` int(11) NULL DEFAULT NULL,
  `TIMER_JOB_COUNT_` int(11) NULL DEFAULT NULL,
  `SUSP_JOB_COUNT_` int(11) NULL DEFAULT NULL,
  `DEADLETTER_JOB_COUNT_` int(11) NULL DEFAULT NULL,
  `VAR_COUNT_` int(11) NULL DEFAULT NULL,
  `ID_LINK_COUNT_` int(11) NULL DEFAULT NULL,
  PRIMARY KEY (`ID_`) USING BTREE,
  INDEX `ACT_IDX_EXEC_BUSKEY`(`BUSINESS_KEY_`) USING BTREE,
  INDEX `ACT_IDC_EXEC_ROOT`(`ROOT_PROC_INST_ID_`) USING BTREE,
  INDEX `ACT_FK_EXE_PROCINST`(`PROC_INST_ID_`) USING BTREE,
  INDEX `ACT_FK_EXE_PARENT`(`PARENT_ID_`) USING BTREE,
  INDEX `ACT_FK_EXE_SUPER`(`SUPER_EXEC_`) USING BTREE,
  INDEX `ACT_FK_EXE_PROCDEF`(`PROC_DEF_ID_`) USING BTREE,
  CONSTRAINT `ACT_FK_EXE_PARENT` FOREIGN KEY (`PARENT_ID_`) REFERENCES `act_ru_execution` (`ID_`) ON DELETE CASCADE ON UPDATE RESTRICT,
  CONSTRAINT `ACT_FK_EXE_PROCDEF` FOREIGN KEY (`PROC_DEF_ID_`) REFERENCES `act_re_procdef` (`ID_`) ON DELETE RESTRICT ON UPDATE RESTRICT,
  CONSTRAINT `ACT_FK_EXE_PROCINST` FOREIGN KEY (`PROC_INST_ID_`) REFERENCES `act_ru_execution` (`ID_`) ON DELETE CASCADE ON UPDATE CASCADE,
  CONSTRAINT `ACT_FK_EXE_SUPER` FOREIGN KEY (`SUPER_EXEC_`) REFERENCES `act_ru_execution` (`ID_`) ON DELETE CASCADE ON UPDATE RESTRICT
) ENGINE = InnoDB CHARACTER SET = utf8 COLLATE = utf8_bin ROW_FORMAT = Compact;

-- ----------------------------
-- Records of act_ru_execution
-- ----------------------------
INSERT INTO `act_ru_execution` VALUES ('67529', 1, '67529', '5', NULL, 'contract_purchase_exclusive:1:67528', NULL, '67529', NULL, 1, 0, 1, 0, 0, 1, NULL, '', NULL, '2020-03-16 19:49:36.199', 'chengxy', NULL, 0, 0, 0, 0, 0, 0, 0, 0, 0);
INSERT INTO `act_ru_execution` VALUES ('67532', 3, '67529', NULL, '67529', 'contract_purchase_exclusive:1:67528', NULL, '67529', 'FIVerify', 1, 0, 0, 0, 0, 1, NULL, '', NULL, '2020-03-16 19:49:36.199', NULL, NULL, 0, 0, 0, 0, 0, 0, 0, 0, 0);
INSERT INTO `act_ru_execution` VALUES ('72501', 1, '72501', '23', NULL, 'leave:1:60004', NULL, '72501', NULL, 1, 0, 1, 0, 0, 1, NULL, '', NULL, '2020-03-17 11:15:50.696', 'chengxy', NULL, 0, 0, 0, 0, 0, 0, 0, 0, 0);
INSERT INTO `act_ru_execution` VALUES ('72504', 1, '72501', NULL, '72501', 'leave:1:60004', NULL, '72501', 'deptLeaderVerify', 1, 0, 0, 0, 0, 1, NULL, '', NULL, '2020-03-17 11:15:50.775', NULL, NULL, 0, 0, 0, 0, 0, 0, 0, 0, 0);
INSERT INTO `act_ru_execution` VALUES ('75020', 1, '75020', '9', NULL, 'contract_purchase_exclusive:1:67528', NULL, '75020', NULL, 1, 0, 1, 0, 0, 1, NULL, '', NULL, '2020-03-17 13:34:49.714', 'chengxy', NULL, 0, 0, 0, 0, 0, 0, 0, 0, 0);
INSERT INTO `act_ru_execution` VALUES ('75023', 5, '75020', NULL, '75020', 'contract_purchase_exclusive:1:67528', NULL, '75020', 'CEOVerify', 1, 0, 0, 0, 0, 1, NULL, '', NULL, '2020-03-17 13:34:49.715', NULL, NULL, 0, 0, 0, 0, 0, 0, 0, 0, 0);
INSERT INTO `act_ru_execution` VALUES ('77501', 1, '77501', '10', NULL, 'contract_purchase_exclusive:1:67528', NULL, '77501', NULL, 1, 0, 1, 0, 0, 1, NULL, '', NULL, '2020-04-15 18:08:00.264', 'admin', NULL, 0, 0, 0, 0, 0, 0, 0, 0, 0);
INSERT INTO `act_ru_execution` VALUES ('77504', 2, '77501', NULL, '77501', 'contract_purchase_exclusive:1:67528', NULL, '77501', 'CAVerify', 1, 0, 0, 0, 0, 1, NULL, '', NULL, '2020-04-15 18:08:00.317', NULL, NULL, 0, 0, 0, 0, 0, 0, 0, 0, 0);

-- ----------------------------
-- Table structure for act_ru_identitylink
-- ----------------------------
DROP TABLE IF EXISTS `act_ru_identitylink`;
CREATE TABLE `act_ru_identitylink`  (
  `ID_` varchar(64) CHARACTER SET utf8 COLLATE utf8_bin NOT NULL DEFAULT '',
  `REV_` int(11) NULL DEFAULT NULL,
  `GROUP_ID_` varchar(255) CHARACTER SET utf8 COLLATE utf8_bin NULL DEFAULT NULL,
  `TYPE_` varchar(255) CHARACTER SET utf8 COLLATE utf8_bin NULL DEFAULT NULL,
  `USER_ID_` varchar(255) CHARACTER SET utf8 COLLATE utf8_bin NULL DEFAULT NULL,
  `TASK_ID_` varchar(64) CHARACTER SET utf8 COLLATE utf8_bin NULL DEFAULT NULL,
  `PROC_INST_ID_` varchar(64) CHARACTER SET utf8 COLLATE utf8_bin NULL DEFAULT NULL,
  `PROC_DEF_ID_` varchar(64) CHARACTER SET utf8 COLLATE utf8_bin NULL DEFAULT NULL,
  PRIMARY KEY (`ID_`) USING BTREE,
  INDEX `ACT_IDX_IDENT_LNK_USER`(`USER_ID_`) USING BTREE,
  INDEX `ACT_IDX_IDENT_LNK_GROUP`(`GROUP_ID_`) USING BTREE,
  INDEX `ACT_IDX_ATHRZ_PROCEDEF`(`PROC_DEF_ID_`) USING BTREE,
  INDEX `ACT_FK_TSKASS_TASK`(`TASK_ID_`) USING BTREE,
  INDEX `ACT_FK_IDL_PROCINST`(`PROC_INST_ID_`) USING BTREE,
  CONSTRAINT `ACT_FK_ATHRZ_PROCEDEF` FOREIGN KEY (`PROC_DEF_ID_`) REFERENCES `act_re_procdef` (`ID_`) ON DELETE RESTRICT ON UPDATE RESTRICT,
  CONSTRAINT `ACT_FK_IDL_PROCINST` FOREIGN KEY (`PROC_INST_ID_`) REFERENCES `act_ru_execution` (`ID_`) ON DELETE RESTRICT ON UPDATE RESTRICT,
  CONSTRAINT `ACT_FK_TSKASS_TASK` FOREIGN KEY (`TASK_ID_`) REFERENCES `act_ru_task` (`ID_`) ON DELETE RESTRICT ON UPDATE RESTRICT
) ENGINE = InnoDB CHARACTER SET = utf8 COLLATE = utf8_bin ROW_FORMAT = Compact;

-- ----------------------------
-- Records of act_ru_identitylink
-- ----------------------------
INSERT INTO `act_ru_identitylink` VALUES ('67531', 1, NULL, 'starter', 'chengxy', NULL, '67529', NULL);
INSERT INTO `act_ru_identitylink` VALUES ('67538', 1, NULL, 'participant', 'pm', NULL, '67529', NULL);
INSERT INTO `act_ru_identitylink` VALUES ('67546', 1, NULL, 'participant', 'ca', NULL, '67529', NULL);
INSERT INTO `act_ru_identitylink` VALUES ('67551', 1, 'FI', 'candidate', '', '67550', NULL, NULL);
INSERT INTO `act_ru_identitylink` VALUES ('67554', 1, 'FI', 'participant', '', NULL, '67529', NULL);
INSERT INTO `act_ru_identitylink` VALUES ('72503', 1, NULL, 'starter', 'chengxy', NULL, '72501', NULL);
INSERT INTO `act_ru_identitylink` VALUES ('72508', 1, 'deptLeader', 'candidate', NULL, '72507', NULL, NULL);
INSERT INTO `act_ru_identitylink` VALUES ('75022', 1, NULL, 'starter', 'chengxy', NULL, '75020', NULL);
INSERT INTO `act_ru_identitylink` VALUES ('75029', 1, NULL, 'participant', 'pm', NULL, '75020', NULL);
INSERT INTO `act_ru_identitylink` VALUES ('75037', 1, NULL, 'participant', 'ca', NULL, '75020', NULL);
INSERT INTO `act_ru_identitylink` VALUES ('75044', 1, NULL, 'participant', 'FI', NULL, '75020', NULL);
INSERT INTO `act_ru_identitylink` VALUES ('75053', 1, NULL, 'participant', 'lm', NULL, '75020', NULL);
INSERT INTO `act_ru_identitylink` VALUES ('75058', 1, 'CEO', 'candidate', NULL, '75057', NULL, NULL);
INSERT INTO `act_ru_identitylink` VALUES ('77503', 1, NULL, 'starter', 'admin', NULL, '77501', NULL);
INSERT INTO `act_ru_identitylink` VALUES ('77510', 1, NULL, 'participant', 'pm', NULL, '77501', NULL);
INSERT INTO `act_ru_identitylink` VALUES ('77516', 1, 'CA', 'candidate', NULL, '77515', NULL, NULL);

-- ----------------------------
-- Table structure for act_ru_job
-- ----------------------------
DROP TABLE IF EXISTS `act_ru_job`;
CREATE TABLE `act_ru_job`  (
  `ID_` varchar(64) CHARACTER SET utf8 COLLATE utf8_bin NOT NULL,
  `REV_` int(11) NULL DEFAULT NULL,
  `TYPE_` varchar(255) CHARACTER SET utf8 COLLATE utf8_bin NOT NULL,
  `LOCK_EXP_TIME_` timestamp(3) NULL DEFAULT NULL,
  `LOCK_OWNER_` varchar(255) CHARACTER SET utf8 COLLATE utf8_bin NULL DEFAULT NULL,
  `EXCLUSIVE_` tinyint(1) NULL DEFAULT NULL,
  `EXECUTION_ID_` varchar(64) CHARACTER SET utf8 COLLATE utf8_bin NULL DEFAULT NULL,
  `PROCESS_INSTANCE_ID_` varchar(64) CHARACTER SET utf8 COLLATE utf8_bin NULL DEFAULT NULL,
  `PROC_DEF_ID_` varchar(64) CHARACTER SET utf8 COLLATE utf8_bin NULL DEFAULT NULL,
  `RETRIES_` int(11) NULL DEFAULT NULL,
  `EXCEPTION_STACK_ID_` varchar(64) CHARACTER SET utf8 COLLATE utf8_bin NULL DEFAULT NULL,
  `EXCEPTION_MSG_` varchar(4000) CHARACTER SET utf8 COLLATE utf8_bin NULL DEFAULT NULL,
  `DUEDATE_` timestamp(3) NULL DEFAULT NULL,
  `REPEAT_` varchar(255) CHARACTER SET utf8 COLLATE utf8_bin NULL DEFAULT NULL,
  `HANDLER_TYPE_` varchar(255) CHARACTER SET utf8 COLLATE utf8_bin NULL DEFAULT NULL,
  `HANDLER_CFG_` varchar(4000) CHARACTER SET utf8 COLLATE utf8_bin NULL DEFAULT NULL,
  `TENANT_ID_` varchar(255) CHARACTER SET utf8 COLLATE utf8_bin NULL DEFAULT '',
  PRIMARY KEY (`ID_`) USING BTREE,
  INDEX `ACT_FK_JOB_EXECUTION`(`EXECUTION_ID_`) USING BTREE,
  INDEX `ACT_FK_JOB_PROCESS_INSTANCE`(`PROCESS_INSTANCE_ID_`) USING BTREE,
  INDEX `ACT_FK_JOB_PROC_DEF`(`PROC_DEF_ID_`) USING BTREE,
  INDEX `ACT_FK_JOB_EXCEPTION`(`EXCEPTION_STACK_ID_`) USING BTREE,
  CONSTRAINT `ACT_FK_JOB_EXCEPTION` FOREIGN KEY (`EXCEPTION_STACK_ID_`) REFERENCES `act_ge_bytearray` (`ID_`) ON DELETE RESTRICT ON UPDATE RESTRICT,
  CONSTRAINT `ACT_FK_JOB_EXECUTION` FOREIGN KEY (`EXECUTION_ID_`) REFERENCES `act_ru_execution` (`ID_`) ON DELETE RESTRICT ON UPDATE RESTRICT,
  CONSTRAINT `ACT_FK_JOB_PROCESS_INSTANCE` FOREIGN KEY (`PROCESS_INSTANCE_ID_`) REFERENCES `act_ru_execution` (`ID_`) ON DELETE RESTRICT ON UPDATE RESTRICT,
  CONSTRAINT `ACT_FK_JOB_PROC_DEF` FOREIGN KEY (`PROC_DEF_ID_`) REFERENCES `act_re_procdef` (`ID_`) ON DELETE RESTRICT ON UPDATE RESTRICT
) ENGINE = InnoDB CHARACTER SET = utf8 COLLATE = utf8_bin ROW_FORMAT = Compact;

-- ----------------------------
-- Table structure for act_ru_suspended_job
-- ----------------------------
DROP TABLE IF EXISTS `act_ru_suspended_job`;
CREATE TABLE `act_ru_suspended_job`  (
  `ID_` varchar(64) CHARACTER SET utf8 COLLATE utf8_bin NOT NULL,
  `REV_` int(11) NULL DEFAULT NULL,
  `TYPE_` varchar(255) CHARACTER SET utf8 COLLATE utf8_bin NOT NULL,
  `EXCLUSIVE_` tinyint(1) NULL DEFAULT NULL,
  `EXECUTION_ID_` varchar(64) CHARACTER SET utf8 COLLATE utf8_bin NULL DEFAULT NULL,
  `PROCESS_INSTANCE_ID_` varchar(64) CHARACTER SET utf8 COLLATE utf8_bin NULL DEFAULT NULL,
  `PROC_DEF_ID_` varchar(64) CHARACTER SET utf8 COLLATE utf8_bin NULL DEFAULT NULL,
  `RETRIES_` int(11) NULL DEFAULT NULL,
  `EXCEPTION_STACK_ID_` varchar(64) CHARACTER SET utf8 COLLATE utf8_bin NULL DEFAULT NULL,
  `EXCEPTION_MSG_` varchar(4000) CHARACTER SET utf8 COLLATE utf8_bin NULL DEFAULT NULL,
  `DUEDATE_` timestamp(3) NULL DEFAULT NULL,
  `REPEAT_` varchar(255) CHARACTER SET utf8 COLLATE utf8_bin NULL DEFAULT NULL,
  `HANDLER_TYPE_` varchar(255) CHARACTER SET utf8 COLLATE utf8_bin NULL DEFAULT NULL,
  `HANDLER_CFG_` varchar(4000) CHARACTER SET utf8 COLLATE utf8_bin NULL DEFAULT NULL,
  `TENANT_ID_` varchar(255) CHARACTER SET utf8 COLLATE utf8_bin NULL DEFAULT '',
  PRIMARY KEY (`ID_`) USING BTREE,
  INDEX `ACT_FK_SUSPENDED_JOB_EXECUTION`(`EXECUTION_ID_`) USING BTREE,
  INDEX `ACT_FK_SUSPENDED_JOB_PROCESS_INSTANCE`(`PROCESS_INSTANCE_ID_`) USING BTREE,
  INDEX `ACT_FK_SUSPENDED_JOB_PROC_DEF`(`PROC_DEF_ID_`) USING BTREE,
  INDEX `ACT_FK_SUSPENDED_JOB_EXCEPTION`(`EXCEPTION_STACK_ID_`) USING BTREE,
  CONSTRAINT `ACT_FK_SUSPENDED_JOB_EXCEPTION` FOREIGN KEY (`EXCEPTION_STACK_ID_`) REFERENCES `act_ge_bytearray` (`ID_`) ON DELETE RESTRICT ON UPDATE RESTRICT,
  CONSTRAINT `ACT_FK_SUSPENDED_JOB_EXECUTION` FOREIGN KEY (`EXECUTION_ID_`) REFERENCES `act_ru_execution` (`ID_`) ON DELETE RESTRICT ON UPDATE RESTRICT,
  CONSTRAINT `ACT_FK_SUSPENDED_JOB_PROCESS_INSTANCE` FOREIGN KEY (`PROCESS_INSTANCE_ID_`) REFERENCES `act_ru_execution` (`ID_`) ON DELETE RESTRICT ON UPDATE RESTRICT,
  CONSTRAINT `ACT_FK_SUSPENDED_JOB_PROC_DEF` FOREIGN KEY (`PROC_DEF_ID_`) REFERENCES `act_re_procdef` (`ID_`) ON DELETE RESTRICT ON UPDATE RESTRICT
) ENGINE = InnoDB CHARACTER SET = utf8 COLLATE = utf8_bin ROW_FORMAT = Compact;

-- ----------------------------
-- Table structure for act_ru_task
-- ----------------------------
DROP TABLE IF EXISTS `act_ru_task`;
CREATE TABLE `act_ru_task`  (
  `ID_` varchar(64) CHARACTER SET utf8 COLLATE utf8_bin NOT NULL DEFAULT '',
  `REV_` int(11) NULL DEFAULT NULL,
  `EXECUTION_ID_` varchar(64) CHARACTER SET utf8 COLLATE utf8_bin NULL DEFAULT NULL,
  `PROC_INST_ID_` varchar(64) CHARACTER SET utf8 COLLATE utf8_bin NULL DEFAULT NULL,
  `PROC_DEF_ID_` varchar(64) CHARACTER SET utf8 COLLATE utf8_bin NULL DEFAULT NULL,
  `NAME_` varchar(255) CHARACTER SET utf8 COLLATE utf8_bin NULL DEFAULT NULL,
  `PARENT_TASK_ID_` varchar(64) CHARACTER SET utf8 COLLATE utf8_bin NULL DEFAULT NULL,
  `DESCRIPTION_` varchar(4000) CHARACTER SET utf8 COLLATE utf8_bin NULL DEFAULT NULL,
  `TASK_DEF_KEY_` varchar(255) CHARACTER SET utf8 COLLATE utf8_bin NULL DEFAULT NULL,
  `OWNER_` varchar(255) CHARACTER SET utf8 COLLATE utf8_bin NULL DEFAULT NULL,
  `ASSIGNEE_` varchar(255) CHARACTER SET utf8 COLLATE utf8_bin NULL DEFAULT NULL,
  `DELEGATION_` varchar(64) CHARACTER SET utf8 COLLATE utf8_bin NULL DEFAULT NULL,
  `PRIORITY_` int(11) NULL DEFAULT NULL,
  `CREATE_TIME_` timestamp(3) NULL DEFAULT NULL,
  `DUE_DATE_` datetime(3) NULL DEFAULT NULL,
  `CATEGORY_` varchar(255) CHARACTER SET utf8 COLLATE utf8_bin NULL DEFAULT NULL,
  `SUSPENSION_STATE_` int(11) NULL DEFAULT NULL,
  `TENANT_ID_` varchar(255) CHARACTER SET utf8 COLLATE utf8_bin NULL DEFAULT '',
  `FORM_KEY_` varchar(255) CHARACTER SET utf8 COLLATE utf8_bin NULL DEFAULT NULL,
  `CLAIM_TIME_` datetime(3) NULL DEFAULT NULL,
  PRIMARY KEY (`ID_`) USING BTREE,
  INDEX `ACT_IDX_TASK_CREATE`(`CREATE_TIME_`) USING BTREE,
  INDEX `ACT_FK_TASK_EXE`(`EXECUTION_ID_`) USING BTREE,
  INDEX `ACT_FK_TASK_PROCINST`(`PROC_INST_ID_`) USING BTREE,
  INDEX `ACT_FK_TASK_PROCDEF`(`PROC_DEF_ID_`) USING BTREE,
  CONSTRAINT `ACT_FK_TASK_EXE` FOREIGN KEY (`EXECUTION_ID_`) REFERENCES `act_ru_execution` (`ID_`) ON DELETE RESTRICT ON UPDATE RESTRICT,
  CONSTRAINT `ACT_FK_TASK_PROCDEF` FOREIGN KEY (`PROC_DEF_ID_`) REFERENCES `act_re_procdef` (`ID_`) ON DELETE RESTRICT ON UPDATE RESTRICT,
  CONSTRAINT `ACT_FK_TASK_PROCINST` FOREIGN KEY (`PROC_INST_ID_`) REFERENCES `act_ru_execution` (`ID_`) ON DELETE RESTRICT ON UPDATE RESTRICT
) ENGINE = InnoDB CHARACTER SET = utf8 COLLATE = utf8_bin ROW_FORMAT = Compact;

-- ----------------------------
-- Records of act_ru_task
-- ----------------------------
INSERT INTO `act_ru_task` VALUES ('67550', 8, '67532', '67529', 'contract_purchase_exclusive:1:67528', '', NULL, NULL, 'FIVerify', NULL, 'FI', NULL, 50, '2020-03-16 19:51:59.056', NULL, NULL, 1, '', NULL, '2020-03-17 13:39:15.263');
INSERT INTO `act_ru_task` VALUES ('72507', 1, '72504', '72501', 'leave:1:60004', '', NULL, NULL, 'deptLeaderVerify', NULL, NULL, NULL, 50, '2020-03-17 11:15:50.828', NULL, NULL, 1, '', NULL, NULL);
INSERT INTO `act_ru_task` VALUES ('75057', 1, '75023', '75020', 'contract_purchase_exclusive:1:67528', '', NULL, NULL, 'CEOVerify', NULL, NULL, NULL, 50, '2020-03-17 13:39:52.868', NULL, NULL, 1, '', NULL, NULL);
INSERT INTO `act_ru_task` VALUES ('77515', 1, '77504', '77501', 'contract_purchase_exclusive:1:67528', '', NULL, NULL, 'CAVerify', NULL, NULL, NULL, 50, '2020-04-15 18:24:14.885', NULL, NULL, 1, '', NULL, NULL);

-- ----------------------------
-- Table structure for act_ru_timer_job
-- ----------------------------
DROP TABLE IF EXISTS `act_ru_timer_job`;
CREATE TABLE `act_ru_timer_job`  (
  `ID_` varchar(64) CHARACTER SET utf8 COLLATE utf8_bin NOT NULL,
  `REV_` int(11) NULL DEFAULT NULL,
  `TYPE_` varchar(255) CHARACTER SET utf8 COLLATE utf8_bin NOT NULL,
  `LOCK_EXP_TIME_` timestamp(3) NULL DEFAULT NULL,
  `LOCK_OWNER_` varchar(255) CHARACTER SET utf8 COLLATE utf8_bin NULL DEFAULT NULL,
  `EXCLUSIVE_` tinyint(1) NULL DEFAULT NULL,
  `EXECUTION_ID_` varchar(64) CHARACTER SET utf8 COLLATE utf8_bin NULL DEFAULT NULL,
  `PROCESS_INSTANCE_ID_` varchar(64) CHARACTER SET utf8 COLLATE utf8_bin NULL DEFAULT NULL,
  `PROC_DEF_ID_` varchar(64) CHARACTER SET utf8 COLLATE utf8_bin NULL DEFAULT NULL,
  `RETRIES_` int(11) NULL DEFAULT NULL,
  `EXCEPTION_STACK_ID_` varchar(64) CHARACTER SET utf8 COLLATE utf8_bin NULL DEFAULT NULL,
  `EXCEPTION_MSG_` varchar(4000) CHARACTER SET utf8 COLLATE utf8_bin NULL DEFAULT NULL,
  `DUEDATE_` timestamp(3) NULL DEFAULT NULL,
  `REPEAT_` varchar(255) CHARACTER SET utf8 COLLATE utf8_bin NULL DEFAULT NULL,
  `HANDLER_TYPE_` varchar(255) CHARACTER SET utf8 COLLATE utf8_bin NULL DEFAULT NULL,
  `HANDLER_CFG_` varchar(4000) CHARACTER SET utf8 COLLATE utf8_bin NULL DEFAULT NULL,
  `TENANT_ID_` varchar(255) CHARACTER SET utf8 COLLATE utf8_bin NULL DEFAULT '',
  PRIMARY KEY (`ID_`) USING BTREE,
  INDEX `ACT_FK_TIMER_JOB_EXECUTION`(`EXECUTION_ID_`) USING BTREE,
  INDEX `ACT_FK_TIMER_JOB_PROCESS_INSTANCE`(`PROCESS_INSTANCE_ID_`) USING BTREE,
  INDEX `ACT_FK_TIMER_JOB_PROC_DEF`(`PROC_DEF_ID_`) USING BTREE,
  INDEX `ACT_FK_TIMER_JOB_EXCEPTION`(`EXCEPTION_STACK_ID_`) USING BTREE,
  CONSTRAINT `ACT_FK_TIMER_JOB_EXCEPTION` FOREIGN KEY (`EXCEPTION_STACK_ID_`) REFERENCES `act_ge_bytearray` (`ID_`) ON DELETE RESTRICT ON UPDATE RESTRICT,
  CONSTRAINT `ACT_FK_TIMER_JOB_EXECUTION` FOREIGN KEY (`EXECUTION_ID_`) REFERENCES `act_ru_execution` (`ID_`) ON DELETE RESTRICT ON UPDATE RESTRICT,
  CONSTRAINT `ACT_FK_TIMER_JOB_PROCESS_INSTANCE` FOREIGN KEY (`PROCESS_INSTANCE_ID_`) REFERENCES `act_ru_execution` (`ID_`) ON DELETE RESTRICT ON UPDATE RESTRICT,
  CONSTRAINT `ACT_FK_TIMER_JOB_PROC_DEF` FOREIGN KEY (`PROC_DEF_ID_`) REFERENCES `act_re_procdef` (`ID_`) ON DELETE RESTRICT ON UPDATE RESTRICT
) ENGINE = InnoDB CHARACTER SET = utf8 COLLATE = utf8_bin ROW_FORMAT = Compact;

-- ----------------------------
-- Table structure for act_ru_variable
-- ----------------------------
DROP TABLE IF EXISTS `act_ru_variable`;
CREATE TABLE `act_ru_variable`  (
  `ID_` varchar(64) CHARACTER SET utf8 COLLATE utf8_bin NOT NULL,
  `REV_` int(11) NULL DEFAULT NULL,
  `TYPE_` varchar(255) CHARACTER SET utf8 COLLATE utf8_bin NOT NULL,
  `NAME_` varchar(255) CHARACTER SET utf8 COLLATE utf8_bin NOT NULL,
  `EXECUTION_ID_` varchar(64) CHARACTER SET utf8 COLLATE utf8_bin NULL DEFAULT NULL,
  `PROC_INST_ID_` varchar(64) CHARACTER SET utf8 COLLATE utf8_bin NULL DEFAULT NULL,
  `TASK_ID_` varchar(64) CHARACTER SET utf8 COLLATE utf8_bin NULL DEFAULT NULL,
  `BYTEARRAY_ID_` varchar(64) CHARACTER SET utf8 COLLATE utf8_bin NULL DEFAULT NULL,
  `DOUBLE_` double NULL DEFAULT NULL,
  `LONG_` bigint(20) NULL DEFAULT NULL,
  `TEXT_` varchar(4000) CHARACTER SET utf8 COLLATE utf8_bin NULL DEFAULT NULL,
  `TEXT2_` varchar(4000) CHARACTER SET utf8 COLLATE utf8_bin NULL DEFAULT NULL,
  PRIMARY KEY (`ID_`) USING BTREE,
  INDEX `ACT_IDX_VARIABLE_TASK_ID`(`TASK_ID_`) USING BTREE,
  INDEX `ACT_FK_VAR_EXE`(`EXECUTION_ID_`) USING BTREE,
  INDEX `ACT_FK_VAR_PROCINST`(`PROC_INST_ID_`) USING BTREE,
  INDEX `ACT_FK_VAR_BYTEARRAY`(`BYTEARRAY_ID_`) USING BTREE,
  CONSTRAINT `ACT_FK_VAR_BYTEARRAY` FOREIGN KEY (`BYTEARRAY_ID_`) REFERENCES `act_ge_bytearray` (`ID_`) ON DELETE RESTRICT ON UPDATE RESTRICT,
  CONSTRAINT `ACT_FK_VAR_EXE` FOREIGN KEY (`EXECUTION_ID_`) REFERENCES `act_ru_execution` (`ID_`) ON DELETE RESTRICT ON UPDATE RESTRICT,
  CONSTRAINT `ACT_FK_VAR_PROCINST` FOREIGN KEY (`PROC_INST_ID_`) REFERENCES `act_ru_execution` (`ID_`) ON DELETE RESTRICT ON UPDATE RESTRICT
) ENGINE = InnoDB CHARACTER SET = utf8 COLLATE = utf8_bin ROW_FORMAT = Compact;

-- ----------------------------
-- Records of act_ru_variable
-- ----------------------------
INSERT INTO `act_ru_variable` VALUES ('67530', 1, 'string', 'applyUserId', '67529', '67529', NULL, NULL, NULL, NULL, 'chengxy', NULL);
INSERT INTO `act_ru_variable` VALUES ('67539', 2, 'string', 'comment', '67529', '67529', NULL, NULL, NULL, NULL, '11', NULL);
INSERT INTO `act_ru_variable` VALUES ('67540', 1, 'boolean', 'PMApproved', '67529', '67529', NULL, NULL, NULL, 1, NULL, NULL);
INSERT INTO `act_ru_variable` VALUES ('67547', 1, 'boolean', 'CAApproved', '67529', '67529', NULL, NULL, NULL, 1, NULL, NULL);
INSERT INTO `act_ru_variable` VALUES ('72502', 1, 'string', 'applyUserId', '72501', '72501', NULL, NULL, NULL, NULL, 'chengxy', NULL);
INSERT INTO `act_ru_variable` VALUES ('75021', 1, 'string', 'applyUserId', '75020', '75020', NULL, NULL, NULL, NULL, 'chengxy', NULL);
INSERT INTO `act_ru_variable` VALUES ('75030', 2, 'string', 'comment', '75020', '75020', NULL, NULL, NULL, NULL, '1111', NULL);
INSERT INTO `act_ru_variable` VALUES ('75031', 1, 'boolean', 'PMApproved', '75020', '75020', NULL, NULL, NULL, 1, NULL, NULL);
INSERT INTO `act_ru_variable` VALUES ('75038', 1, 'boolean', 'CAApproved', '75020', '75020', NULL, NULL, NULL, 1, NULL, NULL);
INSERT INTO `act_ru_variable` VALUES ('75045', 1, 'boolean', 'FIApproved', '75020', '75020', NULL, NULL, NULL, 1, NULL, NULL);
INSERT INTO `act_ru_variable` VALUES ('75054', 1, 'boolean', 'LMApproved', '75020', '75020', NULL, NULL, NULL, 1, NULL, NULL);
INSERT INTO `act_ru_variable` VALUES ('77502', 1, 'string', 'applyUserId', '77501', '77501', NULL, NULL, NULL, NULL, 'admin', NULL);
INSERT INTO `act_ru_variable` VALUES ('77511', 1, 'string', 'comment', '77501', '77501', NULL, NULL, NULL, NULL, '', NULL);
INSERT INTO `act_ru_variable` VALUES ('77512', 1, 'boolean', 'PMApproved', '77501', '77501', NULL, NULL, NULL, 1, NULL, NULL);

-- ----------------------------
-- Table structure for biz_contract
-- ----------------------------
DROP TABLE IF EXISTS `biz_contract`;
CREATE TABLE `biz_contract`  (
  `id` bigint(20) NOT NULL AUTO_INCREMENT COMMENT 'ID',
  `type` char(1) CHARACTER SET utf8 COLLATE utf8_general_ci NULL DEFAULT NULL COMMENT '',
  `title` varchar(100) CHARACTER SET utf8 COLLATE utf8_general_ci NULL DEFAULT NULL COMMENT '',
  `note` varchar(500) CHARACTER SET utf8 COLLATE utf8_general_ci NULL DEFAULT NULL COMMENT '',
  `sign_time` datetime(0) NULL DEFAULT NULL COMMENT '',
  `company` varchar(30) CHARACTER SET utf8 COLLATE utf8_general_ci NULL DEFAULT NULL COMMENT '',
  `instance_id` varchar(32) CHARACTER SET utf8 COLLATE utf8_general_ci NULL DEFAULT NULL COMMENT 'ID',
  `create_by` varchar(64) CHARACTER SET utf8 COLLATE utf8_general_ci NULL DEFAULT '' COMMENT '',
  `create_time` datetime(0) NULL DEFAULT NULL COMMENT '',
  `update_by` varchar(64) CHARACTER SET utf8 COLLATE utf8_general_ci NULL DEFAULT '' COMMENT '',
  `update_time` datetime(0) NULL DEFAULT NULL COMMENT '',
  `apply_user` varchar(64) CHARACTER SET utf8 COLLATE utf8_general_ci NULL DEFAULT NULL COMMENT '',
  `apply_time` datetime(0) NULL DEFAULT NULL COMMENT '',
  `reality_start_time` datetime(0) NULL DEFAULT NULL COMMENT '',
  `reality_end_time` datetime(0) NULL DEFAULT NULL COMMENT '',
  PRIMARY KEY (`id`) USING BTREE
) ENGINE = InnoDB AUTO_INCREMENT = 12 CHARACTER SET = utf8 COLLATE = utf8_general_ci ROW_FORMAT = Compact;

-- ----------------------------
-- Records of biz_contract
-- ----------------------------
INSERT INTO `biz_contract` VALUES (4, '1', '112', '21', '2020-03-03 00:00:00', '1', '65005', 'chengxy', '2020-03-16 13:17:34', 'chengxy', NULL, 'chengxy', '2020-03-16 13:17:49', NULL, NULL);
INSERT INTO `biz_contract` VALUES (5, '1', '1', '', '2020-03-04 00:00:00', '', '67529', 'chengxy', '2020-03-16 19:49:26', 'chengxy', NULL, 'chengxy', '2020-03-16 19:49:36', NULL, NULL);
INSERT INTO `biz_contract` VALUES (6, '1', 'qqqq', 'qqq', '2020-03-03 00:00:00', 'qqq', '70007', 'chengxy', '2020-03-16 20:18:43', 'chengxy', NULL, 'chengxy', '2020-03-16 20:18:48', NULL, NULL);
INSERT INTO `biz_contract` VALUES (8, '2', '317', '', '2020-03-04 00:00:00', '', '72509', 'chengxy', '2020-03-17 10:58:13', 'chengxy', NULL, 'chengxy', '2020-03-17 13:13:33', NULL, NULL);
INSERT INTO `biz_contract` VALUES (9, '3', 'ceshi666', '111', '2020-02-26 00:00:00', '11', '75020', 'chengxy', '2020-03-17 13:34:39', 'chengxy', NULL, 'chengxy', '2020-03-17 13:34:50', NULL, NULL);
INSERT INTO `biz_contract` VALUES (10, '2', '', '', '2020-04-24 00:00:00', '', '77501', 'admin', '2020-04-15 18:06:12', 'admin', NULL, 'admin', '2020-04-15 18:08:00', NULL, NULL);
INSERT INTO `biz_contract` VALUES (11, '1', '5-8', 'vakl;', '2020-05-06 00:00:00', '', '80001', 'chengxy', '2020-05-08 17:08:56', 'chengxy', NULL, 'chengxy', '2020-05-08 17:09:19', NULL, NULL);

-- ----------------------------
-- Table structure for biz_leave
-- ----------------------------
DROP TABLE IF EXISTS `biz_leave`;
CREATE TABLE `biz_leave`  (
  `id` bigint(20) NOT NULL AUTO_INCREMENT COMMENT 'ID',
  `type` char(1) CHARACTER SET utf8 COLLATE utf8_general_ci NULL DEFAULT NULL COMMENT '',
  `title` varchar(100) CHARACTER SET utf8 COLLATE utf8_general_ci NULL DEFAULT NULL COMMENT '',
  `reason` varchar(500) CHARACTER SET utf8 COLLATE utf8_general_ci NULL DEFAULT NULL COMMENT '',
  `start_time` datetime(0) NULL DEFAULT NULL COMMENT '',
  `end_time` datetime(0) NULL DEFAULT NULL COMMENT '',
  `total_time` bigint(11) NULL DEFAULT NULL COMMENT '',
  `instance_id` varchar(32) CHARACTER SET utf8 COLLATE utf8_general_ci NULL DEFAULT NULL COMMENT 'ID',
  `create_by` varchar(64) CHARACTER SET utf8 COLLATE utf8_general_ci NULL DEFAULT '' COMMENT '',
  `create_time` datetime(0) NULL DEFAULT NULL COMMENT '',
  `update_by` varchar(64) CHARACTER SET utf8 COLLATE utf8_general_ci NULL DEFAULT '' COMMENT '',
  `update_time` datetime(0) NULL DEFAULT NULL COMMENT '',
  `apply_user` varchar(64) CHARACTER SET utf8 COLLATE utf8_general_ci NULL DEFAULT NULL COMMENT '',
  `apply_time` datetime(0) NULL DEFAULT NULL COMMENT '',
  `reality_start_time` datetime(0) NULL DEFAULT NULL COMMENT '',
  `reality_end_time` datetime(0) NULL DEFAULT NULL COMMENT '',
  PRIMARY KEY (`id`) USING BTREE
) ENGINE = InnoDB AUTO_INCREMENT = 24 CHARACTER SET = utf8 COLLATE = utf8_general_ci ROW_FORMAT = Compact;

-- ----------------------------
-- Records of biz_leave
-- ----------------------------
INSERT INTO `biz_leave` VALUES (22, '0', '', '', '2020-03-09 00:00:00', '2020-03-10 00:00:00', 86400, '60005', 'chengxy', '2020-03-08 13:48:20', 'chengxy', '2020-03-08 13:51:05', 'chengxy', '2020-03-08 13:48:25', '2020-03-09 00:00:00', '2020-03-10 00:00:00');
INSERT INTO `biz_leave` VALUES (23, '0', '111', '111', '2020-03-03 00:00:00', '2020-03-06 00:00:00', 259200, '72501', 'chengxy', '2020-03-17 11:15:43', 'chengxy', NULL, 'chengxy', '2020-03-17 11:15:51', NULL, NULL);

-- ----------------------------
-- Table structure for biz_todo_item
-- ----------------------------
DROP TABLE IF EXISTS `biz_todo_item`;
CREATE TABLE `biz_todo_item`  (
  `id` bigint(20) NOT NULL AUTO_INCREMENT COMMENT ' ID',
  `item_name` varchar(100) CHARACTER SET utf8 COLLATE utf8_general_ci NULL DEFAULT NULL COMMENT '',
  `item_content` varchar(500) CHARACTER SET utf8 COLLATE utf8_general_ci NULL DEFAULT NULL COMMENT '',
  `module` varchar(50) CHARACTER SET utf8 COLLATE utf8_general_ci NULL DEFAULT NULL COMMENT ' ( uri )',
  `task_id` varchar(64) CHARACTER SET utf8 COLLATE utf8_general_ci NULL DEFAULT NULL COMMENT ' ID',
  `task_name` varchar(50) CHARACTER SET utf8 COLLATE utf8_general_ci NULL DEFAULT NULL COMMENT ' ()',
  `node_name` varchar(50) CHARACTER SET utf8 COLLATE utf8_general_ci NULL DEFAULT NULL COMMENT '',
  `is_view` char(1) CHARACTER SET utf8 COLLATE utf8_general_ci NULL DEFAULT '0' COMMENT ' default 0 (0  1 )',
  `is_handle` char(1) CHARACTER SET utf8 COLLATE utf8_general_ci NULL DEFAULT '0' COMMENT ' default 0 (0  1 )',
  `todo_user_id` varchar(20) CHARACTER SET utf8 COLLATE utf8_general_ci NULL DEFAULT NULL COMMENT ' ID',
  `todo_user_name` varchar(30) CHARACTER SET utf8 COLLATE utf8_general_ci NULL DEFAULT NULL COMMENT '',
  `handle_user_id` varchar(20) CHARACTER SET utf8 COLLATE utf8_general_ci NULL DEFAULT NULL COMMENT ' ID',
  `handle_user_name` varchar(30) CHARACTER SET utf8 COLLATE utf8_general_ci NULL DEFAULT NULL COMMENT '',
  `todo_time` datetime(0) NULL DEFAULT NULL COMMENT '',
  `handle_time` datetime(0) NULL DEFAULT NULL COMMENT '',
  PRIMARY KEY (`id`) USING BTREE
) ENGINE = InnoDB AUTO_INCREMENT = 46 CHARACTER SET = utf8 COLLATE = utf8_general_ci COMMENT = '' ROW_FORMAT = Compact;

-- ----------------------------
-- Records of biz_todo_item
-- ----------------------------
INSERT INTO `biz_todo_item` VALUES (14, '', '', 'leave', '60011', 'taskDeptLeaderVerify', '', '1', '1', 'ry', '', 'ry', '', '2020-03-08 13:48:26', '2020-03-08 13:49:15');
INSERT INTO `biz_todo_item` VALUES (15, '', '', 'leave', '60019', 'taskHrVerify', '', '1', '1', 'hr001', '1', 'hr001', '1', '2020-03-08 13:49:15', '2020-03-08 13:50:30');
INSERT INTO `biz_todo_item` VALUES (16, '', '', 'leave', '60026', 'taskReportBack', '', '1', '1', 'chengxy', '', 'chengxy', '', '2020-03-08 13:50:30', '2020-03-08 13:51:05');
INSERT INTO `biz_todo_item` VALUES (17, '112', '21', 'contract_purchase_exclusive', '65011', 'taskPMVerify', '', '1', '1', 'pm', '', 'pm', '', '2020-03-16 13:17:50', '2020-03-16 19:40:42');
INSERT INTO `biz_todo_item` VALUES (18, NULL, NULL, 'contract_purchase_exclusive', '67507', 'taskCAVerify', '', '1', '1', 'ca', '', 'ca', '', '2020-03-16 19:40:43', '2020-03-16 19:42:52');
INSERT INTO `biz_todo_item` VALUES (19, NULL, NULL, 'contract_purchase_exclusive', '67514', 'taskLMVerify', '', '0', '0', 'lm', '', NULL, NULL, '2020-03-16 19:42:52', NULL);
INSERT INTO `biz_todo_item` VALUES (20, '1', '', 'contract_purchase_exclusive', '67535', 'taskPMVerify', '', '1', '1', 'pm', '', 'pm', '', '2020-03-16 19:49:36', '2020-03-16 19:50:38');
INSERT INTO `biz_todo_item` VALUES (21, NULL, NULL, 'contract_purchase_exclusive', '67543', 'taskCAVerify', '', '1', '1', 'ca', '', 'ca', '', '2020-03-16 19:50:38', '2020-03-16 19:51:59');
INSERT INTO `biz_todo_item` VALUES (22, 'qqqq', 'qqq', 'contract_purchase_exclusive', '70013', 'taskPMVerify', '', '1', '1', 'pm', '', 'pm', '', '2020-03-16 20:18:49', '2020-03-16 20:19:28');
INSERT INTO `biz_todo_item` VALUES (23, NULL, NULL, 'contract_purchase_exclusive', '67550', 'taskFIVerify', '', '0', '0', 'FI', '', NULL, NULL, '2020-03-16 20:19:28', NULL);
INSERT INTO `biz_todo_item` VALUES (24, NULL, NULL, 'contract_purchase_exclusive', '70021', 'taskCAVerify', '', '1', '1', 'ca', '', 'ca', '', '2020-03-16 20:19:28', '2020-03-16 20:20:18');
INSERT INTO `biz_todo_item` VALUES (25, NULL, NULL, 'contract_purchase_exclusive', '70028', 'taskFIVerify', '', '1', '1', 'FI', '', 'FI', '', '2020-03-16 20:20:18', '2020-03-16 20:20:51');
INSERT INTO `biz_todo_item` VALUES (26, NULL, NULL, 'contract_purchase_exclusive', '70035', 'taskLMVerify', '', '1', '1', 'lm', '', 'lm', '', '2020-03-16 20:20:51', '2020-03-16 20:21:46');
INSERT INTO `biz_todo_item` VALUES (27, NULL, NULL, 'contract_purchase_exclusive', '70042', 'taskCEOVerify', '', '1', '1', 'CEO', '', 'CEO', '', '2020-03-16 20:21:46', '2020-03-16 20:22:26');
INSERT INTO `biz_todo_item` VALUES (28, '111', '111', 'leave', '72507', 'taskDeptLeaderVerify', '', '0', '0', 'ry', '', NULL, NULL, '2020-03-17 11:15:51', NULL);
INSERT INTO `biz_todo_item` VALUES (29, '317', '', 'contract_purchase_exclusive', '72515', 'taskPMVerify', '', '1', '1', 'pm', '', 'pm', '', '2020-03-17 13:14:10', '2020-03-17 13:15:22');
INSERT INTO `biz_todo_item` VALUES (30, NULL, NULL, 'contract_purchase_exclusive', '72523', 'taskCAVerify', '', '1', '1', 'ca', '', 'ca', '', '2020-03-17 13:15:30', '2020-03-17 13:17:45');
INSERT INTO `biz_todo_item` VALUES (31, NULL, NULL, 'contract_purchase_exclusive', '72530', 'taskFIVerify', '', '1', '1', 'FI', '', 'FI', '', '2020-03-17 13:17:45', '2020-03-17 13:25:44');
INSERT INTO `biz_todo_item` VALUES (32, '317', '', 'contract_purchase_exclusive', '75006', 'taskLMVerify', '', '1', '1', 'lm', '', 'lm', '', '2020-03-17 13:25:58', '2020-03-17 13:27:39');
INSERT INTO `biz_todo_item` VALUES (33, '317', '', 'contract_purchase_exclusive', '75013', 'taskCEOVerify', '', '1', '1', 'CEO', '', 'CEO', '', '2020-03-17 13:28:09', '2020-03-17 13:33:00');
INSERT INTO `biz_todo_item` VALUES (34, 'ceshi666', '111', 'contract_purchase_exclusive', '75026', 'taskPMVerify', '', '1', '1', 'pm', '', 'pm', '', '2020-03-17 13:34:50', '2020-03-17 13:35:26');
INSERT INTO `biz_todo_item` VALUES (35, 'ceshi666', '111', 'contract_purchase_exclusive', '75034', 'taskCAVerify', '', '1', '1', 'ca', '', 'ca', '', '2020-03-17 13:35:26', '2020-03-17 13:37:07');
INSERT INTO `biz_todo_item` VALUES (36, 'ceshi666', '111', 'contract_purchase_exclusive', '75041', 'taskFIVerify', '', '1', '1', 'FI', '', 'FI', '', '2020-03-17 13:37:07', '2020-03-17 13:38:07');
INSERT INTO `biz_todo_item` VALUES (37, 'ceshi666', '111', 'contract_purchase_exclusive', '75048', 'taskLMVerify', '', '1', '1', 'lm', '', 'lm', '', '2020-03-17 13:38:07', '2020-03-17 13:39:53');
INSERT INTO `biz_todo_item` VALUES (38, 'ceshi666', '111', 'contract_purchase_exclusive', '75057', 'taskCEOVerify', '', '0', '0', 'CEO', '', NULL, NULL, '2020-03-17 13:39:53', NULL);
INSERT INTO `biz_todo_item` VALUES (39, '', '', 'contract_purchase_exclusive', '77507', 'taskPMVerify', '', '1', '1', 'pm', '', 'pm', '', '2020-04-15 18:08:01', '2020-04-15 18:24:15');
INSERT INTO `biz_todo_item` VALUES (40, '', '', 'contract_purchase_exclusive', '77515', 'taskCAVerify', '', '0', '0', 'ca', '', NULL, NULL, '2020-04-15 18:24:15', NULL);
INSERT INTO `biz_todo_item` VALUES (41, '5-8', 'vakl;', 'contract_purchase_exclusive', '80007', 'taskPMVerify', '', '1', '1', 'pm', '', 'pm', '', '2020-05-08 17:09:20', '2020-05-08 17:10:32');
INSERT INTO `biz_todo_item` VALUES (42, '5-8', 'vakl;', 'contract_purchase_exclusive', '80015', 'taskCAVerify', '', '1', '1', 'ca', '', 'ca', '', '2020-05-08 17:10:32', '2020-05-08 17:11:51');
INSERT INTO `biz_todo_item` VALUES (43, '5-8', 'vakl;', 'contract_purchase_exclusive', '80022', 'taskFIVerify', '', '1', '1', 'FI', '', 'FI', '', '2020-05-08 17:11:51', '2020-05-08 17:12:33');
INSERT INTO `biz_todo_item` VALUES (44, '5-8', 'vakl;', 'contract_purchase_exclusive', '80029', 'taskLMVerify', '', '1', '1', 'lm', '', 'lm', '', '2020-05-08 17:12:33', '2020-05-08 17:14:27');
INSERT INTO `biz_todo_item` VALUES (45, '5-8', 'vakl;', 'contract_purchase_exclusive', '80036', 'taskCEOVerify', '', '1', '1', 'CEO', '', 'CEO', '', '2020-05-08 17:14:27', '2020-05-08 17:14:56');

-- ----------------------------
-- Table structure for gen_table
-- ----------------------------
DROP TABLE IF EXISTS `gen_table`;
CREATE TABLE `gen_table`  (
  `table_id` bigint(20) NOT NULL AUTO_INCREMENT COMMENT '',
  `table_name` varchar(200) CHARACTER SET utf8 COLLATE utf8_general_ci NULL DEFAULT '' COMMENT '',
  `table_comment` varchar(500) CHARACTER SET utf8 COLLATE utf8_general_ci NULL DEFAULT '' COMMENT '',
  `class_name` varchar(100) CHARACTER SET utf8 COLLATE utf8_general_ci NULL DEFAULT '' COMMENT '',
  `tpl_category` varchar(200) CHARACTER SET utf8 COLLATE utf8_general_ci NULL DEFAULT 'crud' COMMENT 'crud tree',
  `package_name` varchar(100) CHARACTER SET utf8 COLLATE utf8_general_ci NULL DEFAULT NULL COMMENT '',
  `module_name` varchar(30) CHARACTER SET utf8 COLLATE utf8_general_ci NULL DEFAULT NULL COMMENT '',
  `business_name` varchar(30) CHARACTER SET utf8 COLLATE utf8_general_ci NULL DEFAULT NULL COMMENT '',
  `function_name` varchar(50) CHARACTER SET utf8 COLLATE utf8_general_ci NULL DEFAULT NULL COMMENT '',
  `function_author` varchar(50) CHARACTER SET utf8 COLLATE utf8_general_ci NULL DEFAULT NULL COMMENT '',
  `options` varchar(1000) CHARACTER SET utf8 COLLATE utf8_general_ci NULL DEFAULT NULL COMMENT '',
  `create_by` varchar(64) CHARACTER SET utf8 COLLATE utf8_general_ci NULL DEFAULT '' COMMENT '',
  `create_time` datetime(0) NULL DEFAULT NULL COMMENT '',
  `update_by` varchar(64) CHARACTER SET utf8 COLLATE utf8_general_ci NULL DEFAULT '' COMMENT '',
  `update_time` datetime(0) NULL DEFAULT NULL COMMENT '',
  `remark` varchar(500) CHARACTER SET utf8 COLLATE utf8_general_ci NULL DEFAULT NULL COMMENT '',
  PRIMARY KEY (`table_id`) USING BTREE
) ENGINE = InnoDB AUTO_INCREMENT = 3 CHARACTER SET = utf8 COLLATE = utf8_general_ci COMMENT = '' ROW_FORMAT = Compact;

-- ----------------------------
-- Records of gen_table
-- ----------------------------
INSERT INTO `gen_table` VALUES (1, 'act_evt_log', '', 'ActEvtLog', 'crud', 'com.ruoyi.project.system', 'system', 'log', NULL, 'ruoyi', NULL, 'admin', '2020-02-26 17:39:13', '', NULL, NULL);
INSERT INTO `gen_table` VALUES (2, 'biz_contract', '', 'BizContract', 'crud', 'com.ruoyi.process.contract', 'contract', 'contract', '', 'shanpeng', '{}', 'admin', '2020-03-16 11:23:54', '', '2020-03-16 11:26:17', NULL);

-- ----------------------------
-- Table structure for gen_table_column
-- ----------------------------
DROP TABLE IF EXISTS `gen_table_column`;
CREATE TABLE `gen_table_column`  (
  `column_id` bigint(20) NOT NULL AUTO_INCREMENT COMMENT '',
  `table_id` varchar(64) CHARACTER SET utf8 COLLATE utf8_general_ci NULL DEFAULT NULL COMMENT '',
  `column_name` varchar(200) CHARACTER SET utf8 COLLATE utf8_general_ci NULL DEFAULT NULL COMMENT '',
  `column_comment` varchar(500) CHARACTER SET utf8 COLLATE utf8_general_ci NULL DEFAULT NULL COMMENT '',
  `column_type` varchar(100) CHARACTER SET utf8 COLLATE utf8_general_ci NULL DEFAULT NULL COMMENT '',
  `java_type` varchar(500) CHARACTER SET utf8 COLLATE utf8_general_ci NULL DEFAULT NULL COMMENT 'JAVA',
  `java_field` varchar(200) CHARACTER SET utf8 COLLATE utf8_general_ci NULL DEFAULT NULL COMMENT 'JAVA',
  `is_pk` char(1) CHARACTER SET utf8 COLLATE utf8_general_ci NULL DEFAULT NULL COMMENT '1',
  `is_increment` char(1) CHARACTER SET utf8 COLLATE utf8_general_ci NULL DEFAULT NULL COMMENT '1',
  `is_required` char(1) CHARACTER SET utf8 COLLATE utf8_general_ci NULL DEFAULT NULL COMMENT '1',
  `is_insert` char(1) CHARACTER SET utf8 COLLATE utf8_general_ci NULL DEFAULT NULL COMMENT '1',
  `is_edit` char(1) CHARACTER SET utf8 COLLATE utf8_general_ci NULL DEFAULT NULL COMMENT '1',
  `is_list` char(1) CHARACTER SET utf8 COLLATE utf8_general_ci NULL DEFAULT NULL COMMENT '1',
  `is_query` char(1) CHARACTER SET utf8 COLLATE utf8_general_ci NULL DEFAULT NULL COMMENT '1',
  `query_type` varchar(200) CHARACTER SET utf8 COLLATE utf8_general_ci NULL DEFAULT 'EQ' COMMENT '',
  `html_type` varchar(200) CHARACTER SET utf8 COLLATE utf8_general_ci NULL DEFAULT NULL COMMENT '',
  `dict_type` varchar(200) CHARACTER SET utf8 COLLATE utf8_general_ci NULL DEFAULT '' COMMENT '',
  `sort` int(11) NULL DEFAULT NULL COMMENT '',
  `create_by` varchar(64) CHARACTER SET utf8 COLLATE utf8_general_ci NULL DEFAULT '' COMMENT '',
  `create_time` datetime(0) NULL DEFAULT NULL COMMENT '',
  `update_by` varchar(64) CHARACTER SET utf8 COLLATE utf8_general_ci NULL DEFAULT '' COMMENT '',
  `update_time` datetime(0) NULL DEFAULT NULL COMMENT '',
  PRIMARY KEY (`column_id`) USING BTREE
) ENGINE = InnoDB AUTO_INCREMENT = 28 CHARACTER SET = utf8 COLLATE = utf8_general_ci COMMENT = '' ROW_FORMAT = Compact;

-- ----------------------------
-- Records of gen_table_column
-- ----------------------------
INSERT INTO `gen_table_column` VALUES (1, '1', 'LOG_NR_', NULL, 'bigint(20)', 'Long', 'logNr', '1', '1', NULL, '1', NULL, NULL, NULL, 'EQ', 'input', '', 1, 'admin', '2020-02-26 17:39:13', '', NULL);
INSERT INTO `gen_table_column` VALUES (2, '1', 'TYPE_', NULL, 'varchar(64)', 'String', 'type', '0', '0', NULL, '1', '1', '1', '1', 'EQ', 'input', '', 2, 'admin', '2020-02-26 17:39:13', '', NULL);
INSERT INTO `gen_table_column` VALUES (3, '1', 'PROC_DEF_ID_', NULL, 'varchar(64)', 'String', 'procDefId', '0', '0', NULL, '1', '1', '1', '1', 'EQ', 'input', '', 3, 'admin', '2020-02-26 17:39:13', '', NULL);
INSERT INTO `gen_table_column` VALUES (4, '1', 'PROC_INST_ID_', NULL, 'varchar(64)', 'String', 'procInstId', '0', '0', NULL, '1', '1', '1', '1', 'EQ', 'input', '', 4, 'admin', '2020-02-26 17:39:13', '', NULL);
INSERT INTO `gen_table_column` VALUES (5, '1', 'EXECUTION_ID_', NULL, 'varchar(64)', 'String', 'executionId', '0', '0', NULL, '1', '1', '1', '1', 'EQ', 'input', '', 5, 'admin', '2020-02-26 17:39:13', '', NULL);
INSERT INTO `gen_table_column` VALUES (6, '1', 'TASK_ID_', NULL, 'varchar(64)', 'String', 'taskId', '0', '0', NULL, '1', '1', '1', '1', 'EQ', 'input', '', 6, 'admin', '2020-02-26 17:39:13', '', NULL);
INSERT INTO `gen_table_column` VALUES (7, '1', 'TIME_STAMP_', NULL, 'timestamp(3)', 'Date', 'timeStamp', '0', '0', '1', '1', '1', '1', '1', 'EQ', 'datetime', '', 7, 'admin', '2020-02-26 17:39:13', '', NULL);
INSERT INTO `gen_table_column` VALUES (8, '1', 'USER_ID_', NULL, 'varchar(255)', 'String', 'userId', '0', '0', NULL, '1', '1', '1', '1', 'EQ', 'input', '', 8, 'admin', '2020-02-26 17:39:13', '', NULL);
INSERT INTO `gen_table_column` VALUES (9, '1', 'DATA_', NULL, 'longblob', NULL, 'data', '0', '0', NULL, '1', '1', '1', '1', 'EQ', NULL, '', 9, 'admin', '2020-02-26 17:39:13', '', NULL);
INSERT INTO `gen_table_column` VALUES (10, '1', 'LOCK_OWNER_', NULL, 'varchar(255)', 'String', 'lockOwner', '0', '0', NULL, '1', '1', '1', '1', 'EQ', 'input', '', 10, 'admin', '2020-02-26 17:39:13', '', NULL);
INSERT INTO `gen_table_column` VALUES (11, '1', 'LOCK_TIME_', NULL, 'timestamp(3)', 'Date', 'lockTime', '0', '0', NULL, '1', '1', '1', '1', 'EQ', 'datetime', '', 11, 'admin', '2020-02-26 17:39:13', '', NULL);
INSERT INTO `gen_table_column` VALUES (12, '1', 'IS_PROCESSED_', NULL, 'tinyint(4)', 'Integer', 'isProcessed', '0', '0', NULL, '1', '1', '1', '1', 'EQ', 'input', '', 12, 'admin', '2020-02-26 17:39:13', '', NULL);
INSERT INTO `gen_table_column` VALUES (13, '2', 'id', 'ID', 'bigint(20)', 'Long', 'id', '1', '1', NULL, '1', NULL, NULL, NULL, 'EQ', 'input', '', 1, 'admin', '2020-03-16 11:23:54', '', '2020-03-16 11:26:17');
INSERT INTO `gen_table_column` VALUES (14, '2', 'type', '', 'char(1)', 'String', 'type', '0', '0', NULL, '1', '1', '1', '1', 'EQ', 'select', '', 2, 'admin', '2020-03-16 11:23:54', '', '2020-03-16 11:26:17');
INSERT INTO `gen_table_column` VALUES (15, '2', 'title', '', 'varchar(100)', 'String', 'title', '0', '0', NULL, '1', '1', '1', '1', 'EQ', 'input', '', 3, 'admin', '2020-03-16 11:23:54', '', '2020-03-16 11:26:17');
INSERT INTO `gen_table_column` VALUES (16, '2', 'note', '', 'varchar(500)', 'String', 'note', '0', '0', NULL, '1', '1', '1', '1', 'EQ', 'textarea', '', 4, 'admin', '2020-03-16 11:23:54', '', '2020-03-16 11:26:17');
INSERT INTO `gen_table_column` VALUES (17, '2', 'sign_time', '', 'datetime', 'Date', 'signTime', '0', '0', NULL, '1', '1', '1', '1', 'EQ', 'datetime', '', 5, 'admin', '2020-03-16 11:23:55', '', '2020-03-16 11:26:17');
INSERT INTO `gen_table_column` VALUES (18, '2', 'company', '', 'varchar(30)', 'String', 'company', '0', '0', NULL, '1', '1', '1', '1', 'EQ', 'input', '', 6, 'admin', '2020-03-16 11:23:55', '', '2020-03-16 11:26:17');
INSERT INTO `gen_table_column` VALUES (19, '2', 'instance_id', 'ID', 'varchar(32)', 'String', 'instanceId', '0', '0', NULL, '1', '1', '1', '1', 'EQ', 'input', '', 7, 'admin', '2020-03-16 11:23:55', '', '2020-03-16 11:26:17');
INSERT INTO `gen_table_column` VALUES (20, '2', 'create_by', '', 'varchar(64)', 'String', 'createBy', '0', '0', NULL, '1', NULL, NULL, NULL, 'EQ', 'input', '', 8, 'admin', '2020-03-16 11:23:55', '', '2020-03-16 11:26:17');
INSERT INTO `gen_table_column` VALUES (21, '2', 'create_time', '', 'datetime', 'Date', 'createTime', '0', '0', NULL, '1', NULL, NULL, NULL, 'EQ', 'datetime', '', 9, 'admin', '2020-03-16 11:23:55', '', '2020-03-16 11:26:17');
INSERT INTO `gen_table_column` VALUES (22, '2', 'update_by', '', 'varchar(64)', 'String', 'updateBy', '0', '0', NULL, '1', '1', NULL, NULL, 'EQ', 'input', '', 10, 'admin', '2020-03-16 11:23:55', '', '2020-03-16 11:26:17');
INSERT INTO `gen_table_column` VALUES (23, '2', 'update_time', '', 'datetime', 'Date', 'updateTime', '0', '0', NULL, '1', '1', NULL, NULL, 'EQ', 'datetime', '', 11, 'admin', '2020-03-16 11:23:55', '', '2020-03-16 11:26:17');
INSERT INTO `gen_table_column` VALUES (24, '2', 'apply_user', '', 'varchar(64)', 'String', 'applyUser', '0', '0', NULL, '1', '1', '1', '1', 'EQ', 'input', '', 12, 'admin', '2020-03-16 11:23:55', '', '2020-03-16 11:26:17');
INSERT INTO `gen_table_column` VALUES (25, '2', 'apply_time', '', 'datetime', 'Date', 'applyTime', '0', '0', NULL, '1', '1', '1', '1', 'EQ', 'datetime', '', 13, 'admin', '2020-03-16 11:23:55', '', '2020-03-16 11:26:17');
INSERT INTO `gen_table_column` VALUES (26, '2', 'reality_start_time', '', 'datetime', 'Date', 'realityStartTime', '0', '0', NULL, '1', '1', '1', '1', 'EQ', 'datetime', '', 14, 'admin', '2020-03-16 11:23:55', '', '2020-03-16 11:26:17');
INSERT INTO `gen_table_column` VALUES (27, '2', 'reality_end_time', '', 'datetime', 'Date', 'realityEndTime', '0', '0', NULL, '1', '1', '1', '1', 'EQ', 'datetime', '', 15, 'admin', '2020-03-16 11:23:55', '', '2020-03-16 11:26:17');

-- ----------------------------
-- Table structure for sys_config
-- ----------------------------
DROP TABLE IF EXISTS `sys_config`;
CREATE TABLE `sys_config`  (
  `config_id` int(5) NOT NULL AUTO_INCREMENT COMMENT '',
  `config_name` varchar(100) CHARACTER SET utf8 COLLATE utf8_general_ci NULL DEFAULT '' COMMENT '',
  `config_key` varchar(100) CHARACTER SET utf8 COLLATE utf8_general_ci NULL DEFAULT '' COMMENT '',
  `config_value` varchar(500) CHARACTER SET utf8 COLLATE utf8_general_ci NULL DEFAULT '' COMMENT '',
  `config_type` char(1) CHARACTER SET utf8 COLLATE utf8_general_ci NULL DEFAULT 'N' COMMENT 'Y N',
  `create_by` varchar(64) CHARACTER SET utf8 COLLATE utf8_general_ci NULL DEFAULT '' COMMENT '',
  `create_time` datetime(0) NULL DEFAULT NULL COMMENT '',
  `update_by` varchar(64) CHARACTER SET utf8 COLLATE utf8_general_ci NULL DEFAULT '' COMMENT '',
  `update_time` datetime(0) NULL DEFAULT NULL COMMENT '',
  `remark` varchar(500) CHARACTER SET utf8 COLLATE utf8_general_ci NULL DEFAULT NULL COMMENT '',
  PRIMARY KEY (`config_id`) USING BTREE
) ENGINE = InnoDB AUTO_INCREMENT = 4 CHARACTER SET = utf8 COLLATE = utf8_general_ci COMMENT = '' ROW_FORMAT = Compact;

-- ----------------------------
-- Records of sys_config
-- ----------------------------
INSERT INTO `sys_config` VALUES (1, '-', 'sys.index.skinName', 'skin-blue', 'Y', 'admin', '2018-03-16 11:33:00', 'ry', '2018-03-16 11:33:00', ' skin-blue skin-green skin-purple skin-red skin-yellow');
INSERT INTO `sys_config` VALUES (2, '-', 'sys.user.initPassword', '123456', 'Y', 'admin', '2018-03-16 11:33:00', 'ry', '2018-03-16 11:33:00', ' 123456');
INSERT INTO `sys_config` VALUES (3, '-', 'sys.index.sideTheme', 'theme-dark', 'Y', 'admin', '2018-03-16 11:33:00', 'ry', '2018-03-16 11:33:00', 'theme-darktheme-light');

-- ----------------------------
-- Table structure for sys_dept
-- ----------------------------
DROP TABLE IF EXISTS `sys_dept`;
CREATE TABLE `sys_dept`  (
  `dept_id` bigint(20) NOT NULL AUTO_INCREMENT COMMENT 'id',
  `parent_id` bigint(20) NULL DEFAULT 0 COMMENT 'id',
  `ancestors` varchar(50) CHARACTER SET utf8 COLLATE utf8_general_ci NULL DEFAULT '' COMMENT '',
  `dept_name` varchar(30) CHARACTER SET utf8 COLLATE utf8_general_ci NULL DEFAULT '' COMMENT '',
  `order_num` int(4) NULL DEFAULT 0 COMMENT '',
  `leader` varchar(20) CHARACTER SET utf8 COLLATE utf8_general_ci NULL DEFAULT NULL COMMENT '',
  `phone` varchar(11) CHARACTER SET utf8 COLLATE utf8_general_ci NULL DEFAULT NULL COMMENT '',
  `email` varchar(50) CHARACTER SET utf8 COLLATE utf8_general_ci NULL DEFAULT NULL COMMENT '',
  `status` char(1) CHARACTER SET utf8 COLLATE utf8_general_ci NULL DEFAULT '0' COMMENT '0 1',
  `del_flag` char(1) CHARACTER SET utf8 COLLATE utf8_general_ci NULL DEFAULT '0' COMMENT '0 2',
  `create_by` varchar(64) CHARACTER SET utf8 COLLATE utf8_general_ci NULL DEFAULT '' COMMENT '',
  `create_time` datetime(0) NULL DEFAULT NULL COMMENT '',
  `update_by` varchar(64) CHARACTER SET utf8 COLLATE utf8_general_ci NULL DEFAULT '' COMMENT '',
  `update_time` datetime(0) NULL DEFAULT NULL COMMENT '',
  PRIMARY KEY (`dept_id`) USING BTREE
) ENGINE = InnoDB AUTO_INCREMENT = 110 CHARACTER SET = utf8 COLLATE = utf8_general_ci COMMENT = '' ROW_FORMAT = Compact;

-- ----------------------------
-- Records of sys_dept
-- ----------------------------
INSERT INTO `sys_dept` VALUES (100, 0, '0', '', 0, '', '15888888888', 'ry@qq.com', '0', '0', 'admin', '2018-03-16 11:33:00', 'admin', '2020-03-17 12:26:20');
INSERT INTO `sys_dept` VALUES (101, 100, '0,100', '', 1, '', '15888888888', 'ry@qq.com', '0', '0', 'admin', '2018-03-16 11:33:00', 'admin', '2020-03-17 12:26:10');
INSERT INTO `sys_dept` VALUES (102, 100, '0,100', '', 2, '', '15888888888', 'ry@qq.com', '0', '0', 'admin', '2018-03-16 11:33:00', 'admin', '2020-03-17 12:26:20');
INSERT INTO `sys_dept` VALUES (103, 101, '0,100,101', '', 1, '', '15888888888', 'ry@qq.com', '0', '0', 'admin', '2018-03-16 11:33:00', 'ry', '2018-03-16 11:33:00');
INSERT INTO `sys_dept` VALUES (104, 101, '0,100,101', '', 2, '', '15888888888', 'ry@qq.com', '0', '0', 'admin', '2018-03-16 11:33:00', 'ry', '2018-03-16 11:33:00');
INSERT INTO `sys_dept` VALUES (105, 101, '0,100,101', '', 3, '', '15888888888', 'ry@qq.com', '0', '0', 'admin', '2018-03-16 11:33:00', 'ry', '2018-03-16 11:33:00');
INSERT INTO `sys_dept` VALUES (106, 101, '0,100,101', '', 4, '', '15888888888', 'ry@qq.com', '0', '0', 'admin', '2018-03-16 11:33:00', 'ry', '2018-03-16 11:33:00');
INSERT INTO `sys_dept` VALUES (107, 101, '0,100,101', '', 5, '', '15888888888', 'ry@qq.com', '0', '0', 'admin', '2018-03-16 11:33:00', 'ry', '2018-03-16 11:33:00');
INSERT INTO `sys_dept` VALUES (108, 102, '0,100,102', '', 1, '', '15888888888', 'ry@qq.com', '0', '0', 'admin', '2018-03-16 11:33:00', 'ry', '2018-03-16 11:33:00');
INSERT INTO `sys_dept` VALUES (109, 102, '0,100,102', '', 2, '', '15888888888', 'ry@qq.com', '0', '0', 'admin', '2018-03-16 11:33:00', 'ry', '2018-03-16 11:33:00');

-- ----------------------------
-- Table structure for sys_dict_data
-- ----------------------------
DROP TABLE IF EXISTS `sys_dict_data`;
CREATE TABLE `sys_dict_data`  (
  `dict_code` bigint(20) NOT NULL AUTO_INCREMENT COMMENT '',
  `dict_sort` int(4) NULL DEFAULT 0 COMMENT '',
  `dict_label` varchar(100) CHARACTER SET utf8 COLLATE utf8_general_ci NULL DEFAULT '' COMMENT '',
  `dict_value` varchar(100) CHARACTER SET utf8 COLLATE utf8_general_ci NULL DEFAULT '' COMMENT '',
  `dict_type` varchar(100) CHARACTER SET utf8 COLLATE utf8_general_ci NULL DEFAULT '' COMMENT '',
  `css_class` varchar(100) CHARACTER SET utf8 COLLATE utf8_general_ci NULL DEFAULT NULL COMMENT '',
  `list_class` varchar(100) CHARACTER SET utf8 COLLATE utf8_general_ci NULL DEFAULT NULL COMMENT '',
  `is_default` char(1) CHARACTER SET utf8 COLLATE utf8_general_ci NULL DEFAULT 'N' COMMENT 'Y N',
  `status` char(1) CHARACTER SET utf8 COLLATE utf8_general_ci NULL DEFAULT '0' COMMENT '0 1',
  `create_by` varchar(64) CHARACTER SET utf8 COLLATE utf8_general_ci NULL DEFAULT '' COMMENT '',
  `create_time` datetime(0) NULL DEFAULT NULL COMMENT '',
  `update_by` varchar(64) CHARACTER SET utf8 COLLATE utf8_general_ci NULL DEFAULT '' COMMENT '',
  `update_time` datetime(0) NULL DEFAULT NULL COMMENT '',
  `remark` varchar(500) CHARACTER SET utf8 COLLATE utf8_general_ci NULL DEFAULT NULL COMMENT '',
  PRIMARY KEY (`dict_code`) USING BTREE
) ENGINE = InnoDB AUTO_INCREMENT = 34 CHARACTER SET = utf8 COLLATE = utf8_general_ci COMMENT = '' ROW_FORMAT = Compact;

-- ----------------------------
-- Records of sys_dict_data
-- ----------------------------
INSERT INTO `sys_dict_data` VALUES (1, 1, '', '0', 'sys_user_sex', '', '', 'Y', '0', 'admin', '2018-03-16 11:33:00', 'ry', '2018-03-16 11:33:00', '');
INSERT INTO `sys_dict_data` VALUES (2, 2, '', '1', 'sys_user_sex', '', '', 'N', '0', 'admin', '2018-03-16 11:33:00', 'ry', '2018-03-16 11:33:00', '');
INSERT INTO `sys_dict_data` VALUES (3, 3, '', '2', 'sys_user_sex', '', '', 'N', '0', 'admin', '2018-03-16 11:33:00', 'ry', '2018-03-16 11:33:00', '');
INSERT INTO `sys_dict_data` VALUES (4, 1, '', '0', 'sys_show_hide', '', 'primary', 'Y', '0', 'admin', '2018-03-16 11:33:00', 'ry', '2018-03-16 11:33:00', '');
INSERT INTO `sys_dict_data` VALUES (5, 2, '', '1', 'sys_show_hide', '', 'danger', 'N', '0', 'admin', '2018-03-16 11:33:00', 'ry', '2018-03-16 11:33:00', '');
INSERT INTO `sys_dict_data` VALUES (6, 1, '', '0', 'sys_normal_disable', '', 'primary', 'Y', '0', 'admin', '2018-03-16 11:33:00', 'ry', '2018-03-16 11:33:00', '');
INSERT INTO `sys_dict_data` VALUES (7, 2, '', '1', 'sys_normal_disable', '', 'danger', 'N', '0', 'admin', '2018-03-16 11:33:00', 'ry', '2018-03-16 11:33:00', '');
INSERT INTO `sys_dict_data` VALUES (8, 1, '', '0', 'sys_job_status', '', 'primary', 'Y', '0', 'admin', '2018-03-16 11:33:00', 'ry', '2018-03-16 11:33:00', '');
INSERT INTO `sys_dict_data` VALUES (9, 2, '', '1', 'sys_job_status', '', 'danger', 'N', '0', 'admin', '2018-03-16 11:33:00', 'ry', '2018-03-16 11:33:00', '');
INSERT INTO `sys_dict_data` VALUES (10, 1, '', 'DEFAULT', 'sys_job_group', '', '', 'Y', '0', 'admin', '2018-03-16 11:33:00', 'ry', '2018-03-16 11:33:00', '');
INSERT INTO `sys_dict_data` VALUES (11, 2, '', 'SYSTEM', 'sys_job_group', '', '', 'N', '0', 'admin', '2018-03-16 11:33:00', 'ry', '2018-03-16 11:33:00', '');
INSERT INTO `sys_dict_data` VALUES (12, 1, '', 'Y', 'sys_yes_no', '', 'primary', 'Y', '0', 'admin', '2018-03-16 11:33:00', 'ry', '2018-03-16 11:33:00', '');
INSERT INTO `sys_dict_data` VALUES (13, 2, '', 'N', 'sys_yes_no', '', 'danger', 'N', '0', 'admin', '2018-03-16 11:33:00', 'ry', '2018-03-16 11:33:00', '');
INSERT INTO `sys_dict_data` VALUES (14, 1, '', '1', 'sys_notice_type', '', 'warning', 'Y', '0', 'admin', '2018-03-16 11:33:00', 'ry', '2018-03-16 11:33:00', '');
INSERT INTO `sys_dict_data` VALUES (15, 2, '', '2', 'sys_notice_type', '', 'success', 'N', '0', 'admin', '2018-03-16 11:33:00', 'ry', '2018-03-16 11:33:00', '');
INSERT INTO `sys_dict_data` VALUES (16, 1, '', '0', 'sys_notice_status', '', 'primary', 'Y', '0', 'admin', '2018-03-16 11:33:00', 'ry', '2018-03-16 11:33:00', '');
INSERT INTO `sys_dict_data` VALUES (17, 2, '', '1', 'sys_notice_status', '', 'danger', 'N', '0', 'admin', '2018-03-16 11:33:00', 'ry', '2018-03-16 11:33:00', '');
INSERT INTO `sys_dict_data` VALUES (18, 1, '', '1', 'sys_oper_type', '', 'info', 'N', '0', 'admin', '2018-03-16 11:33:00', 'ry', '2018-03-16 11:33:00', '');
INSERT INTO `sys_dict_data` VALUES (19, 2, '', '2', 'sys_oper_type', '', 'info', 'N', '0', 'admin', '2018-03-16 11:33:00', 'ry', '2018-03-16 11:33:00', '');
INSERT INTO `sys_dict_data` VALUES (20, 3, '', '3', 'sys_oper_type', '', 'danger', 'N', '0', 'admin', '2018-03-16 11:33:00', 'ry', '2018-03-16 11:33:00', '');
INSERT INTO `sys_dict_data` VALUES (21, 4, '', '4', 'sys_oper_type', '', 'primary', 'N', '0', 'admin', '2018-03-16 11:33:00', 'ry', '2018-03-16 11:33:00', '');
INSERT INTO `sys_dict_data` VALUES (22, 5, '', '5', 'sys_oper_type', '', 'warning', 'N', '0', 'admin', '2018-03-16 11:33:00', 'ry', '2018-03-16 11:33:00', '');
INSERT INTO `sys_dict_data` VALUES (23, 6, '', '6', 'sys_oper_type', '', 'warning', 'N', '0', 'admin', '2018-03-16 11:33:00', 'ry', '2018-03-16 11:33:00', '');
INSERT INTO `sys_dict_data` VALUES (24, 7, '', '7', 'sys_oper_type', '', 'danger', 'N', '0', 'admin', '2018-03-16 11:33:00', 'ry', '2018-03-16 11:33:00', '');
INSERT INTO `sys_dict_data` VALUES (25, 8, '', '8', 'sys_oper_type', '', 'warning', 'N', '0', 'admin', '2018-03-16 11:33:00', 'ry', '2018-03-16 11:33:00', '');
INSERT INTO `sys_dict_data` VALUES (26, 9, '', '9', 'sys_oper_type', '', 'danger', 'N', '0', 'admin', '2018-03-16 11:33:00', 'ry', '2018-03-16 11:33:00', '');
INSERT INTO `sys_dict_data` VALUES (27, 1, '', '0', 'sys_common_status', '', 'primary', 'N', '0', 'admin', '2018-03-16 11:33:00', 'ry', '2018-03-16 11:33:00', '');
INSERT INTO `sys_dict_data` VALUES (28, 2, '', '1', 'sys_common_status', '', 'danger', 'N', '0', 'admin', '2018-03-16 11:33:00', 'ry', '2018-03-16 11:33:00', '');
INSERT INTO `sys_dict_data` VALUES (29, 1, '', '1', 'biz_leave_type', NULL, NULL, 'N', '0', 'admin', '2020-03-04 15:43:33', '', NULL, NULL);
INSERT INTO `sys_dict_data` VALUES (30, 2, '', '0', 'biz_leave_type', NULL, NULL, 'N', '0', 'admin', '2020-03-04 15:43:33', 'admin', '2020-03-04 15:46:20', NULL);
INSERT INTO `sys_dict_data` VALUES (31, 0, '', '1', 'biz_contract_type', NULL, NULL, 'N', '0', 'admin', '2020-03-16 11:28:57', '', NULL, NULL);
INSERT INTO `sys_dict_data` VALUES (32, 2, '', '2', 'biz_contract_type', NULL, NULL, 'N', '0', 'admin', '2020-03-16 11:29:12', '', NULL, NULL);
INSERT INTO `sys_dict_data` VALUES (33, 0, '', '3', 'biz_contract_type', NULL, NULL, 'N', '0', 'admin', '2020-03-16 11:29:21', '', NULL, NULL);

-- ----------------------------
-- Table structure for sys_dict_type
-- ----------------------------
DROP TABLE IF EXISTS `sys_dict_type`;
CREATE TABLE `sys_dict_type`  (
  `dict_id` bigint(20) NOT NULL AUTO_INCREMENT COMMENT '',
  `dict_name` varchar(100) CHARACTER SET utf8 COLLATE utf8_general_ci NULL DEFAULT '' COMMENT '',
  `dict_type` varchar(100) CHARACTER SET utf8 COLLATE utf8_general_ci NULL DEFAULT '' COMMENT '',
  `status` char(1) CHARACTER SET utf8 COLLATE utf8_general_ci NULL DEFAULT '0' COMMENT '0 1',
  `create_by` varchar(64) CHARACTER SET utf8 COLLATE utf8_general_ci NULL DEFAULT '' COMMENT '',
  `create_time` datetime(0) NULL DEFAULT NULL COMMENT '',
  `update_by` varchar(64) CHARACTER SET utf8 COLLATE utf8_general_ci NULL DEFAULT '' COMMENT '',
  `update_time` datetime(0) NULL DEFAULT NULL COMMENT '',
  `remark` varchar(500) CHARACTER SET utf8 COLLATE utf8_general_ci NULL DEFAULT NULL COMMENT '',
  PRIMARY KEY (`dict_id`) USING BTREE,
  UNIQUE INDEX `dict_type`(`dict_type`) USING BTREE
) ENGINE = InnoDB AUTO_INCREMENT = 13 CHARACTER SET = utf8 COLLATE = utf8_general_ci COMMENT = '' ROW_FORMAT = Compact;

-- ----------------------------
-- Records of sys_dict_type
-- ----------------------------
INSERT INTO `sys_dict_type` VALUES (1, '', 'sys_user_sex', '0', 'admin', '2018-03-16 11:33:00', 'ry', '2018-03-16 11:33:00', '');
INSERT INTO `sys_dict_type` VALUES (2, '', 'sys_show_hide', '0', 'admin', '2018-03-16 11:33:00', 'ry', '2018-03-16 11:33:00', '');
INSERT INTO `sys_dict_type` VALUES (3, '', 'sys_normal_disable', '0', 'admin', '2018-03-16 11:33:00', 'ry', '2018-03-16 11:33:00', '');
INSERT INTO `sys_dict_type` VALUES (4, '', 'sys_job_status', '0', 'admin', '2018-03-16 11:33:00', 'ry', '2018-03-16 11:33:00', '');
INSERT INTO `sys_dict_type` VALUES (5, '', 'sys_job_group', '0', 'admin', '2018-03-16 11:33:00', 'ry', '2018-03-16 11:33:00', '');
INSERT INTO `sys_dict_type` VALUES (6, '', 'sys_yes_no', '0', 'admin', '2018-03-16 11:33:00', 'ry', '2018-03-16 11:33:00', '');
INSERT INTO `sys_dict_type` VALUES (7, '', 'sys_notice_type', '0', 'admin', '2018-03-16 11:33:00', 'ry', '2018-03-16 11:33:00', '');
INSERT INTO `sys_dict_type` VALUES (8, '', 'sys_notice_status', '0', 'admin', '2018-03-16 11:33:00', 'ry', '2018-03-16 11:33:00', '');
INSERT INTO `sys_dict_type` VALUES (9, '', 'sys_oper_type', '0', 'admin', '2018-03-16 11:33:00', 'ry', '2018-03-16 11:33:00', '');
INSERT INTO `sys_dict_type` VALUES (10, '', 'sys_common_status', '0', 'admin', '2018-03-16 11:33:00', 'ry', '2018-03-16 11:33:00', '');
INSERT INTO `sys_dict_type` VALUES (11, '', 'biz_leave_type', '0', 'admin', '2020-03-04 15:42:36', '', NULL, NULL);
INSERT INTO `sys_dict_type` VALUES (12, '', 'biz_contract_type', '0', 'admin', '2020-03-16 11:28:13', 'admin', '2020-03-16 11:28:35', NULL);

-- ----------------------------
-- Table structure for sys_job
-- ----------------------------
DROP TABLE IF EXISTS `sys_job`;
CREATE TABLE `sys_job`  (
  `job_id` bigint(20) NOT NULL AUTO_INCREMENT COMMENT 'ID',
  `job_name` varchar(64) CHARACTER SET utf8 COLLATE utf8_general_ci NOT NULL DEFAULT '' COMMENT '',
  `job_group` varchar(64) CHARACTER SET utf8 COLLATE utf8_general_ci NOT NULL DEFAULT 'DEFAULT' COMMENT '',
  `invoke_target` varchar(500) CHARACTER SET utf8 COLLATE utf8_general_ci NOT NULL COMMENT '',
  `cron_expression` varchar(255) CHARACTER SET utf8 COLLATE utf8_general_ci NULL DEFAULT '' COMMENT 'cron',
  `misfire_policy` varchar(20) CHARACTER SET utf8 COLLATE utf8_general_ci NULL DEFAULT '3' COMMENT '1 2 3',
  `concurrent` char(1) CHARACTER SET utf8 COLLATE utf8_general_ci NULL DEFAULT '1' COMMENT '0 1',
  `status` char(1) CHARACTER SET utf8 COLLATE utf8_general_ci NULL DEFAULT '0' COMMENT '0 1',
  `create_by` varchar(64) CHARACTER SET utf8 COLLATE utf8_general_ci NULL DEFAULT '' COMMENT '',
  `create_time` datetime(0) NULL DEFAULT NULL COMMENT '',
  `update_by` varchar(64) CHARACTER SET utf8 COLLATE utf8_general_ci NULL DEFAULT '' COMMENT '',
  `update_time` datetime(0) NULL DEFAULT NULL COMMENT '',
  `remark` varchar(500) CHARACTER SET utf8 COLLATE utf8_general_ci NULL DEFAULT '' COMMENT '',
  PRIMARY KEY (`job_id`, `job_name`, `job_group`) USING BTREE
) ENGINE = InnoDB AUTO_INCREMENT = 4 CHARACTER SET = utf8 COLLATE = utf8_general_ci COMMENT = '' ROW_FORMAT = Compact;

-- ----------------------------
-- Records of sys_job
-- ----------------------------
INSERT INTO `sys_job` VALUES (1, '', 'DEFAULT', 'ryTask.ryNoParams', '0/10 * * * * ?', '3', '1', '1', 'admin', '2018-03-16 11:33:00', 'ry', '2018-03-16 11:33:00', '');
INSERT INTO `sys_job` VALUES (2, '', 'DEFAULT', 'ryTask.ryParams(\'ry\')', '0/15 * * * * ?', '3', '1', '1', 'admin', '2018-03-16 11:33:00', 'ry', '2018-03-16 11:33:00', '');
INSERT INTO `sys_job` VALUES (3, '', 'DEFAULT', 'ryTask.ryMultipleParams(\'ry\', true, 2000L, 316.50D, 100)', '0/20 * * * * ?', '3', '1', '1', 'admin', '2018-03-16 11:33:00', 'ry', '2018-03-16 11:33:00', '');

-- ----------------------------
-- Table structure for sys_job_log
-- ----------------------------
DROP TABLE IF EXISTS `sys_job_log`;
CREATE TABLE `sys_job_log`  (
  `job_log_id` bigint(20) NOT NULL AUTO_INCREMENT COMMENT 'ID',
  `job_name` varchar(64) CHARACTER SET utf8 COLLATE utf8_general_ci NOT NULL COMMENT '',
  `job_group` varchar(64) CHARACTER SET utf8 COLLATE utf8_general_ci NOT NULL COMMENT '',
  `invoke_target` varchar(500) CHARACTER SET utf8 COLLATE utf8_general_ci NOT NULL COMMENT '',
  `job_message` varchar(500) CHARACTER SET utf8 COLLATE utf8_general_ci NULL DEFAULT NULL COMMENT '',
  `status` char(1) CHARACTER SET utf8 COLLATE utf8_general_ci NULL DEFAULT '0' COMMENT '0 1',
  `exception_info` varchar(2000) CHARACTER SET utf8 COLLATE utf8_general_ci NULL DEFAULT '' COMMENT '',
  `create_time` datetime(0) NULL DEFAULT NULL COMMENT '',
  PRIMARY KEY (`job_log_id`) USING BTREE
) ENGINE = InnoDB AUTO_INCREMENT = 1 CHARACTER SET = utf8 COLLATE = utf8_general_ci COMMENT = '' ROW_FORMAT = Compact;

-- ----------------------------
-- Table structure for sys_logininfor
-- ----------------------------
DROP TABLE IF EXISTS `sys_logininfor`;
CREATE TABLE `sys_logininfor`  (
  `info_id` bigint(20) NOT NULL AUTO_INCREMENT COMMENT 'ID',
  `user_name` varchar(50) CHARACTER SET utf8 COLLATE utf8_general_ci NULL DEFAULT '' COMMENT '',
  `ipaddr` varchar(50) CHARACTER SET utf8 COLLATE utf8_general_ci NULL DEFAULT '' COMMENT 'IP',
  `login_location` varchar(255) CHARACTER SET utf8 COLLATE utf8_general_ci NULL DEFAULT '' COMMENT '',
  `browser` varchar(50) CHARACTER SET utf8 COLLATE utf8_general_ci NULL DEFAULT '' COMMENT '',
  `os` varchar(50) CHARACTER SET utf8 COLLATE utf8_general_ci NULL DEFAULT '' COMMENT '',
  `status` char(1) CHARACTER SET utf8 COLLATE utf8_general_ci NULL DEFAULT '0' COMMENT '0 1',
  `msg` varchar(255) CHARACTER SET utf8 COLLATE utf8_general_ci NULL DEFAULT '' COMMENT '',
  `login_time` datetime(0) NULL DEFAULT NULL COMMENT '',
  PRIMARY KEY (`info_id`) USING BTREE
) ENGINE = InnoDB AUTO_INCREMENT = 447 CHARACTER SET = utf8 COLLATE = utf8_general_ci COMMENT = '' ROW_FORMAT = Compact;

-- ----------------------------
-- Records of sys_logininfor
-- ----------------------------
INSERT INTO `sys_logininfor` VALUES (100, 'admin', '127.0.0.1', 'IP', 'Chrome', 'Windows 10', '0', '', '2020-02-24 14:47:00');
INSERT INTO `sys_logininfor` VALUES (101, 'admin', '127.0.0.1', 'IP', 'Chrome', 'Windows 10', '0', '', '2020-02-24 14:47:26');
INSERT INTO `sys_logininfor` VALUES (102, 'admin', '127.0.0.1', 'IP', 'Chrome', 'Windows 10', '1', '', '2020-02-24 14:53:56');
INSERT INTO `sys_logininfor` VALUES (103, 'admin', '127.0.0.1', 'IP', 'Chrome', 'Windows 10', '0', '', '2020-02-24 14:54:00');
INSERT INTO `sys_logininfor` VALUES (104, 'admin', '127.0.0.1', 'IP', 'Chrome', 'Windows 10', '0', '', '2020-02-24 16:41:31');
INSERT INTO `sys_logininfor` VALUES (105, 'admin', '127.0.0.1', 'IP', 'Chrome', 'Windows 10', '0', '', '2020-02-24 16:42:17');
INSERT INTO `sys_logininfor` VALUES (106, 'ry', '127.0.0.1', 'IP', 'Chrome', 'Windows 10', '0', '', '2020-02-24 16:42:39');
INSERT INTO `sys_logininfor` VALUES (107, 'ry', '127.0.0.1', 'IP', 'Chrome', 'Windows 10', '0', '', '2020-02-24 16:43:24');
INSERT INTO `sys_logininfor` VALUES (108, 'admin', '127.0.0.1', 'IP', 'Chrome', 'Windows 10', '0', '', '2020-02-24 16:43:28');
INSERT INTO `sys_logininfor` VALUES (109, 'admin', '127.0.0.1', 'IP', 'Chrome', 'Windows 10', '0', '', '2020-02-26 16:42:11');
INSERT INTO `sys_logininfor` VALUES (110, 'admin', '127.0.0.1', 'IP', 'Chrome', 'Windows 10', '0', '', '2020-02-26 17:39:08');
INSERT INTO `sys_logininfor` VALUES (111, 'admin', '127.0.0.1', 'IP', 'Chrome', 'Windows 10', '0', '', '2020-02-27 15:29:26');
INSERT INTO `sys_logininfor` VALUES (112, 'admin', '127.0.0.1', 'IP', 'Chrome', 'Windows 10', '0', '', '2020-02-27 18:06:50');
INSERT INTO `sys_logininfor` VALUES (113, 'admin', '127.0.0.1', 'IP', 'Chrome', 'Windows 10', '0', '', '2020-02-27 18:24:57');
INSERT INTO `sys_logininfor` VALUES (114, 'admin', '127.0.0.1', 'IP', 'Chrome', 'Windows 10', '0', '', '2020-02-27 18:28:00');
INSERT INTO `sys_logininfor` VALUES (115, 'admin', '127.0.0.1', 'IP', 'Chrome', 'Windows 10', '0', '', '2020-02-27 18:38:06');
INSERT INTO `sys_logininfor` VALUES (116, 'admin', '127.0.0.1', 'IP', 'Chrome', 'Windows 10', '0', '', '2020-02-27 20:27:24');
INSERT INTO `sys_logininfor` VALUES (117, 'admin', '127.0.0.1', 'IP', 'Chrome', 'Windows 10', '0', '', '2020-02-28 16:10:06');
INSERT INTO `sys_logininfor` VALUES (118, 'admin', '127.0.0.1', 'IP', 'Chrome', 'Windows 10', '0', '', '2020-02-28 16:25:43');
INSERT INTO `sys_logininfor` VALUES (119, 'ry', '127.0.0.1', 'IP', 'Chrome', 'Windows 10', '0', '', '2020-02-28 16:25:48');
INSERT INTO `sys_logininfor` VALUES (120, 'ry', '127.0.0.1', 'IP', 'Chrome', 'Windows 10', '0', '', '2020-02-28 16:26:10');
INSERT INTO `sys_logininfor` VALUES (121, 'admin', '127.0.0.1', 'IP', 'Chrome', 'Windows 10', '0', '', '2020-02-28 16:26:13');
INSERT INTO `sys_logininfor` VALUES (122, 'admin', '127.0.0.1', 'IP', 'Chrome', 'Windows 10', '0', '', '2020-02-28 16:26:46');
INSERT INTO `sys_logininfor` VALUES (123, 'ry', '127.0.0.1', 'IP', 'Chrome', 'Windows 10', '0', '', '2020-02-28 16:26:52');
INSERT INTO `sys_logininfor` VALUES (124, 'ry', '127.0.0.1', 'IP', 'Chrome', 'Windows 10', '0', '', '2020-02-28 16:27:01');
INSERT INTO `sys_logininfor` VALUES (125, 'admin', '127.0.0.1', 'IP', 'Chrome', 'Windows 10', '0', '', '2020-02-28 16:27:04');
INSERT INTO `sys_logininfor` VALUES (126, 'admin', '127.0.0.1', 'IP', 'Chrome', 'Windows 10', '0', '', '2020-02-28 16:29:40');
INSERT INTO `sys_logininfor` VALUES (127, 'ry', '127.0.0.1', 'IP', 'Chrome', 'Windows 10', '1', '', '2020-02-28 16:29:45');
INSERT INTO `sys_logininfor` VALUES (128, 'ry', '127.0.0.1', 'IP', 'Chrome', 'Windows 10', '0', '', '2020-02-28 16:29:49');
INSERT INTO `sys_logininfor` VALUES (129, 'ry', '127.0.0.1', 'IP', 'Chrome', 'Windows 10', '0', '', '2020-02-28 16:32:29');
INSERT INTO `sys_logininfor` VALUES (130, 'ry', '127.0.0.1', 'IP', 'Chrome', 'Windows 10', '1', '', '2020-02-28 16:32:34');
INSERT INTO `sys_logininfor` VALUES (131, 'ry', '127.0.0.1', 'IP', 'Chrome', 'Windows 10', '0', '', '2020-02-28 16:32:38');
INSERT INTO `sys_logininfor` VALUES (132, 'ry', '127.0.0.1', 'IP', 'Chrome', 'Windows 10', '0', '', '2020-02-28 16:40:56');
INSERT INTO `sys_logininfor` VALUES (133, 'admin', '127.0.0.1', 'IP', 'Chrome', 'Windows 10', '0', '', '2020-02-28 16:41:00');
INSERT INTO `sys_logininfor` VALUES (134, 'admin', '127.0.0.1', 'IP', 'Chrome', 'Windows 10', '1', '', '2020-02-29 16:58:03');
INSERT INTO `sys_logininfor` VALUES (135, 'admin', '127.0.0.1', 'IP', 'Chrome', 'Windows 10', '0', '', '2020-02-29 16:58:07');
INSERT INTO `sys_logininfor` VALUES (136, 'admin', '127.0.0.1', 'IP', 'Chrome', 'Windows 10', '0', '', '2020-02-29 18:09:19');
INSERT INTO `sys_logininfor` VALUES (137, 'admin', '127.0.0.1', 'IP', 'Chrome', 'Windows 10', '0', '', '2020-02-29 21:48:58');
INSERT INTO `sys_logininfor` VALUES (138, 'admin', '127.0.0.1', 'IP', 'Chrome', 'Windows 10', '0', '', '2020-02-29 23:26:08');
INSERT INTO `sys_logininfor` VALUES (139, 'admin', '127.0.0.1', 'IP', 'Chrome', 'Windows 10', '0', '', '2020-03-03 16:26:32');
INSERT INTO `sys_logininfor` VALUES (140, 'admin', '127.0.0.1', 'IP', 'Chrome', 'Windows 10', '0', '', '2020-03-03 21:31:37');
INSERT INTO `sys_logininfor` VALUES (141, 'admin', '127.0.0.1', 'IP', 'Chrome', 'Windows 10', '0', '', '2020-03-04 10:48:26');
INSERT INTO `sys_logininfor` VALUES (142, 'admin', '127.0.0.1', 'IP', 'Chrome', 'Windows 10', '0', '', '2020-03-04 11:01:46');
INSERT INTO `sys_logininfor` VALUES (143, 'admin', '127.0.0.1', 'IP', 'Chrome', 'Windows 10', '0', '', '2020-03-04 11:01:52');
INSERT INTO `sys_logininfor` VALUES (144, 'admin', '127.0.0.1', 'IP', 'Chrome', 'Windows 10', '0', '', '2020-03-04 11:42:11');
INSERT INTO `sys_logininfor` VALUES (145, 'admin', '127.0.0.1', 'IP', 'Chrome', 'Windows 10', '0', '', '2020-03-04 13:41:02');
INSERT INTO `sys_logininfor` VALUES (146, 'admin', '127.0.0.1', 'IP', 'Chrome', 'Windows 10', '0', '', '2020-03-04 15:21:10');
INSERT INTO `sys_logininfor` VALUES (147, 'admin', '127.0.0.1', 'IP', 'Chrome', 'Windows 10', '0', '', '2020-03-04 16:40:29');
INSERT INTO `sys_logininfor` VALUES (148, 'admin', '127.0.0.1', 'IP', 'Chrome', 'Windows 10', '1', '', '2020-03-04 18:08:52');
INSERT INTO `sys_logininfor` VALUES (149, 'admin', '127.0.0.1', 'IP', 'Chrome', 'Windows 10', '0', '', '2020-03-04 18:08:55');
INSERT INTO `sys_logininfor` VALUES (150, 'admin', '127.0.0.1', 'IP', 'Chrome', 'Windows 10', '0', '', '2020-03-04 23:12:50');
INSERT INTO `sys_logininfor` VALUES (151, 'admin', '127.0.0.1', 'IP', 'Chrome', 'Windows 10', '0', '', '2020-03-05 00:03:25');
INSERT INTO `sys_logininfor` VALUES (152, 'chengxy', '127.0.0.1', 'IP', 'Chrome', 'Windows 10', '0', '', '2020-03-05 00:03:32');
INSERT INTO `sys_logininfor` VALUES (153, 'chengxy', '127.0.0.1', 'IP', 'Chrome', 'Windows 10', '0', '', '2020-03-05 00:04:45');
INSERT INTO `sys_logininfor` VALUES (154, 'admin', '127.0.0.1', 'IP', 'Chrome', 'Windows 10', '0', '', '2020-03-05 00:04:48');
INSERT INTO `sys_logininfor` VALUES (155, 'admin', '127.0.0.1', 'IP', 'Chrome', 'Windows 10', '0', '', '2020-03-05 00:05:52');
INSERT INTO `sys_logininfor` VALUES (156, 'chengxy', '127.0.0.1', 'IP', 'Chrome', 'Windows 10', '1', '/', '2020-03-05 00:05:59');
INSERT INTO `sys_logininfor` VALUES (157, 'chengxy', '127.0.0.1', 'IP', 'Chrome', 'Windows 10', '1', '', '2020-03-05 00:06:04');
INSERT INTO `sys_logininfor` VALUES (158, 'chengxy', '127.0.0.1', 'IP', 'Chrome', 'Windows 10', '0', '', '2020-03-05 00:06:08');
INSERT INTO `sys_logininfor` VALUES (159, 'chengxy', '127.0.0.1', 'IP', 'Chrome', 'Windows 10', '0', '', '2020-03-05 00:07:56');
INSERT INTO `sys_logininfor` VALUES (160, 'admin', '127.0.0.1', 'IP', 'Chrome', 'Windows 10', '0', '', '2020-03-05 00:08:04');
INSERT INTO `sys_logininfor` VALUES (161, 'admin', '127.0.0.1', 'IP', 'Chrome', 'Windows 10', '0', '', '2020-03-05 00:09:07');
INSERT INTO `sys_logininfor` VALUES (162, 'chengxy', '127.0.0.1', 'IP', 'Chrome', 'Windows 10', '0', '', '2020-03-05 00:09:14');
INSERT INTO `sys_logininfor` VALUES (163, 'admin', '127.0.0.1', 'IP', 'Chrome', 'Windows 10', '0', '', '2020-03-05 13:22:07');
INSERT INTO `sys_logininfor` VALUES (164, 'admin', '127.0.0.1', 'IP', 'Chrome', 'Windows 10', '0', '', '2020-03-05 14:42:06');
INSERT INTO `sys_logininfor` VALUES (165, 'admin', '127.0.0.1', 'IP', 'Chrome', 'Windows 10', '0', '', '2020-03-05 15:07:29');
INSERT INTO `sys_logininfor` VALUES (166, 'chengxy', '127.0.0.1', 'IP', 'Chrome', 'Windows 10', '0', '', '2020-03-05 15:07:36');
INSERT INTO `sys_logininfor` VALUES (167, 'chengxy', '127.0.0.1', 'IP', 'Chrome', 'Windows 10', '0', '', '2020-03-05 15:19:49');
INSERT INTO `sys_logininfor` VALUES (168, 'user1', '127.0.0.1', 'IP', 'Chrome', 'Windows 10', '1', '/', '2020-03-05 15:19:56');
INSERT INTO `sys_logininfor` VALUES (169, 'admin', '127.0.0.1', 'IP', 'Chrome', 'Windows 10', '1', '/', '2020-03-05 15:20:07');
INSERT INTO `sys_logininfor` VALUES (170, 'admin', '127.0.0.1', 'IP', 'Chrome', 'Windows 10', '0', '', '2020-03-05 15:20:14');
INSERT INTO `sys_logininfor` VALUES (171, 'admin', '127.0.0.1', 'IP', 'Chrome', 'Windows 10', '0', '', '2020-03-05 15:20:23');
INSERT INTO `sys_logininfor` VALUES (172, 'test1', '127.0.0.1', 'IP', 'Chrome', 'Windows 10', '0', '', '2020-03-05 15:20:32');
INSERT INTO `sys_logininfor` VALUES (173, 'test1', '127.0.0.1', 'IP', 'Chrome', 'Windows 10', '0', '', '2020-03-05 15:20:39');
INSERT INTO `sys_logininfor` VALUES (174, 'admin', '127.0.0.1', 'IP', 'Chrome', 'Windows 10', '1', '', '2020-03-05 15:20:44');
INSERT INTO `sys_logininfor` VALUES (175, 'admin', '127.0.0.1', 'IP', 'Chrome', 'Windows 10', '0', '', '2020-03-05 15:20:47');
INSERT INTO `sys_logininfor` VALUES (176, 'admin', '127.0.0.1', 'IP', 'Chrome', 'Windows 10', '0', '', '2020-03-05 15:22:29');
INSERT INTO `sys_logininfor` VALUES (177, 'user1', '127.0.0.1', 'IP', 'Chrome', 'Windows 10', '1', '/', '2020-03-05 15:22:36');
INSERT INTO `sys_logininfor` VALUES (178, 'test1', '127.0.0.1', 'IP', 'Chrome', 'Windows 10', '0', '', '2020-03-05 15:22:42');
INSERT INTO `sys_logininfor` VALUES (179, 'admin', '127.0.0.1', 'IP', 'Chrome', 'Windows 10', '0', '', '2020-03-05 16:18:50');
INSERT INTO `sys_logininfor` VALUES (180, 'admin', '127.0.0.1', 'IP', 'Chrome', 'Windows 10', '0', '', '2020-03-05 16:51:46');
INSERT INTO `sys_logininfor` VALUES (181, 'admin', '127.0.0.1', 'IP', 'Chrome', 'Windows 10', '0', '', '2020-03-05 16:52:57');
INSERT INTO `sys_logininfor` VALUES (182, 'chengxy', '127.0.0.1', 'IP', 'Chrome', 'Windows 10', '0', '', '2020-03-05 16:53:03');
INSERT INTO `sys_logininfor` VALUES (183, 'chengxy', '127.0.0.1', 'IP', 'Chrome', 'Windows 10', '0', '', '2020-03-05 17:04:42');
INSERT INTO `sys_logininfor` VALUES (184, 'admin', '127.0.0.1', 'IP', 'Chrome', 'Windows 10', '0', '', '2020-03-05 17:04:46');
INSERT INTO `sys_logininfor` VALUES (185, 'admin', '127.0.0.1', 'IP', 'Chrome', 'Windows 10', '0', '', '2020-03-05 20:24:55');
INSERT INTO `sys_logininfor` VALUES (186, 'admin', '127.0.0.1', 'IP', 'Chrome', 'Windows 10', '0', '', '2020-03-05 21:13:14');
INSERT INTO `sys_logininfor` VALUES (187, 'chengxy', '127.0.0.1', 'IP', 'Chrome', 'Windows 10', '0', '', '2020-03-05 21:13:23');
INSERT INTO `sys_logininfor` VALUES (188, 'admin', '127.0.0.1', 'IP', 'Chrome', 'Windows 10', '1', '', '2020-03-06 14:13:06');
INSERT INTO `sys_logininfor` VALUES (189, 'admin', '127.0.0.1', 'IP', 'Chrome', 'Windows 10', '0', '', '2020-03-06 14:13:11');
INSERT INTO `sys_logininfor` VALUES (190, 'chengxy', '127.0.0.1', 'IP', 'Chrome', 'Windows 10', '0', '', '2020-03-06 14:19:11');
INSERT INTO `sys_logininfor` VALUES (191, 'chengxy', '127.0.0.1', 'IP', 'Chrome', 'Windows 10', '0', '', '2020-03-06 14:45:20');
INSERT INTO `sys_logininfor` VALUES (192, 'admin', '127.0.0.1', 'IP', 'Chrome', 'Windows 10', '0', '', '2020-03-06 14:45:24');
INSERT INTO `sys_logininfor` VALUES (193, 'admin', '127.0.0.1', 'IP', 'Chrome', 'Windows 10', '0', '', '2020-03-06 14:46:27');
INSERT INTO `sys_logininfor` VALUES (194, 'ry', '127.0.0.1', 'IP', 'Chrome', 'Windows 10', '1', '/', '2020-03-06 14:46:34');
INSERT INTO `sys_logininfor` VALUES (195, 'ry', '127.0.0.1', 'IP', 'Chrome', 'Windows 10', '1', '/', '2020-03-06 14:46:37');
INSERT INTO `sys_logininfor` VALUES (196, 'ry', '127.0.0.1', 'IP', 'Chrome', 'Windows 10', '1', '/', '2020-03-06 14:46:45');
INSERT INTO `sys_logininfor` VALUES (197, 'ry', '127.0.0.1', 'IP', 'Chrome', 'Windows 10', '1', '/', '2020-03-06 14:46:53');
INSERT INTO `sys_logininfor` VALUES (198, 'ry', '127.0.0.1', 'IP', 'Chrome', 'Windows 10', '1', '/', '2020-03-06 14:46:59');
INSERT INTO `sys_logininfor` VALUES (199, 'ry', '127.0.0.1', 'IP', 'Chrome', 'Windows 10', '1', '/', '2020-03-06 14:47:06');
INSERT INTO `sys_logininfor` VALUES (200, 'ry', '127.0.0.1', 'IP', 'Chrome', 'Windows 10', '0', '', '2020-03-06 14:47:29');
INSERT INTO `sys_logininfor` VALUES (201, 'ry', '127.0.0.1', 'IP', 'Chrome', 'Windows 10', '0', '', '2020-03-06 15:07:59');
INSERT INTO `sys_logininfor` VALUES (202, 'ry', '127.0.0.1', 'IP', 'Chrome', 'Windows 10', '1', '', '2020-03-06 15:08:04');
INSERT INTO `sys_logininfor` VALUES (203, 'ry', '127.0.0.1', 'IP', 'Chrome', 'Windows 10', '1', '/', '2020-03-06 15:08:07');
INSERT INTO `sys_logininfor` VALUES (204, 'ry', '127.0.0.1', 'IP', 'Chrome', 'Windows 10', '0', '', '2020-03-06 15:08:17');
INSERT INTO `sys_logininfor` VALUES (205, 'admin', '127.0.0.1', 'IP', 'Chrome', 'Windows 10', '1', '', '2020-03-06 17:04:33');
INSERT INTO `sys_logininfor` VALUES (206, 'admin', '127.0.0.1', 'IP', 'Chrome', 'Windows 10', '0', '', '2020-03-06 17:04:37');
INSERT INTO `sys_logininfor` VALUES (207, 'admin', '127.0.0.1', 'IP', 'Chrome', 'Windows 10', '0', '', '2020-03-06 17:05:01');
INSERT INTO `sys_logininfor` VALUES (208, 'ry', '127.0.0.1', 'IP', 'Chrome', 'Windows 10', '1', '', '2020-03-06 17:05:22');
INSERT INTO `sys_logininfor` VALUES (209, 'ry', '127.0.0.1', 'IP', 'Chrome', 'Windows 10', '0', '', '2020-03-06 17:05:25');
INSERT INTO `sys_logininfor` VALUES (210, 'admin', '127.0.0.1', 'IP', 'Chrome', 'Windows 10', '0', '', '2020-03-07 17:55:20');
INSERT INTO `sys_logininfor` VALUES (211, 'admin', '127.0.0.1', 'IP', 'Chrome', 'Windows 10', '0', '', '2020-03-07 17:55:36');
INSERT INTO `sys_logininfor` VALUES (212, 'ry', '127.0.0.1', 'IP', 'Chrome', 'Windows 10', '0', '', '2020-03-07 17:55:44');
INSERT INTO `sys_logininfor` VALUES (213, 'ry', '127.0.0.1', 'IP', 'Chrome', 'Windows 10', '0', '', '2020-03-07 18:15:30');
INSERT INTO `sys_logininfor` VALUES (214, 'chengxy', '127.0.0.1', 'IP', 'Chrome', 'Windows 10', '0', '', '2020-03-07 18:15:36');
INSERT INTO `sys_logininfor` VALUES (215, 'chengxy', '127.0.0.1', 'IP', 'Chrome', 'Windows 10', '0', '', '2020-03-07 18:16:32');
INSERT INTO `sys_logininfor` VALUES (216, 'ry', '127.0.0.1', 'IP', 'Chrome', 'Windows 10', '0', '', '2020-03-07 18:16:41');
INSERT INTO `sys_logininfor` VALUES (217, 'ry', '127.0.0.1', 'IP', 'Chrome', 'Windows 10', '0', '', '2020-03-07 18:19:01');
INSERT INTO `sys_logininfor` VALUES (218, 'hr001', '127.0.0.1', 'IP', 'Chrome', 'Windows 10', '0', '', '2020-03-07 18:19:10');
INSERT INTO `sys_logininfor` VALUES (219, 'hr001', '127.0.0.1', 'IP', 'Chrome', 'Windows 10', '0', '', '2020-03-07 19:20:48');
INSERT INTO `sys_logininfor` VALUES (220, 'admin', '127.0.0.1', 'IP', 'Chrome', 'Windows 10', '0', '', '2020-03-07 19:20:52');
INSERT INTO `sys_logininfor` VALUES (221, 'admin', '127.0.0.1', 'IP', 'Chrome', 'Windows 10', '0', '', '2020-03-07 19:24:44');
INSERT INTO `sys_logininfor` VALUES (222, 'chengxy', '127.0.0.1', 'IP', 'Chrome', 'Windows 10', '0', '', '2020-03-07 19:24:55');
INSERT INTO `sys_logininfor` VALUES (223, 'chengxy', '127.0.0.1', 'IP', 'Chrome', 'Windows 10', '0', '', '2020-03-07 19:26:09');
INSERT INTO `sys_logininfor` VALUES (224, 'ry', '127.0.0.1', 'IP', 'Chrome', 'Windows 10', '0', '', '2020-03-07 19:26:20');
INSERT INTO `sys_logininfor` VALUES (225, 'ry', '127.0.0.1', 'IP', 'Chrome', 'Windows 10', '0', '', '2020-03-07 19:26:35');
INSERT INTO `sys_logininfor` VALUES (226, 'hr001', '127.0.0.1', 'IP', 'Chrome', 'Windows 10', '0', '', '2020-03-07 19:26:56');
INSERT INTO `sys_logininfor` VALUES (227, 'hr001', '127.0.0.1', 'IP', 'Chrome', 'Windows 10', '0', '', '2020-03-07 19:31:40');
INSERT INTO `sys_logininfor` VALUES (228, 'chengxy', '127.0.0.1', 'IP', 'Chrome', 'Windows 10', '0', '', '2020-03-07 19:31:48');
INSERT INTO `sys_logininfor` VALUES (229, 'chengxy', '127.0.0.1', 'IP', 'Chrome', 'Windows 10', '0', '', '2020-03-07 20:48:48');
INSERT INTO `sys_logininfor` VALUES (230, 'ry', '127.0.0.1', 'IP', 'Chrome', 'Windows 10', '1', '/', '2020-03-07 20:48:55');
INSERT INTO `sys_logininfor` VALUES (231, 'ry', '127.0.0.1', 'IP', 'Chrome', 'Windows 10', '1', '/', '2020-03-07 20:48:58');
INSERT INTO `sys_logininfor` VALUES (232, 'ry', '127.0.0.1', 'IP', 'Chrome', 'Windows 10', '0', '', '2020-03-07 20:49:05');
INSERT INTO `sys_logininfor` VALUES (233, 'ry', '127.0.0.1', 'IP', 'Chrome', 'Windows 10', '0', '', '2020-03-07 20:49:22');
INSERT INTO `sys_logininfor` VALUES (234, 'hr001', '127.0.0.1', 'IP', 'Chrome', 'Windows 10', '0', '', '2020-03-07 20:49:31');
INSERT INTO `sys_logininfor` VALUES (235, 'hr001', '127.0.0.1', 'IP', 'Chrome', 'Windows 10', '0', '', '2020-03-07 20:50:03');
INSERT INTO `sys_logininfor` VALUES (236, 'chengxy', '127.0.0.1', 'IP', 'Chrome', 'Windows 10', '0', '', '2020-03-07 20:50:12');
INSERT INTO `sys_logininfor` VALUES (237, 'chengxy', '127.0.0.1', 'IP', 'Chrome', 'Windows 10', '0', '', '2020-03-07 21:06:37');
INSERT INTO `sys_logininfor` VALUES (238, 'ry', '127.0.0.1', 'IP', 'Chrome', 'Windows 10', '0', '', '2020-03-07 21:06:45');
INSERT INTO `sys_logininfor` VALUES (239, 'ry', '127.0.0.1', 'IP', 'Chrome', 'Windows 10', '0', '', '2020-03-07 21:06:57');
INSERT INTO `sys_logininfor` VALUES (240, 'chengxy', '127.0.0.1', 'IP', 'Chrome', 'Windows 10', '0', '', '2020-03-07 21:07:05');
INSERT INTO `sys_logininfor` VALUES (241, 'chengxy', '127.0.0.1', 'IP', 'Chrome', 'Windows 10', '0', '', '2020-03-07 21:56:40');
INSERT INTO `sys_logininfor` VALUES (242, 'admin', '127.0.0.1', 'IP', 'Chrome', 'Windows 10', '0', '', '2020-03-07 21:56:45');
INSERT INTO `sys_logininfor` VALUES (243, 'admin', '127.0.0.1', 'IP', 'Chrome', 'Windows 10', '0', '', '2020-03-07 22:13:19');
INSERT INTO `sys_logininfor` VALUES (244, 'chengxy', '127.0.0.1', 'IP', 'Chrome', 'Windows 10', '0', '', '2020-03-07 22:13:26');
INSERT INTO `sys_logininfor` VALUES (245, 'chengxy', '127.0.0.1', 'IP', 'Chrome', 'Windows 10', '0', '', '2020-03-07 22:13:33');
INSERT INTO `sys_logininfor` VALUES (246, 'admin', '127.0.0.1', 'IP', 'Chrome', 'Windows 10', '0', '', '2020-03-07 22:13:37');
INSERT INTO `sys_logininfor` VALUES (247, 'admin', '127.0.0.1', 'IP', 'Chrome', 'Windows 10', '0', '', '2020-03-07 22:14:26');
INSERT INTO `sys_logininfor` VALUES (248, 'admin', '127.0.0.1', 'IP', 'Chrome', 'Windows 10', '0', '', '2020-03-07 22:14:29');
INSERT INTO `sys_logininfor` VALUES (249, 'admin', '127.0.0.1', 'IP', 'Chrome', 'Windows 10', '0', '', '2020-03-07 22:14:44');
INSERT INTO `sys_logininfor` VALUES (250, 'chengxy', '127.0.0.1', 'IP', 'Chrome', 'Windows 10', '0', '', '2020-03-07 22:14:51');
INSERT INTO `sys_logininfor` VALUES (251, 'chengxy', '127.0.0.1', 'IP', 'Chrome', 'Windows 10', '0', '', '2020-03-07 22:58:50');
INSERT INTO `sys_logininfor` VALUES (252, 'admin', '127.0.0.1', 'IP', 'Chrome', 'Windows 10', '0', '', '2020-03-07 22:58:54');
INSERT INTO `sys_logininfor` VALUES (253, 'admin', '127.0.0.1', 'IP', 'Chrome', 'Windows 10', '0', '', '2020-03-07 23:13:53');
INSERT INTO `sys_logininfor` VALUES (254, 'chengxy', '127.0.0.1', 'IP', 'Chrome', 'Windows 10', '0', '', '2020-03-07 23:14:00');
INSERT INTO `sys_logininfor` VALUES (255, 'chengxy', '127.0.0.1', 'IP', 'Chrome', 'Windows 10', '0', '', '2020-03-07 23:14:21');
INSERT INTO `sys_logininfor` VALUES (256, 'admin', '127.0.0.1', 'IP', 'Chrome', 'Windows 10', '0', '', '2020-03-07 23:14:25');
INSERT INTO `sys_logininfor` VALUES (257, 'admin', '127.0.0.1', 'IP', 'Chrome', 'Windows 10', '0', '', '2020-03-07 23:14:42');
INSERT INTO `sys_logininfor` VALUES (258, 'chengxy', '127.0.0.1', 'IP', 'Chrome', 'Windows 10', '0', '', '2020-03-07 23:14:47');
INSERT INTO `sys_logininfor` VALUES (259, 'chengxy', '127.0.0.1', 'IP', 'Chrome', 'Windows 10', '0', '', '2020-03-07 23:15:02');
INSERT INTO `sys_logininfor` VALUES (260, 'admin', '127.0.0.1', 'IP', 'Chrome', 'Windows 10', '0', '', '2020-03-07 23:15:05');
INSERT INTO `sys_logininfor` VALUES (261, 'admin', '127.0.0.1', 'IP', 'Chrome', 'Windows 10', '0', '', '2020-03-07 23:17:42');
INSERT INTO `sys_logininfor` VALUES (262, 'ry', '127.0.0.1', 'IP', 'Chrome', 'Windows 10', '0', '', '2020-03-07 23:17:52');
INSERT INTO `sys_logininfor` VALUES (263, 'ry', '127.0.0.1', 'IP', 'Chrome', 'Windows 10', '0', '', '2020-03-07 23:17:58');
INSERT INTO `sys_logininfor` VALUES (264, 'admin', '127.0.0.1', 'IP', 'Chrome', 'Windows 10', '0', '', '2020-03-07 23:18:04');
INSERT INTO `sys_logininfor` VALUES (265, 'admin', '127.0.0.1', 'IP', 'Chrome', 'Windows 10', '0', '', '2020-03-07 23:18:31');
INSERT INTO `sys_logininfor` VALUES (266, 'ry', '127.0.0.1', 'IP', 'Chrome', 'Windows 10', '0', '', '2020-03-07 23:18:41');
INSERT INTO `sys_logininfor` VALUES (267, 'ry', '127.0.0.1', 'IP', 'Chrome', 'Windows 10', '0', '', '2020-03-07 23:19:02');
INSERT INTO `sys_logininfor` VALUES (268, 'admin', '127.0.0.1', 'IP', 'Chrome', 'Windows 10', '1', '', '2020-03-07 23:19:05');
INSERT INTO `sys_logininfor` VALUES (269, 'admin', '127.0.0.1', 'IP', 'Chrome', 'Windows 10', '0', '', '2020-03-07 23:19:08');
INSERT INTO `sys_logininfor` VALUES (270, 'admin', '127.0.0.1', 'IP', 'Chrome', 'Windows 10', '0', '', '2020-03-08 13:37:53');
INSERT INTO `sys_logininfor` VALUES (271, 'admin', '127.0.0.1', 'IP', 'Chrome', 'Windows 10', '0', '', '2020-03-08 13:47:36');
INSERT INTO `sys_logininfor` VALUES (272, 'chengxy', '127.0.0.1', 'IP', 'Chrome', 'Windows 10', '0', '', '2020-03-08 13:47:45');
INSERT INTO `sys_logininfor` VALUES (273, 'chengxy', '127.0.0.1', 'IP', 'Chrome', 'Windows 10', '0', '', '2020-03-08 13:48:41');
INSERT INTO `sys_logininfor` VALUES (274, 'ry', '127.0.0.1', 'IP', 'Chrome', 'Windows 10', '0', '', '2020-03-08 13:48:50');
INSERT INTO `sys_logininfor` VALUES (275, 'ry', '127.0.0.1', 'IP', 'Chrome', 'Windows 10', '0', '', '2020-03-08 13:49:32');
INSERT INTO `sys_logininfor` VALUES (276, 'rensm', '127.0.0.1', 'IP', 'Chrome', 'Windows 10', '1', '/', '2020-03-08 13:49:41');
INSERT INTO `sys_logininfor` VALUES (277, 'rensm', '127.0.0.1', 'IP', 'Chrome', 'Windows 10', '1', '/', '2020-03-08 13:49:45');
INSERT INTO `sys_logininfor` VALUES (278, 'hr001', '127.0.0.1', 'IP', 'Chrome', 'Windows 10', '0', '', '2020-03-08 13:50:14');
INSERT INTO `sys_logininfor` VALUES (279, 'hr001', '127.0.0.1', 'IP', 'Chrome', 'Windows 10', '0', '', '2020-03-08 13:50:40');
INSERT INTO `sys_logininfor` VALUES (280, 'chengxy', '127.0.0.1', 'IP', 'Chrome', 'Windows 10', '0', '', '2020-03-08 13:50:46');
INSERT INTO `sys_logininfor` VALUES (281, 'admin', '127.0.0.1', 'IP', 'Chrome', 'Windows 10', '0', '', '2020-03-15 19:41:21');
INSERT INTO `sys_logininfor` VALUES (282, 'admin', '127.0.0.1', 'IP', 'Chrome', 'Windows 10', '0', '', '2020-03-15 19:55:28');
INSERT INTO `sys_logininfor` VALUES (283, 'chengxy', '127.0.0.1', 'IP', 'Chrome', 'Windows 10', '0', '', '2020-03-15 19:55:51');
INSERT INTO `sys_logininfor` VALUES (284, 'admin', '127.0.0.1', 'IP', 'Firefox', 'Windows 10', '0', '', '2020-03-15 19:56:35');
INSERT INTO `sys_logininfor` VALUES (285, 'chengxy', '127.0.0.1', 'IP', 'Chrome', 'Windows 10', '0', '', '2020-03-15 19:57:40');
INSERT INTO `sys_logininfor` VALUES (286, 'chengxy', '127.0.0.1', 'IP', 'Chrome', 'Windows 10', '0', '', '2020-03-15 19:57:51');
INSERT INTO `sys_logininfor` VALUES (287, 'admin', '127.0.0.1', 'IP', 'Chrome', 'Windows 10', '0', '', '2020-03-15 20:16:29');
INSERT INTO `sys_logininfor` VALUES (288, 'admin', '127.0.0.1', 'IP', 'Chrome', 'Windows 10', '0', '', '2020-03-15 20:35:01');
INSERT INTO `sys_logininfor` VALUES (289, 'admin', '127.0.0.1', 'IP', 'Chrome', 'Windows 10', '0', '', '2020-03-15 21:12:52');
INSERT INTO `sys_logininfor` VALUES (290, 'chengxy', '127.0.0.1', 'IP', 'Firefox', 'Windows 10', '0', '', '2020-03-15 21:33:59');
INSERT INTO `sys_logininfor` VALUES (291, 'admin', '127.0.0.1', 'IP', 'Firefox', 'Windows 10', '0', '', '2020-03-15 21:51:10');
INSERT INTO `sys_logininfor` VALUES (292, 'admin', '127.0.0.1', 'IP', 'Chrome', 'Windows 10', '0', '', '2020-03-15 22:07:34');
INSERT INTO `sys_logininfor` VALUES (293, 'admin', '127.0.0.1', 'IP', 'Firefox', 'Windows 10', '0', '', '2020-03-15 22:11:48');
INSERT INTO `sys_logininfor` VALUES (294, 'admin', '127.0.0.1', 'IP', 'Chrome', 'Windows 10', '0', '', '2020-03-15 22:15:05');
INSERT INTO `sys_logininfor` VALUES (295, 'admin', '127.0.0.1', 'IP', 'Chrome', 'Windows 10', '1', '', '2020-03-16 08:47:10');
INSERT INTO `sys_logininfor` VALUES (296, 'admin', '127.0.0.1', 'IP', 'Chrome', 'Windows 10', '0', '', '2020-03-16 08:47:15');
INSERT INTO `sys_logininfor` VALUES (297, 'admin', '127.0.0.1', 'IP', 'Chrome', 'Windows 10', '0', '', '2020-03-16 08:54:40');
INSERT INTO `sys_logininfor` VALUES (298, 'admin', '127.0.0.1', 'IP', 'Chrome', 'Windows 10', '0', '', '2020-03-16 08:54:44');
INSERT INTO `sys_logininfor` VALUES (299, 'admin', '127.0.0.1', 'IP', 'Chrome', 'Windows 10', '0', '', '2020-03-16 08:56:06');
INSERT INTO `sys_logininfor` VALUES (300, 'admin', '127.0.0.1', 'IP', 'Chrome', 'Windows 10', '0', '', '2020-03-16 08:56:12');
INSERT INTO `sys_logininfor` VALUES (301, 'admin', '127.0.0.1', 'IP', 'Chrome', 'Windows 10', '0', '', '2020-03-16 08:57:20');
INSERT INTO `sys_logininfor` VALUES (302, 'admin', '127.0.0.1', 'IP', 'Chrome', 'Windows 10', '0', '', '2020-03-16 08:57:24');
INSERT INTO `sys_logininfor` VALUES (303, 'admin', '127.0.0.1', 'IP', 'Chrome', 'Windows 10', '0', '', '2020-03-16 10:58:59');
INSERT INTO `sys_logininfor` VALUES (304, 'admin', '127.0.0.1', 'IP', 'Chrome', 'Windows 10', '0', '', '2020-03-16 10:59:43');
INSERT INTO `sys_logininfor` VALUES (305, 'chengxy', '127.0.0.1', 'IP', 'Chrome', 'Windows 10', '0', '', '2020-03-16 10:59:55');
INSERT INTO `sys_logininfor` VALUES (306, 'chengxy', '127.0.0.1', 'IP', 'Chrome', 'Windows 10', '0', '', '2020-03-16 11:00:31');
INSERT INTO `sys_logininfor` VALUES (307, 'admin', '127.0.0.1', 'IP', 'Chrome', 'Windows 10', '0', '', '2020-03-16 11:00:35');
INSERT INTO `sys_logininfor` VALUES (308, 'admin', '127.0.0.1', 'IP', 'Chrome', 'Windows 10', '0', '', '2020-03-16 11:02:38');
INSERT INTO `sys_logininfor` VALUES (309, 'chengxy', '127.0.0.1', 'IP', 'Chrome', 'Windows 10', '0', '', '2020-03-16 11:02:57');
INSERT INTO `sys_logininfor` VALUES (310, 'admin', '127.0.0.1', 'IP', 'Firefox', 'Windows 10', '0', '', '2020-03-16 11:22:32');
INSERT INTO `sys_logininfor` VALUES (311, 'admin', '127.0.0.1', 'IP', 'Chrome', 'Windows 10', '0', '', '2020-03-16 11:53:39');
INSERT INTO `sys_logininfor` VALUES (312, 'admin', '127.0.0.1', 'IP', 'Chrome', 'Windows 10', '0', '', '2020-03-16 11:57:55');
INSERT INTO `sys_logininfor` VALUES (313, 'chengxy', '127.0.0.1', 'IP', 'Chrome', 'Windows 10', '0', '', '2020-03-16 12:44:53');
INSERT INTO `sys_logininfor` VALUES (314, 'admin', '127.0.0.1', 'IP', 'Chrome', 'Windows 10', '0', '', '2020-03-16 12:58:55');
INSERT INTO `sys_logininfor` VALUES (315, 'admin', '127.0.0.1', 'IP', 'Chrome', 'Windows 10', '0', '', '2020-03-16 13:16:56');
INSERT INTO `sys_logininfor` VALUES (316, 'chengxy', '127.0.0.1', 'IP', 'Chrome', 'Windows 10', '0', '', '2020-03-16 13:17:16');
INSERT INTO `sys_logininfor` VALUES (317, 'chengxy', '127.0.0.1', 'IP', 'Chrome', 'Windows 10', '0', '', '2020-03-16 13:18:46');
INSERT INTO `sys_logininfor` VALUES (318, 'pm', '127.0.0.1', 'IP', 'Chrome', 'Windows 10', '0', '', '2020-03-16 13:18:57');
INSERT INTO `sys_logininfor` VALUES (319, 'pm', '127.0.0.1', 'IP', 'Chrome', 'Windows 10', '1', '', '2020-03-16 19:40:02');
INSERT INTO `sys_logininfor` VALUES (320, 'pm', '127.0.0.1', 'IP', 'Chrome', 'Windows 10', '0', '', '2020-03-16 19:40:07');
INSERT INTO `sys_logininfor` VALUES (321, 'pm', '127.0.0.1', 'IP', 'Chrome', 'Windows 10', '0', '', '2020-03-16 19:42:14');
INSERT INTO `sys_logininfor` VALUES (322, 'ca', '127.0.0.1', 'IP', 'Chrome', 'Windows 10', '0', '', '2020-03-16 19:42:23');
INSERT INTO `sys_logininfor` VALUES (323, 'ca', '127.0.0.1', 'IP', 'Chrome', 'Windows 10', '0', '', '2020-03-16 19:43:22');
INSERT INTO `sys_logininfor` VALUES (324, 'LM', '127.0.0.1', 'IP', 'Chrome', 'Windows 10', '0', '', '2020-03-16 19:43:55');
INSERT INTO `sys_logininfor` VALUES (325, 'lm', '127.0.0.1', 'IP', 'Chrome', 'Windows 10', '0', '', '2020-03-16 19:45:39');
INSERT INTO `sys_logininfor` VALUES (326, 'FI', '127.0.0.1', 'IP', 'Chrome', 'Windows 10', '0', '', '2020-03-16 19:45:55');
INSERT INTO `sys_logininfor` VALUES (327, 'FI', '127.0.0.1', 'IP', 'Chrome', 'Windows 10', '0', '', '2020-03-16 19:46:09');
INSERT INTO `sys_logininfor` VALUES (328, 'admin', '127.0.0.1', 'IP', 'Chrome', 'Windows 10', '0', '', '2020-03-16 19:46:12');
INSERT INTO `sys_logininfor` VALUES (329, 'admin', '127.0.0.1', 'IP', 'Chrome', 'Windows 10', '0', '', '2020-03-16 19:48:19');
INSERT INTO `sys_logininfor` VALUES (330, 'chengxy', '127.0.0.1', 'IP', 'Chrome', 'Windows 10', '0', '', '2020-03-16 19:48:37');
INSERT INTO `sys_logininfor` VALUES (331, 'chengxy', '127.0.0.1', 'IP', 'Chrome', 'Windows 10', '0', '', '2020-03-16 19:49:56');
INSERT INTO `sys_logininfor` VALUES (332, 'PM', '127.0.0.1', 'IP', 'Chrome', 'Windows 10', '0', '', '2020-03-16 19:50:23');
INSERT INTO `sys_logininfor` VALUES (333, 'pm', '127.0.0.1', 'IP', 'Chrome', 'Windows 10', '0', '', '2020-03-16 19:51:25');
INSERT INTO `sys_logininfor` VALUES (334, 'CA', '127.0.0.1', 'IP', 'Chrome', 'Windows 10', '0', '', '2020-03-16 19:51:40');
INSERT INTO `sys_logininfor` VALUES (335, 'ca', '127.0.0.1', 'IP', 'Chrome', 'Windows 10', '0', '', '2020-03-16 19:52:19');
INSERT INTO `sys_logininfor` VALUES (336, 'FI', '127.0.0.1', 'IP', 'Chrome', 'Windows 10', '0', '', '2020-03-16 19:52:33');
INSERT INTO `sys_logininfor` VALUES (337, 'FI', '127.0.0.1', 'IP', 'Chrome', 'Windows 10', '0', '', '2020-03-16 19:53:26');
INSERT INTO `sys_logininfor` VALUES (338, 'LM', '127.0.0.1', 'IP', 'Chrome', 'Windows 10', '0', '', '2020-03-16 19:53:45');
INSERT INTO `sys_logininfor` VALUES (339, 'FI', '127.0.0.1', 'IP', 'Firefox', 'Windows 10', '0', '', '2020-03-16 20:07:05');
INSERT INTO `sys_logininfor` VALUES (340, 'FI', '127.0.0.1', 'IP', 'Chrome', 'Windows 10', '0', '', '2020-03-16 20:08:04');
INSERT INTO `sys_logininfor` VALUES (341, 'FI', '127.0.0.1', 'IP', 'Chrome', 'Windows 10', '0', '', '2020-03-16 20:11:57');
INSERT INTO `sys_logininfor` VALUES (342, 'FI', '127.0.0.1', 'IP', 'Chrome', 'Windows 10', '0', '', '2020-03-16 20:15:27');
INSERT INTO `sys_logininfor` VALUES (343, 'FI', '127.0.0.1', 'IP', 'Chrome', 'Windows 10', '0', '', '2020-03-16 20:17:54');
INSERT INTO `sys_logininfor` VALUES (344, 'chengxy', '127.0.0.1', 'IP', 'Chrome', 'Windows 10', '1', '/', '2020-03-16 20:18:23');
INSERT INTO `sys_logininfor` VALUES (345, 'chengxy', '127.0.0.1', 'IP', 'Chrome', 'Windows 10', '0', '', '2020-03-16 20:18:29');
INSERT INTO `sys_logininfor` VALUES (346, 'chengxy', '127.0.0.1', 'IP', 'Chrome', 'Windows 10', '0', '', '2020-03-16 20:18:53');
INSERT INTO `sys_logininfor` VALUES (347, 'FM', '127.0.0.1', 'IP', 'Chrome', 'Windows 10', '1', '/', '2020-03-16 20:19:01');
INSERT INTO `sys_logininfor` VALUES (348, 'PM', '127.0.0.1', 'IP', 'Chrome', 'Windows 10', '0', '', '2020-03-16 20:19:16');
INSERT INTO `sys_logininfor` VALUES (349, 'pm', '127.0.0.1', 'IP', 'Chrome', 'Windows 10', '0', '', '2020-03-16 20:19:59');
INSERT INTO `sys_logininfor` VALUES (350, 'CA', '127.0.0.1', 'IP', 'Chrome', 'Windows 10', '0', '', '2020-03-16 20:20:07');
INSERT INTO `sys_logininfor` VALUES (351, 'ca', '127.0.0.1', 'IP', 'Chrome', 'Windows 10', '0', '', '2020-03-16 20:20:32');
INSERT INTO `sys_logininfor` VALUES (352, 'FI', '127.0.0.1', 'IP', 'Chrome', 'Windows 10', '0', '', '2020-03-16 20:20:40');
INSERT INTO `sys_logininfor` VALUES (353, 'FI', '127.0.0.1', 'IP', 'Chrome', 'Windows 10', '0', '', '2020-03-16 20:21:26');
INSERT INTO `sys_logininfor` VALUES (354, 'LM', '127.0.0.1', 'IP', 'Chrome', 'Windows 10', '0', '', '2020-03-16 20:21:35');
INSERT INTO `sys_logininfor` VALUES (355, 'lm', '127.0.0.1', 'IP', 'Chrome', 'Windows 10', '0', '', '2020-03-16 20:22:06');
INSERT INTO `sys_logininfor` VALUES (356, 'CEO', '127.0.0.1', 'IP', 'Chrome', 'Windows 10', '0', '', '2020-03-16 20:22:15');
INSERT INTO `sys_logininfor` VALUES (357, 'CEO', '127.0.0.1', 'IP', 'Chrome', 'Windows 10', '0', '', '2020-03-16 20:22:31');
INSERT INTO `sys_logininfor` VALUES (358, 'chengxy', '127.0.0.1', 'IP', 'Chrome', 'Windows 10', '0', '', '2020-03-16 20:22:45');
INSERT INTO `sys_logininfor` VALUES (359, 'admin', '127.0.0.1', 'IP', 'Chrome', 'Windows 10', '0', '', '2020-03-17 09:38:05');
INSERT INTO `sys_logininfor` VALUES (360, 'admin', '127.0.0.1', 'IP', 'Chrome', 'Windows 10', '0', '', '2020-03-17 10:53:28');
INSERT INTO `sys_logininfor` VALUES (361, 'FI', '127.0.0.1', 'IP', 'Chrome', 'Windows 10', '0', '', '2020-03-17 10:53:42');
INSERT INTO `sys_logininfor` VALUES (362, 'FI', '127.0.0.1', 'IP', 'Chrome', 'Windows 10', '0', '', '2020-03-17 10:54:21');
INSERT INTO `sys_logininfor` VALUES (363, 'chengxy', '127.0.0.1', 'IP', 'Chrome', 'Windows 10', '0', '', '2020-03-17 10:54:36');
INSERT INTO `sys_logininfor` VALUES (364, 'chengxy', '127.0.0.1', 'IP', 'Chrome', 'Windows 10', '0', '', '2020-03-17 10:54:36');
INSERT INTO `sys_logininfor` VALUES (365, 'chengxy', '127.0.0.1', 'IP', 'Chrome', 'Windows 10', '0', '', '2020-03-17 11:36:13');
INSERT INTO `sys_logininfor` VALUES (366, 'FI', '127.0.0.1', 'IP', 'Chrome', 'Windows 10', '0', '', '2020-03-17 11:36:24');
INSERT INTO `sys_logininfor` VALUES (367, 'FI', '127.0.0.1', 'IP', 'Chrome', 'Windows 10', '0', '', '2020-03-17 11:51:51');
INSERT INTO `sys_logininfor` VALUES (368, 'admin', '127.0.0.1', 'IP', 'Chrome', 'Windows 10', '0', '', '2020-03-17 11:51:57');
INSERT INTO `sys_logininfor` VALUES (369, 'PM', '127.0.0.1', 'IP', 'Firefox', 'Windows 10', '0', '', '2020-03-17 12:27:49');
INSERT INTO `sys_logininfor` VALUES (370, 'pm', '127.0.0.1', 'IP', 'Firefox', 'Windows 10', '0', '', '2020-03-17 12:50:10');
INSERT INTO `sys_logininfor` VALUES (371, 'PM', '127.0.0.1', 'IP', 'Firefox', 'Windows 10', '0', '', '2020-03-17 12:50:21');
INSERT INTO `sys_logininfor` VALUES (372, 'admin', '127.0.0.1', 'IP', 'Chrome', 'Windows 10', '0', '', '2020-03-17 13:13:11');
INSERT INTO `sys_logininfor` VALUES (373, 'chengxy', '127.0.0.1', 'IP', 'Chrome', 'Windows 10', '0', '', '2020-03-17 13:13:27');
INSERT INTO `sys_logininfor` VALUES (374, 'chengxy', '127.0.0.1', 'IP', 'Chrome', 'Windows 10', '0', '', '2020-03-17 13:14:30');
INSERT INTO `sys_logininfor` VALUES (375, 'PM', '127.0.0.1', 'IP', 'Chrome', 'Windows 10', '0', '', '2020-03-17 13:14:40');
INSERT INTO `sys_logininfor` VALUES (376, 'pm', '127.0.0.1', 'IP', 'Chrome', 'Windows 10', '0', '', '2020-03-17 13:17:01');
INSERT INTO `sys_logininfor` VALUES (377, 'CA', '127.0.0.1', 'IP', 'Chrome', 'Windows 10', '0', '', '2020-03-17 13:17:16');
INSERT INTO `sys_logininfor` VALUES (378, 'ca', '127.0.0.1', 'IP', 'Chrome', 'Windows 10', '0', '', '2020-03-17 13:24:15');
INSERT INTO `sys_logininfor` VALUES (379, 'CA', '127.0.0.1', 'IP', 'Chrome', 'Windows 10', '0', '', '2020-03-17 13:24:23');
INSERT INTO `sys_logininfor` VALUES (380, 'ca', '127.0.0.1', 'IP', 'Chrome', 'Windows 10', '0', '', '2020-03-17 13:24:44');
INSERT INTO `sys_logininfor` VALUES (381, 'FI', '127.0.0.1', 'IP', 'Chrome', 'Windows 10', '0', '', '2020-03-17 13:24:59');
INSERT INTO `sys_logininfor` VALUES (382, 'FI', '127.0.0.1', 'IP', 'Chrome', 'Windows 10', '0', '', '2020-03-17 13:26:44');
INSERT INTO `sys_logininfor` VALUES (383, 'LM', '127.0.0.1', 'IP', 'Chrome', 'Windows 10', '0', '', '2020-03-17 13:27:17');
INSERT INTO `sys_logininfor` VALUES (384, 'lm', '127.0.0.1', 'IP', 'Chrome', 'Windows 10', '0', '', '2020-03-17 13:32:35');
INSERT INTO `sys_logininfor` VALUES (385, 'CEO', '127.0.0.1', 'IP', 'Chrome', 'Windows 10', '0', '', '2020-03-17 13:32:44');
INSERT INTO `sys_logininfor` VALUES (386, 'CEO', '127.0.0.1', 'IP', 'Chrome', 'Windows 10', '0', '', '2020-03-17 13:33:12');
INSERT INTO `sys_logininfor` VALUES (387, 'admin', '127.0.0.1', 'IP', 'Chrome', 'Windows 10', '0', '', '2020-03-17 13:33:29');
INSERT INTO `sys_logininfor` VALUES (388, 'admin', '127.0.0.1', 'IP', 'Chrome', 'Windows 10', '0', '', '2020-03-17 13:33:39');
INSERT INTO `sys_logininfor` VALUES (389, 'chengxy', '127.0.0.1', 'IP', 'Chrome', 'Windows 10', '0', '', '2020-03-17 13:33:54');
INSERT INTO `sys_logininfor` VALUES (390, 'chengxy', '127.0.0.1', 'IP', 'Chrome', 'Windows 10', '0', '', '2020-03-17 13:35:01');
INSERT INTO `sys_logininfor` VALUES (391, 'PM', '127.0.0.1', 'IP', 'Chrome', 'Windows 10', '0', '', '2020-03-17 13:35:17');
INSERT INTO `sys_logininfor` VALUES (392, 'pm', '127.0.0.1', 'IP', 'Chrome', 'Windows 10', '0', '', '2020-03-17 13:36:45');
INSERT INTO `sys_logininfor` VALUES (393, 'CA', '127.0.0.1', 'IP', 'Chrome', 'Windows 10', '0', '', '2020-03-17 13:36:55');
INSERT INTO `sys_logininfor` VALUES (394, 'ca', '127.0.0.1', 'IP', 'Chrome', 'Windows 10', '0', '', '2020-03-17 13:37:42');
INSERT INTO `sys_logininfor` VALUES (395, 'FI', '127.0.0.1', 'IP', 'Chrome', 'Windows 10', '0', '', '2020-03-17 13:37:53');
INSERT INTO `sys_logininfor` VALUES (396, 'FI', '127.0.0.1', 'IP', 'Chrome', 'Windows 10', '0', '', '2020-03-17 13:39:35');
INSERT INTO `sys_logininfor` VALUES (397, 'LM', '127.0.0.1', 'IP', 'Chrome', 'Windows 10', '0', '', '2020-03-17 13:39:43');
INSERT INTO `sys_logininfor` VALUES (398, 'lm', '127.0.0.1', 'IP', 'Chrome', 'Windows 10', '0', '', '2020-03-17 13:42:00');
INSERT INTO `sys_logininfor` VALUES (399, 'admin', '127.0.0.1', 'IP', 'Chrome', 'Windows 10', '0', '', '2020-03-17 13:42:04');
INSERT INTO `sys_logininfor` VALUES (400, 'admin', '127.0.0.1', 'IP', 'Chrome', 'Windows 10', '0', '', '2020-03-17 13:42:11');
INSERT INTO `sys_logininfor` VALUES (401, 'admin', '127.0.0.1', 'IP', 'Firefox', 'Windows 10', '0', '', '2020-03-17 13:42:28');
INSERT INTO `sys_logininfor` VALUES (402, 'admin', '127.0.0.1', 'IP', 'Chrome', 'Windows 10', '0', '', '2020-03-17 13:57:05');
INSERT INTO `sys_logininfor` VALUES (403, 'admin', '127.0.0.1', 'IP', 'Chrome', 'Windows 10', '0', '', '2020-03-17 13:58:38');
INSERT INTO `sys_logininfor` VALUES (404, 'admin', '127.0.0.1', 'IP', 'Chrome', 'Windows 10', '0', '', '2020-04-15 17:50:42');
INSERT INTO `sys_logininfor` VALUES (405, 'admin', '127.0.0.1', 'IP', 'Chrome', 'Windows 10', '0', '', '2020-04-15 18:21:24');
INSERT INTO `sys_logininfor` VALUES (406, 'pm', '127.0.0.1', 'IP', 'Chrome', 'Windows 10', '0', '', '2020-04-15 18:21:36');
INSERT INTO `sys_logininfor` VALUES (407, 'pm', '127.0.0.1', 'IP', 'Chrome', 'Windows 10', '0', '', '2020-04-15 18:26:52');
INSERT INTO `sys_logininfor` VALUES (408, 'admin', '127.0.0.1', 'IP', 'Chrome', 'Windows 10', '0', '', '2020-04-15 18:27:03');
INSERT INTO `sys_logininfor` VALUES (409, 'admin', '127.0.0.1', 'IP', 'Chrome', 'Windows 10', '0', '', '2020-05-08 12:20:10');
INSERT INTO `sys_logininfor` VALUES (410, 'admin', '127.0.0.1', 'IP', 'Chrome', 'Windows 10', '0', '', '2020-05-08 12:30:39');
INSERT INTO `sys_logininfor` VALUES (411, 'admin', '127.0.0.1', 'IP', 'Chrome', 'Windows 10', '1', '', '2020-05-08 12:34:24');
INSERT INTO `sys_logininfor` VALUES (412, 'admin', '127.0.0.1', 'IP', 'Chrome', 'Windows 10', '0', '', '2020-05-08 12:34:30');
INSERT INTO `sys_logininfor` VALUES (413, 'admin', '127.0.0.1', 'IP', 'Chrome', 'Windows 10', '0', '', '2020-05-08 13:07:17');
INSERT INTO `sys_logininfor` VALUES (414, 'pm', '127.0.0.1', 'IP', 'Chrome', 'Windows 10', '0', '', '2020-05-08 13:07:35');
INSERT INTO `sys_logininfor` VALUES (415, 'admin', '127.0.0.1', 'IP', 'Chrome', 'Windows 10', '1', '', '2020-05-08 16:21:41');
INSERT INTO `sys_logininfor` VALUES (416, 'admin', '127.0.0.1', 'IP', 'Chrome', 'Windows 10', '0', '', '2020-05-08 16:21:48');
INSERT INTO `sys_logininfor` VALUES (417, 'admin', '127.0.0.1', 'IP', 'Chrome', 'Windows 10', '0', '', '2020-05-08 16:29:17');
INSERT INTO `sys_logininfor` VALUES (418, 'cxy', '127.0.0.1', 'IP', 'Chrome', 'Windows 10', '1', '/', '2020-05-08 16:29:34');
INSERT INTO `sys_logininfor` VALUES (419, 'chengxy', '127.0.0.1', 'IP', 'Chrome', 'Windows 10', '0', '', '2020-05-08 16:31:14');
INSERT INTO `sys_logininfor` VALUES (420, 'chengxy', '127.0.0.1', 'IP', 'Chrome', 'Windows 10', '0', '', '2020-05-08 16:32:26');
INSERT INTO `sys_logininfor` VALUES (421, 'pm', '127.0.0.1', 'IP', 'Chrome', 'Windows 10', '0', '', '2020-05-08 16:32:36');
INSERT INTO `sys_logininfor` VALUES (422, 'pm', '127.0.0.1', 'IP', 'Chrome', 'Windows 10', '0', '', '2020-05-08 16:37:51');
INSERT INTO `sys_logininfor` VALUES (423, 'chengxy', '127.0.0.1', 'IP', 'Chrome', 'Windows 10', '0', '', '2020-05-08 16:38:04');
INSERT INTO `sys_logininfor` VALUES (424, 'admin', '127.0.0.1', 'IP', 'Chrome', 'Windows 10', '0', '', '2020-05-08 16:51:06');
INSERT INTO `sys_logininfor` VALUES (425, 'admin', '127.0.0.1', 'IP', 'Chrome', 'Windows 10', '0', '', '2020-05-08 16:54:29');
INSERT INTO `sys_logininfor` VALUES (426, 'chengxy', '127.0.0.1', 'IP', 'Chrome', 'Windows 10', '0', '', '2020-05-08 16:54:56');
INSERT INTO `sys_logininfor` VALUES (427, 'admin', '127.0.0.1', 'IP', 'Chrome', 'Windows 10', '0', '', '2020-05-08 17:03:49');
INSERT INTO `sys_logininfor` VALUES (428, 'admin', '127.0.0.1', 'IP', 'Chrome', 'Windows 10', '0', '', '2020-05-08 17:08:16');
INSERT INTO `sys_logininfor` VALUES (429, 'chengxy', '127.0.0.1', 'IP', 'Chrome', 'Windows 10', '0', '', '2020-05-08 17:08:30');
INSERT INTO `sys_logininfor` VALUES (430, 'chengxy', '127.0.0.1', 'IP', 'Chrome', 'Windows 10', '0', '', '2020-05-08 17:09:41');
INSERT INTO `sys_logininfor` VALUES (431, 'pm', '127.0.0.1', 'IP', 'Chrome', 'Windows 10', '0', '', '2020-05-08 17:09:59');
INSERT INTO `sys_logininfor` VALUES (432, 'pm', '127.0.0.1', 'IP', 'Chrome', 'Windows 10', '0', '', '2020-05-08 17:10:50');
INSERT INTO `sys_logininfor` VALUES (433, 'CA', '127.0.0.1', 'IP', 'Chrome', 'Windows 10', '0', '', '2020-05-08 17:11:21');
INSERT INTO `sys_logininfor` VALUES (434, 'ca', '127.0.0.1', 'IP', 'Chrome', 'Windows 10', '0', '', '2020-05-08 17:11:55');
INSERT INTO `sys_logininfor` VALUES (435, 'Fi', '127.0.0.1', 'IP', 'Chrome', 'Windows 10', '0', '', '2020-05-08 17:12:16');
INSERT INTO `sys_logininfor` VALUES (436, 'FI', '127.0.0.1', 'IP', 'Chrome', 'Windows 10', '0', '', '2020-05-08 17:12:38');
INSERT INTO `sys_logininfor` VALUES (437, 'chengxy', '127.0.0.1', 'IP', 'Chrome', 'Windows 10', '0', '', '2020-05-08 17:12:50');
INSERT INTO `sys_logininfor` VALUES (438, 'chengxy', '127.0.0.1', 'IP', 'Chrome', 'Windows 10', '0', '', '2020-05-08 17:13:25');
INSERT INTO `sys_logininfor` VALUES (439, 'im', '127.0.0.1', 'IP', 'Chrome', 'Windows 10', '1', '/', '2020-05-08 17:13:41');
INSERT INTO `sys_logininfor` VALUES (440, 'lm', '127.0.0.1', 'IP', 'Chrome', 'Windows 10', '0', '', '2020-05-08 17:14:00');
INSERT INTO `sys_logininfor` VALUES (441, 'lm', '127.0.0.1', 'IP', 'Chrome', 'Windows 10', '0', '', '2020-05-08 17:14:31');
INSERT INTO `sys_logininfor` VALUES (442, 'ceo', '127.0.0.1', 'IP', 'Chrome', 'Windows 10', '0', '', '2020-05-08 17:14:43');
INSERT INTO `sys_logininfor` VALUES (443, 'CEO', '127.0.0.1', 'IP', 'Chrome', 'Windows 10', '0', '', '2020-05-08 17:14:59');
INSERT INTO `sys_logininfor` VALUES (444, 'chengxy', '127.0.0.1', 'IP', 'Chrome', 'Windows 10', '0', '', '2020-05-08 17:15:11');
INSERT INTO `sys_logininfor` VALUES (445, 'admin', '127.0.0.1', 'IP', 'Chrome', 'Windows 10', '0', '', '2020-05-12 12:06:13');
INSERT INTO `sys_logininfor` VALUES (446, 'admin', '127.0.0.1', 'IP', 'Chrome', 'Windows 10', '0', '', '2020-05-13 10:03:14');

-- ----------------------------
-- Table structure for sys_menu
-- ----------------------------
DROP TABLE IF EXISTS `sys_menu`;
CREATE TABLE `sys_menu`  (
  `menu_id` bigint(20) NOT NULL AUTO_INCREMENT COMMENT 'ID',
  `menu_name` varchar(50) CHARACTER SET utf8 COLLATE utf8_general_ci NOT NULL COMMENT '',
  `parent_id` bigint(20) NULL DEFAULT 0 COMMENT 'ID',
  `order_num` int(4) NULL DEFAULT 0 COMMENT '',
  `path` varchar(200) CHARACTER SET utf8 COLLATE utf8_general_ci NULL DEFAULT '' COMMENT '',
  `component` varchar(255) CHARACTER SET utf8 COLLATE utf8_general_ci NULL DEFAULT NULL COMMENT '',
  `is_frame` int(1) NULL DEFAULT 1 COMMENT '0 1',
  `menu_type` char(1) CHARACTER SET utf8 COLLATE utf8_general_ci NULL DEFAULT '' COMMENT 'M C F',
  `visible` char(1) CHARACTER SET utf8 COLLATE utf8_general_ci NULL DEFAULT '0' COMMENT '0 1',
  `perms` varchar(100) CHARACTER SET utf8 COLLATE utf8_general_ci NULL DEFAULT NULL COMMENT '',
  `icon` varchar(100) CHARACTER SET utf8 COLLATE utf8_general_ci NULL DEFAULT '#' COMMENT '',
  `create_by` varchar(64) CHARACTER SET utf8 COLLATE utf8_general_ci NULL DEFAULT '' COMMENT '',
  `create_time` datetime(0) NULL DEFAULT NULL COMMENT '',
  `update_by` varchar(64) CHARACTER SET utf8 COLLATE utf8_general_ci NULL DEFAULT '' COMMENT '',
  `update_time` datetime(0) NULL DEFAULT NULL COMMENT '',
  `remark` varchar(500) CHARACTER SET utf8 COLLATE utf8_general_ci NULL DEFAULT '' COMMENT '',
  PRIMARY KEY (`menu_id`) USING BTREE
) ENGINE = InnoDB AUTO_INCREMENT = 1103 CHARACTER SET = utf8 COLLATE = utf8_general_ci COMMENT = '' ROW_FORMAT = Compact;

-- ----------------------------
-- Records of sys_menu
-- ----------------------------
INSERT INTO `sys_menu` VALUES (1, '', 0, 1, 'system', NULL, 1, 'M', '0', '', 'system', 'admin', '2018-03-16 11:33:00', 'ry', '2018-03-16 11:33:00', '');
INSERT INTO `sys_menu` VALUES (2, '', 0, 2, 'monitor', NULL, 1, 'M', '0', '', 'monitor', 'admin', '2018-03-16 11:33:00', 'ry', '2018-03-16 11:33:00', '');
INSERT INTO `sys_menu` VALUES (3, '', 0, 98, 'tool', NULL, 1, 'M', '0', '', 'tool', 'admin', '2018-03-16 11:33:00', 'admin', '2020-02-26 16:43:13', '');
INSERT INTO `sys_menu` VALUES (4, '', 0, 99, 'https://www.wangshanpeng.top', NULL, 0, 'M', '0', '', 'guide', 'admin', '2018-03-16 11:33:00', 'admin', '2020-03-17 12:20:38', '');
INSERT INTO `sys_menu` VALUES (100, '', 1, 1, 'user', 'system/user/index', 1, 'C', '0', 'system:user:list', 'user', 'admin', '2018-03-16 11:33:00', 'ry', '2018-03-16 11:33:00', '');
INSERT INTO `sys_menu` VALUES (101, '', 1, 2, 'role', 'system/role/index', 1, 'C', '0', 'system:role:list', 'peoples', 'admin', '2018-03-16 11:33:00', 'ry', '2018-03-16 11:33:00', '');
INSERT INTO `sys_menu` VALUES (102, '', 1, 3, 'menu', 'system/menu/index', 1, 'C', '0', 'system:menu:list', 'tree-table', 'admin', '2018-03-16 11:33:00', 'ry', '2018-03-16 11:33:00', '');
INSERT INTO `sys_menu` VALUES (103, '', 1, 4, 'dept', 'system/dept/index', 1, 'C', '0', 'system:dept:list', 'tree', 'admin', '2018-03-16 11:33:00', 'ry', '2018-03-16 11:33:00', '');
INSERT INTO `sys_menu` VALUES (104, '', 1, 5, 'post', 'system/post/index', 1, 'C', '0', 'system:post:list', 'post', 'admin', '2018-03-16 11:33:00', 'ry', '2018-03-16 11:33:00', '');
INSERT INTO `sys_menu` VALUES (105, '', 1, 6, 'dict', 'system/dict/index', 1, 'C', '0', 'system:dict:list', 'dict', 'admin', '2018-03-16 11:33:00', 'ry', '2018-03-16 11:33:00', '');
INSERT INTO `sys_menu` VALUES (106, '', 1, 7, 'config', 'system/config/index', 1, 'C', '0', 'system:config:list', 'edit', 'admin', '2018-03-16 11:33:00', 'ry', '2018-03-16 11:33:00', '');
INSERT INTO `sys_menu` VALUES (107, '', 1, 8, 'notice', 'system/notice/index', 1, 'C', '0', 'system:notice:list', 'message', 'admin', '2018-03-16 11:33:00', 'ry', '2018-03-16 11:33:00', '');
INSERT INTO `sys_menu` VALUES (108, '', 1, 9, 'log', 'system/log/index', 1, 'M', '0', '', 'log', 'admin', '2018-03-16 11:33:00', 'ry', '2018-03-16 11:33:00', '');
INSERT INTO `sys_menu` VALUES (109, '', 2, 1, 'online', 'monitor/online/index', 1, 'C', '0', 'monitor:online:list', 'online', 'admin', '2018-03-16 11:33:00', 'ry', '2018-03-16 11:33:00', '');
INSERT INTO `sys_menu` VALUES (110, '', 2, 2, 'job', 'monitor/job/index', 1, 'C', '0', 'monitor:job:list', 'job', 'admin', '2018-03-16 11:33:00', 'ry', '2018-03-16 11:33:00', '');
INSERT INTO `sys_menu` VALUES (111, '', 2, 3, 'druid', 'monitor/druid/index', 1, 'C', '0', 'monitor:druid:list', 'druid', 'admin', '2018-03-16 11:33:00', 'ry', '2018-03-16 11:33:00', '');
INSERT INTO `sys_menu` VALUES (112, '', 2, 4, 'server', 'monitor/server/index', 1, 'C', '0', 'monitor:server:list', 'server', 'admin', '2018-03-16 11:33:00', 'ry', '2018-03-16 11:33:00', '');
INSERT INTO `sys_menu` VALUES (113, '', 3, 1, 'build', 'tool/build/index', 1, 'C', '0', 'tool:build:list', 'build', 'admin', '2018-03-16 11:33:00', 'ry', '2018-03-16 11:33:00', '');
INSERT INTO `sys_menu` VALUES (114, '', 3, 2, 'gen', 'tool/gen/index', 1, 'C', '0', 'tool:gen:list', 'code', 'admin', '2018-03-16 11:33:00', 'ry', '2018-03-16 11:33:00', '');
INSERT INTO `sys_menu` VALUES (115, '', 3, 3, 'swagger', 'tool/swagger/index', 1, 'C', '0', 'tool:swagger:list', 'swagger', 'admin', '2018-03-16 11:33:00', 'ry', '2018-03-16 11:33:00', '');
INSERT INTO `sys_menu` VALUES (500, '', 108, 1, 'operlog', 'monitor/operlog/index', 1, 'C', '0', 'monitor:operlog:list', 'form', 'admin', '2018-03-16 11:33:00', 'ry', '2018-03-16 11:33:00', '');
INSERT INTO `sys_menu` VALUES (501, '', 108, 2, 'logininfor', 'monitor/logininfor/index', 1, 'C', '0', 'monitor:logininfor:list', 'logininfor', 'admin', '2018-03-16 11:33:00', 'ry', '2018-03-16 11:33:00', '');
INSERT INTO `sys_menu` VALUES (1001, '', 100, 1, '', '', 1, 'F', '0', 'system:user:query', '#', 'admin', '2018-03-16 11:33:00', 'ry', '2018-03-16 11:33:00', '');
INSERT INTO `sys_menu` VALUES (1002, '', 100, 2, '', '', 1, 'F', '0', 'system:user:add', '#', 'admin', '2018-03-16 11:33:00', 'ry', '2018-03-16 11:33:00', '');
INSERT INTO `sys_menu` VALUES (1003, '', 100, 3, '', '', 1, 'F', '0', 'system:user:edit', '#', 'admin', '2018-03-16 11:33:00', 'ry', '2018-03-16 11:33:00', '');
INSERT INTO `sys_menu` VALUES (1004, '', 100, 4, '', '', 1, 'F', '0', 'system:user:remove', '#', 'admin', '2018-03-16 11:33:00', 'ry', '2018-03-16 11:33:00', '');
INSERT INTO `sys_menu` VALUES (1005, '', 100, 5, '', '', 1, 'F', '0', 'system:user:export', '#', 'admin', '2018-03-16 11:33:00', 'ry', '2018-03-16 11:33:00', '');
INSERT INTO `sys_menu` VALUES (1006, '', 100, 6, '', '', 1, 'F', '0', 'system:user:import', '#', 'admin', '2018-03-16 11:33:00', 'ry', '2018-03-16 11:33:00', '');
INSERT INTO `sys_menu` VALUES (1007, '', 100, 7, '', '', 1, 'F', '0', 'system:user:resetPwd', '#', 'admin', '2018-03-16 11:33:00', 'ry', '2018-03-16 11:33:00', '');
INSERT INTO `sys_menu` VALUES (1008, '', 101, 1, '', '', 1, 'F', '0', 'system:role:query', '#', 'admin', '2018-03-16 11:33:00', 'ry', '2018-03-16 11:33:00', '');
INSERT INTO `sys_menu` VALUES (1009, '', 101, 2, '', '', 1, 'F', '0', 'system:role:add', '#', 'admin', '2018-03-16 11:33:00', 'ry', '2018-03-16 11:33:00', '');
INSERT INTO `sys_menu` VALUES (1010, '', 101, 3, '', '', 1, 'F', '0', 'system:role:edit', '#', 'admin', '2018-03-16 11:33:00', 'ry', '2018-03-16 11:33:00', '');
INSERT INTO `sys_menu` VALUES (1011, '', 101, 4, '', '', 1, 'F', '0', 'system:role:remove', '#', 'admin', '2018-03-16 11:33:00', 'ry', '2018-03-16 11:33:00', '');
INSERT INTO `sys_menu` VALUES (1012, '', 101, 5, '', '', 1, 'F', '0', 'system:role:export', '#', 'admin', '2018-03-16 11:33:00', 'ry', '2018-03-16 11:33:00', '');
INSERT INTO `sys_menu` VALUES (1013, '', 102, 1, '', '', 1, 'F', '0', 'system:menu:query', '#', 'admin', '2018-03-16 11:33:00', 'ry', '2018-03-16 11:33:00', '');
INSERT INTO `sys_menu` VALUES (1014, '', 102, 2, '', '', 1, 'F', '0', 'system:menu:add', '#', 'admin', '2018-03-16 11:33:00', 'ry', '2018-03-16 11:33:00', '');
INSERT INTO `sys_menu` VALUES (1015, '', 102, 3, '', '', 1, 'F', '0', 'system:menu:edit', '#', 'admin', '2018-03-16 11:33:00', 'ry', '2018-03-16 11:33:00', '');
INSERT INTO `sys_menu` VALUES (1016, '', 102, 4, '', '', 1, 'F', '0', 'system:menu:remove', '#', 'admin', '2018-03-16 11:33:00', 'ry', '2018-03-16 11:33:00', '');
INSERT INTO `sys_menu` VALUES (1017, '', 103, 1, '', '', 1, 'F', '0', 'system:dept:query', '#', 'admin', '2018-03-16 11:33:00', 'ry', '2018-03-16 11:33:00', '');
INSERT INTO `sys_menu` VALUES (1018, '', 103, 2, '', '', 1, 'F', '0', 'system:dept:add', '#', 'admin', '2018-03-16 11:33:00', 'ry', '2018-03-16 11:33:00', '');
INSERT INTO `sys_menu` VALUES (1019, '', 103, 3, '', '', 1, 'F', '0', 'system:dept:edit', '#', 'admin', '2018-03-16 11:33:00', 'ry', '2018-03-16 11:33:00', '');
INSERT INTO `sys_menu` VALUES (1020, '', 103, 4, '', '', 1, 'F', '0', 'system:dept:remove', '#', 'admin', '2018-03-16 11:33:00', 'ry', '2018-03-16 11:33:00', '');
INSERT INTO `sys_menu` VALUES (1021, '', 104, 1, '', '', 1, 'F', '0', 'system:post:query', '#', 'admin', '2018-03-16 11:33:00', 'ry', '2018-03-16 11:33:00', '');
INSERT INTO `sys_menu` VALUES (1022, '', 104, 2, '', '', 1, 'F', '0', 'system:post:add', '#', 'admin', '2018-03-16 11:33:00', 'ry', '2018-03-16 11:33:00', '');
INSERT INTO `sys_menu` VALUES (1023, '', 104, 3, '', '', 1, 'F', '0', 'system:post:edit', '#', 'admin', '2018-03-16 11:33:00', 'ry', '2018-03-16 11:33:00', '');
INSERT INTO `sys_menu` VALUES (1024, '', 104, 4, '', '', 1, 'F', '0', 'system:post:remove', '#', 'admin', '2018-03-16 11:33:00', 'ry', '2018-03-16 11:33:00', '');
INSERT INTO `sys_menu` VALUES (1025, '', 104, 5, '', '', 1, 'F', '0', 'system:post:export', '#', 'admin', '2018-03-16 11:33:00', 'ry', '2018-03-16 11:33:00', '');
INSERT INTO `sys_menu` VALUES (1026, '', 105, 1, '#', '', 1, 'F', '0', 'system:dict:query', '#', 'admin', '2018-03-16 11:33:00', 'ry', '2018-03-16 11:33:00', '');
INSERT INTO `sys_menu` VALUES (1027, '', 105, 2, '#', '', 1, 'F', '0', 'system:dict:add', '#', 'admin', '2018-03-16 11:33:00', 'ry', '2018-03-16 11:33:00', '');
INSERT INTO `sys_menu` VALUES (1028, '', 105, 3, '#', '', 1, 'F', '0', 'system:dict:edit', '#', 'admin', '2018-03-16 11:33:00', 'ry', '2018-03-16 11:33:00', '');
INSERT INTO `sys_menu` VALUES (1029, '', 105, 4, '#', '', 1, 'F', '0', 'system:dict:remove', '#', 'admin', '2018-03-16 11:33:00', 'ry', '2018-03-16 11:33:00', '');
INSERT INTO `sys_menu` VALUES (1030, '', 105, 5, '#', '', 1, 'F', '0', 'system:dict:export', '#', 'admin', '2018-03-16 11:33:00', 'ry', '2018-03-16 11:33:00', '');
INSERT INTO `sys_menu` VALUES (1031, '', 106, 1, '#', '', 1, 'F', '0', 'system:config:query', '#', 'admin', '2018-03-16 11:33:00', 'ry', '2018-03-16 11:33:00', '');
INSERT INTO `sys_menu` VALUES (1032, '', 106, 2, '#', '', 1, 'F', '0', 'system:config:add', '#', 'admin', '2018-03-16 11:33:00', 'ry', '2018-03-16 11:33:00', '');
INSERT INTO `sys_menu` VALUES (1033, '', 106, 3, '#', '', 1, 'F', '0', 'system:config:edit', '#', 'admin', '2018-03-16 11:33:00', 'ry', '2018-03-16 11:33:00', '');
INSERT INTO `sys_menu` VALUES (1034, '', 106, 4, '#', '', 1, 'F', '0', 'system:config:remove', '#', 'admin', '2018-03-16 11:33:00', 'ry', '2018-03-16 11:33:00', '');
INSERT INTO `sys_menu` VALUES (1035, '', 106, 5, '#', '', 1, 'F', '0', 'system:config:export', '#', 'admin', '2018-03-16 11:33:00', 'ry', '2018-03-16 11:33:00', '');
INSERT INTO `sys_menu` VALUES (1036, '', 107, 1, '#', '', 1, 'F', '0', 'system:notice:query', '#', 'admin', '2018-03-16 11:33:00', 'ry', '2018-03-16 11:33:00', '');
INSERT INTO `sys_menu` VALUES (1037, '', 107, 2, '#', '', 1, 'F', '0', 'system:notice:add', '#', 'admin', '2018-03-16 11:33:00', 'ry', '2018-03-16 11:33:00', '');
INSERT INTO `sys_menu` VALUES (1038, '', 107, 3, '#', '', 1, 'F', '0', 'system:notice:edit', '#', 'admin', '2018-03-16 11:33:00', 'ry', '2018-03-16 11:33:00', '');
INSERT INTO `sys_menu` VALUES (1039, '', 107, 4, '#', '', 1, 'F', '0', 'system:notice:remove', '#', 'admin', '2018-03-16 11:33:00', 'ry', '2018-03-16 11:33:00', '');
INSERT INTO `sys_menu` VALUES (1040, '', 500, 1, '#', '', 1, 'F', '0', 'monitor:operlog:query', '#', 'admin', '2018-03-16 11:33:00', 'ry', '2018-03-16 11:33:00', '');
INSERT INTO `sys_menu` VALUES (1041, '', 500, 2, '#', '', 1, 'F', '0', 'monitor:operlog:remove', '#', 'admin', '2018-03-16 11:33:00', 'ry', '2018-03-16 11:33:00', '');
INSERT INTO `sys_menu` VALUES (1042, '', 500, 4, '#', '', 1, 'F', '0', 'monitor:operlog:export', '#', 'admin', '2018-03-16 11:33:00', 'ry', '2018-03-16 11:33:00', '');
INSERT INTO `sys_menu` VALUES (1043, '', 501, 1, '#', '', 1, 'F', '0', 'monitor:logininfor:query', '#', 'admin', '2018-03-16 11:33:00', 'ry', '2018-03-16 11:33:00', '');
INSERT INTO `sys_menu` VALUES (1044, '', 501, 2, '#', '', 1, 'F', '0', 'monitor:logininfor:remove', '#', 'admin', '2018-03-16 11:33:00', 'ry', '2018-03-16 11:33:00', '');
INSERT INTO `sys_menu` VALUES (1045, '', 501, 3, '#', '', 1, 'F', '0', 'monitor:logininfor:export', '#', 'admin', '2018-03-16 11:33:00', 'ry', '2018-03-16 11:33:00', '');
INSERT INTO `sys_menu` VALUES (1046, '', 109, 1, '#', '', 1, 'F', '0', 'monitor:online:query', '#', 'admin', '2018-03-16 11:33:00', 'ry', '2018-03-16 11:33:00', '');
INSERT INTO `sys_menu` VALUES (1047, '', 109, 2, '#', '', 1, 'F', '0', 'monitor:online:batchLogout', '#', 'admin', '2018-03-16 11:33:00', 'ry', '2018-03-16 11:33:00', '');
INSERT INTO `sys_menu` VALUES (1048, '', 109, 3, '#', '', 1, 'F', '0', 'monitor:online:forceLogout', '#', 'admin', '2018-03-16 11:33:00', 'ry', '2018-03-16 11:33:00', '');
INSERT INTO `sys_menu` VALUES (1049, '', 110, 1, '#', '', 1, 'F', '0', 'monitor:job:query', '#', 'admin', '2018-03-16 11:33:00', 'ry', '2018-03-16 11:33:00', '');
INSERT INTO `sys_menu` VALUES (1050, '', 110, 2, '#', '', 1, 'F', '0', 'monitor:job:add', '#', 'admin', '2018-03-16 11:33:00', 'ry', '2018-03-16 11:33:00', '');
INSERT INTO `sys_menu` VALUES (1051, '', 110, 3, '#', '', 1, 'F', '0', 'monitor:job:edit', '#', 'admin', '2018-03-16 11:33:00', 'ry', '2018-03-16 11:33:00', '');
INSERT INTO `sys_menu` VALUES (1052, '', 110, 4, '#', '', 1, 'F', '0', 'monitor:job:remove', '#', 'admin', '2018-03-16 11:33:00', 'ry', '2018-03-16 11:33:00', '');
INSERT INTO `sys_menu` VALUES (1053, '', 110, 5, '#', '', 1, 'F', '0', 'monitor:job:changeStatus', '#', 'admin', '2018-03-16 11:33:00', 'ry', '2018-03-16 11:33:00', '');
INSERT INTO `sys_menu` VALUES (1054, '', 110, 7, '#', '', 1, 'F', '0', 'monitor:job:export', '#', 'admin', '2018-03-16 11:33:00', 'ry', '2018-03-16 11:33:00', '');
INSERT INTO `sys_menu` VALUES (1055, '', 114, 1, '#', '', 1, 'F', '0', 'tool:gen:query', '#', 'admin', '2018-03-16 11:33:00', 'ry', '2018-03-16 11:33:00', '');
INSERT INTO `sys_menu` VALUES (1056, '', 114, 2, '#', '', 1, 'F', '0', 'tool:gen:edit', '#', 'admin', '2018-03-16 11:33:00', 'ry', '2018-03-16 11:33:00', '');
INSERT INTO `sys_menu` VALUES (1057, '', 114, 3, '#', '', 1, 'F', '0', 'tool:gen:remove', '#', 'admin', '2018-03-16 11:33:00', 'ry', '2018-03-16 11:33:00', '');
INSERT INTO `sys_menu` VALUES (1058, '', 114, 2, '#', '', 1, 'F', '0', 'tool:gen:import', '#', 'admin', '2018-03-16 11:33:00', 'ry', '2018-03-16 11:33:00', '');
INSERT INTO `sys_menu` VALUES (1059, '', 114, 4, '#', '', 1, 'F', '0', 'tool:gen:preview', '#', 'admin', '2018-03-16 11:33:00', 'ry', '2018-03-16 11:33:00', '');
INSERT INTO `sys_menu` VALUES (1060, '', 114, 5, '#', '', 1, 'F', '0', 'tool:gen:code', '#', 'admin', '2018-03-16 11:33:00', 'ry', '2018-03-16 11:33:00', '');
INSERT INTO `sys_menu` VALUES (1061, '', 0, 3, 'process', NULL, 1, 'M', '0', '', 'system', 'admin', '2020-02-26 16:44:11', 'admin', '2020-02-26 16:44:20', '');
INSERT INTO `sys_menu` VALUES (1062, '', 1061, 2, 'definition', 'process/definition/index', 1, 'C', '0', 'process:definition:list', '#', 'admin', '2020-02-26 16:45:25', 'ry', '2020-02-28 16:32:15', '');
INSERT INTO `sys_menu` VALUES (1063, '', 1062, 1, '', NULL, 1, 'F', '0', 'process:definition:upload', '#', 'admin', '2020-02-28 16:24:16', '', NULL, '');
INSERT INTO `sys_menu` VALUES (1064, '', 1062, 2, '', NULL, 1, 'F', '0', 'process:definition:remove', '#', 'admin', '2020-02-28 16:24:42', '', NULL, '');
INSERT INTO `sys_menu` VALUES (1065, '', 1062, 3, '', NULL, 1, 'F', '0', 'process:definition:export', '#', 'admin', '2020-02-28 16:25:01', '', NULL, '');
INSERT INTO `sys_menu` VALUES (1066, '', 1061, 4, 'processgroup', 'process/group/index', 1, 'C', '0', 'process:group:list', '#', 'admin', '2020-02-28 16:59:21', 'admin', '2020-03-04 10:54:01', '');
INSERT INTO `sys_menu` VALUES (1067, '', 1066, 1, '', NULL, 1, 'F', '0', 'process:group:add', '#', 'admin', '2020-02-29 23:20:19', '', NULL, '');
INSERT INTO `sys_menu` VALUES (1068, '', 1066, 2, '', NULL, 1, 'F', '0', 'process:group:edit', '#', 'admin', '2020-02-29 23:20:55', '', NULL, '');
INSERT INTO `sys_menu` VALUES (1069, '', 1066, 3, '', NULL, 1, 'F', '0', 'process:group:remove', '#', 'admin', '2020-02-29 23:22:01', 'admin', '2020-02-29 23:22:34', '');
INSERT INTO `sys_menu` VALUES (1070, '', 1066, 4, '', NULL, 1, 'F', '0', 'process:group:export', '#', 'admin', '2020-02-29 23:22:51', '', NULL, '');
INSERT INTO `sys_menu` VALUES (1071, '', 1061, 3, 'processuser', 'process/user/index', 1, 'C', '0', 'process:user:list', '#', 'admin', '2020-03-03 16:28:26', 'admin', '2020-03-04 10:53:56', '');
INSERT INTO `sys_menu` VALUES (1072, '', 1071, 1, '', NULL, 1, 'F', '0', 'process:user:add', '#', 'admin', '2020-03-03 22:49:24', 'admin', '2020-03-03 22:49:33', '');
INSERT INTO `sys_menu` VALUES (1073, '', 1071, 2, '', NULL, 1, 'F', '0', 'process:user:edit', '#', 'admin', '2020-03-03 22:49:57', '', NULL, '');
INSERT INTO `sys_menu` VALUES (1074, '', 1071, 3, '', NULL, 1, 'F', '0', 'process:user:remove', '#', 'admin', '2020-03-03 22:50:18', 'admin', '2020-03-03 22:50:23', '');
INSERT INTO `sys_menu` VALUES (1075, '', 1071, 4, '', NULL, 1, 'F', '0', 'process:user:export', '#', 'admin', '2020-03-03 22:50:52', '', NULL, '');
INSERT INTO `sys_menu` VALUES (1080, '', 0, 4, 'business', NULL, 1, 'M', '0', '', 'date', 'admin', '2020-03-04 13:58:10', 'admin', '2020-03-17 12:19:58', '');
INSERT INTO `sys_menu` VALUES (1081, '', 1080, 1, 'leave', 'business/leave/index', 1, 'M', '0', '', 'form', 'admin', '2020-03-04 13:58:34', 'admin', '2020-03-17 12:20:59', '');
INSERT INTO `sys_menu` VALUES (1083, '', 1081, 1, 'list', 'business/leave/list/index', 1, 'C', '0', 'process:leave:list', 'list', 'admin', '2020-03-04 14:09:34', 'admin', '2020-03-17 12:21:24', '');
INSERT INTO `sys_menu` VALUES (1084, '', 1080, 3, 'todoanddone', 'business/todoanddone/index', 1, 'M', '0', '', 'example', 'admin', '2020-03-04 14:16:24', 'admin', '2020-03-17 12:23:33', '');
INSERT INTO `sys_menu` VALUES (1085, '', 1084, 1, 'todoitem', 'business/todoanddone/todoitem/index', 1, 'C', '0', 'process:todoitem:list', 'edit', 'admin', '2020-03-04 14:18:12', 'admin', '2020-03-17 12:22:50', '');
INSERT INTO `sys_menu` VALUES (1086, '', 1081, 2, 'todeitem', 'business/leave/todoitem/index', 1, 'C', '0', 'process:leave:taskList', 'edit', 'admin', '2020-03-04 14:18:56', 'admin', '2020-03-17 12:24:03', '');
INSERT INTO `sys_menu` VALUES (1087, '', 1083, 1, '', NULL, 1, 'F', '0', 'process:leave:add', '#', 'admin', '2020-03-05 00:05:38', '', NULL, '');
INSERT INTO `sys_menu` VALUES (1088, '', 1083, 2, '', NULL, 1, 'F', '0', 'process:leave:edit', '#', 'admin', '2020-03-05 15:21:49', '', NULL, '');
INSERT INTO `sys_menu` VALUES (1089, '', 1083, 3, '', NULL, 1, 'F', '0', 'process:leave:remove', '#', 'admin', '2020-03-05 15:22:11', '', NULL, '');
INSERT INTO `sys_menu` VALUES (1090, '', 1081, 3, 'doneitem', 'business/leave/doneitem/index', 1, 'C', '0', 'process:leave:taskDoneList', 'skill', 'chengxy', '2020-03-07 21:53:21', 'admin', '2020-03-17 12:23:50', '');
INSERT INTO `sys_menu` VALUES (1091, '', 1085, 1, '', NULL, 1, 'F', '0', 'process:todoitem:export', '#', 'admin', '2020-03-08 13:38:59', '', NULL, '');
INSERT INTO `sys_menu` VALUES (1092, '', 1084, 2, 'doneitem', 'business/todoanddone/doneitem/index', 1, 'C', '0', 'process:todoitem:doneList', 'skill', 'admin', '2020-03-08 13:40:36', 'admin', '2020-03-17 12:23:23', '');
INSERT INTO `sys_menu` VALUES (1093, '', 1092, 1, '', NULL, 1, 'F', '0', 'process:todoitem:doneExport', '#', 'admin', '2020-03-08 13:41:03', '', NULL, '');
INSERT INTO `sys_menu` VALUES (1096, '', 1080, 2, 'contract', 'business/contract/index', 1, 'M', '0', '', 'example', 'admin', '2020-03-14 17:43:57', 'admin', '2020-03-16 09:16:13', '');
INSERT INTO `sys_menu` VALUES (1097, '', 1096, 1, 'contract', 'business/contract/list/index', 1, 'C', '0', 'process:contract:list', 'list', 'admin', '2020-03-14 17:47:23', 'admin', '2020-03-17 12:21:45', '');
INSERT INTO `sys_menu` VALUES (1098, '', 1097, 1, '', NULL, 1, 'F', '0', 'process:contract:add', '#', 'admin', '2020-03-14 17:49:52', '', NULL, '');
INSERT INTO `sys_menu` VALUES (1099, '', 1097, 2, '', NULL, 1, 'F', '0', 'process:contract:edit', '#', 'admin', '2020-03-14 17:50:48', 'admin', '2020-03-14 17:51:54', '');
INSERT INTO `sys_menu` VALUES (1100, '', 1097, 3, '', NULL, 1, 'F', '0', 'process:contract:remove', '#', 'admin', '2020-03-14 17:51:34', '', NULL, '');
INSERT INTO `sys_menu` VALUES (1101, '', 1096, 2, 'todoitem', 'business/contract/todoitem/daiban1', 1, 'C', '0', 'process:contract:taskList', 'edit', 'admin', '2020-03-14 17:54:15', 'admin', '2020-03-15 22:06:07', '');
INSERT INTO `sys_menu` VALUES (1102, '', 1096, 3, 'doneitem', 'business/contract/doneitem/index', 1, 'C', '0', 'process:contract:taskDoneList', 'skill', 'admin', '2020-03-14 17:55:50', 'admin', '2020-03-17 12:23:44', '');

-- ----------------------------
-- Table structure for sys_notice
-- ----------------------------
DROP TABLE IF EXISTS `sys_notice`;
CREATE TABLE `sys_notice`  (
  `notice_id` int(4) NOT NULL AUTO_INCREMENT COMMENT 'ID',
  `notice_title` varchar(50) CHARACTER SET utf8 COLLATE utf8_general_ci NOT NULL COMMENT '',
  `notice_type` char(1) CHARACTER SET utf8 COLLATE utf8_general_ci NOT NULL COMMENT '1 2',
  `notice_content` varchar(2000) CHARACTER SET utf8 COLLATE utf8_general_ci NULL DEFAULT NULL COMMENT '',
  `status` char(1) CHARACTER SET utf8 COLLATE utf8_general_ci NULL DEFAULT '0' COMMENT '0 1',
  `create_by` varchar(64) CHARACTER SET utf8 COLLATE utf8_general_ci NULL DEFAULT '' COMMENT '',
  `create_time` datetime(0) NULL DEFAULT NULL COMMENT '',
  `update_by` varchar(64) CHARACTER SET utf8 COLLATE utf8_general_ci NULL DEFAULT '' COMMENT '',
  `update_time` datetime(0) NULL DEFAULT NULL COMMENT '',
  `remark` varchar(255) CHARACTER SET utf8 COLLATE utf8_general_ci NULL DEFAULT NULL COMMENT '',
  PRIMARY KEY (`notice_id`) USING BTREE
) ENGINE = InnoDB AUTO_INCREMENT = 3 CHARACTER SET = utf8 COLLATE = utf8_general_ci COMMENT = '' ROW_FORMAT = Compact;

-- ----------------------------
-- Records of sys_notice
-- ----------------------------
INSERT INTO `sys_notice` VALUES (1, '2020-03-11  activiti', '2', '', '0', 'admin', '2018-03-16 11:33:00', 'admin', '2020-03-17 12:29:51', '');
INSERT INTO `sys_notice` VALUES (2, 'wangshanpeng.top', '1', '<p></p>', '0', 'admin', '2018-03-16 11:33:00', 'admin', '2020-03-17 12:30:15', '');

-- ----------------------------
-- Table structure for sys_oper_log
-- ----------------------------
DROP TABLE IF EXISTS `sys_oper_log`;
CREATE TABLE `sys_oper_log`  (
  `oper_id` bigint(20) NOT NULL AUTO_INCREMENT COMMENT '',
  `title` varchar(50) CHARACTER SET utf8 COLLATE utf8_general_ci NULL DEFAULT '' COMMENT '',
  `business_type` int(2) NULL DEFAULT 0 COMMENT '0 1 2 3',
  `method` varchar(100) CHARACTER SET utf8 COLLATE utf8_general_ci NULL DEFAULT '' COMMENT '',
  `request_method` varchar(10) CHARACTER SET utf8 COLLATE utf8_general_ci NULL DEFAULT '' COMMENT '',
  `operator_type` int(1) NULL DEFAULT 0 COMMENT '0 1 2',
  `oper_name` varchar(50) CHARACTER SET utf8 COLLATE utf8_general_ci NULL DEFAULT '' COMMENT '',
  `dept_name` varchar(50) CHARACTER SET utf8 COLLATE utf8_general_ci NULL DEFAULT '' COMMENT '',
  `oper_url` varchar(255) CHARACTER SET utf8 COLLATE utf8_general_ci NULL DEFAULT '' COMMENT 'URL',
  `oper_ip` varchar(50) CHARACTER SET utf8 COLLATE utf8_general_ci NULL DEFAULT '' COMMENT '',
  `oper_location` varchar(255) CHARACTER SET utf8 COLLATE utf8_general_ci NULL DEFAULT '' COMMENT '',
  `oper_param` varchar(2000) CHARACTER SET utf8 COLLATE utf8_general_ci NULL DEFAULT '' COMMENT '',
  `json_result` varchar(2000) CHARACTER SET utf8 COLLATE utf8_general_ci NULL DEFAULT '' COMMENT '',
  `status` int(1) NULL DEFAULT 0 COMMENT '0 1',
  `error_msg` varchar(2000) CHARACTER SET utf8 COLLATE utf8_general_ci NULL DEFAULT '' COMMENT '',
  `oper_time` datetime(0) NULL DEFAULT NULL COMMENT '',
  PRIMARY KEY (`oper_id`) USING BTREE
) ENGINE = InnoDB AUTO_INCREMENT = 23 CHARACTER SET = utf8 COLLATE = utf8_general_ci COMMENT = '' ROW_FORMAT = Compact;

-- ----------------------------
-- Records of sys_oper_log
-- ----------------------------
INSERT INTO `sys_oper_log` VALUES (1, '', 9, 'com.ruoyi.project.monitor.controller.SysOperlogController.clean()', 'DELETE', 1, 'admin', NULL, '/monitor/operlog/clean', '127.0.0.1', 'IP', '{}', '{\"msg\":\"\",\"code\":200}', 0, NULL, '2020-03-17 12:30:41');
INSERT INTO `sys_oper_log` VALUES (2, '', 2, 'com.ruoyi.project.system.controller.SysProfileController.updateProfile()', 'PUT', 1, 'admin', NULL, '/system/user/profile', '127.0.0.1', 'IP', '{\"roles\":[{\"flag\":false,\"roleId\":1,\"admin\":true,\"dataScope\":\"1\",\"params\":{},\"roleSort\":\"1\",\"roleKey\":\"admin\",\"roleName\":\"\",\"status\":\"0\"}],\"phonenumber\":\"15888888888\",\"admin\":true,\"loginDate\":1521171180000,\"remark\":\"\",\"delFlag\":\"0\",\"password\":\"$2a$10$7JB720yubVSZvUI0rEqK/.VqGOZTH.ulu33dHOiBE8ByOhJIrdAu2\",\"loginIp\":\"127.0.0.1\",\"email\":\"admin@163.com\",\"nickName\":\"admin\",\"sex\":\"0\",\"deptId\":103,\"avatar\":\"/profile/avatar/2020/02/27/54db2d8afc7c580a61a99b135f2ab138.jpeg\",\"dept\":{\"deptName\":\"\",\"leader\":\"\",\"deptId\":103,\"orderNum\":\"1\",\"params\":{},\"parentId\":101,\"children\":[],\"status\":\"0\"},\"params\":{},\"userName\":\"admin\",\"userId\":1,\"createBy\":\"admin\",\"createTime\":1521171180000,\"status\":\"0\"}', '{\"msg\":\"\",\"code\":200}', 0, NULL, '2020-03-17 12:31:42');
INSERT INTO `sys_oper_log` VALUES (3, '', 2, 'com.ruoyi.project.system.controller.SysProfileController.avatar()', 'POST', 1, 'admin', NULL, '/system/user/profile/avatar', '127.0.0.1', 'IP', '', '{\"msg\":\"\",\"imgUrl\":\"/profile/avatar/2020/03/17/9c27485f283a6cb739e8f24412d0cdfc.jpeg\",\"code\":200}', 0, NULL, '2020-03-17 12:32:07');
INSERT INTO `sys_oper_log` VALUES (4, '', 2, 'com.ruoyi.project.system.controller.SysProfileController.updateProfile()', 'PUT', 1, 'admin', NULL, '/system/user/profile', '127.0.0.1', 'IP', '{\"roles\":[{\"flag\":false,\"roleId\":1,\"admin\":true,\"dataScope\":\"1\",\"params\":{},\"roleSort\":\"1\",\"roleKey\":\"admin\",\"roleName\":\"\",\"status\":\"0\"}],\"phonenumber\":\"15899988888\",\"admin\":true,\"loginDate\":1521171180000,\"remark\":\"\",\"delFlag\":\"0\",\"password\":\"$2a$10$7JB720yubVSZvUI0rEqK/.VqGOZTH.ulu33dHOiBE8ByOhJIrdAu2\",\"loginIp\":\"127.0.0.1\",\"email\":\"admin@163.com\",\"nickName\":\"admin\",\"sex\":\"0\",\"deptId\":103,\"avatar\":\"/profile/avatar/2020/03/17/9c27485f283a6cb739e8f24412d0cdfc.jpeg\",\"dept\":{\"deptName\":\"\",\"leader\":\"\",\"deptId\":103,\"orderNum\":\"1\",\"params\":{},\"parentId\":101,\"children\":[],\"status\":\"0\"},\"params\":{},\"userName\":\"admin\",\"userId\":1,\"createBy\":\"admin\",\"createTime\":1521171180000,\"status\":\"0\"}', '{\"msg\":\"\",\"code\":200}', 0, NULL, '2020-03-17 12:32:24');
INSERT INTO `sys_oper_log` VALUES (5, '', 2, 'com.ruoyi.process.contract.controller.BizContractController.edit()', 'GET', 1, 'admin', NULL, '/process/contract/edit/4', '127.0.0.1', 'IP', '{id=4}', '{\"msg\":\"\",\"code\":200,\"data\":{\"applyTime\":1584335869000,\"applyUser\":\"chengxy\",\"company\":\"1\",\"createBy\":\"chengxy\",\"createTime\":1584335854000,\"id\":4,\"instanceId\":\"65005\",\"note\":\"21\",\"params\":{},\"signTime\":1583164800000,\"title\":\"112\",\"type\":\"1\",\"updateBy\":\"chengxy\"}}', 0, NULL, '2020-03-17 13:12:50');
INSERT INTO `sys_oper_log` VALUES (6, '', 2, 'com.ruoyi.process.contract.controller.BizContractController.edit()', 'GET', 1, 'admin', NULL, '/process/contract/edit/4', '127.0.0.1', 'IP', '{id=4}', '{\"msg\":\"\",\"code\":200,\"data\":{\"applyTime\":1584335869000,\"applyUser\":\"chengxy\",\"company\":\"1\",\"createBy\":\"chengxy\",\"createTime\":1584335854000,\"id\":4,\"instanceId\":\"65005\",\"note\":\"21\",\"params\":{},\"signTime\":1583164800000,\"title\":\"112\",\"type\":\"1\",\"updateBy\":\"chengxy\"}}', 0, NULL, '2020-03-17 13:12:51');
INSERT INTO `sys_oper_log` VALUES (7, '', 2, 'com.ruoyi.process.contract.controller.BizContractController.submitApply()', 'POST', 1, 'admin', NULL, '/process/contract/submitApply', '127.0.0.1', 'IP', '8', '{\"msg\":\"\",\"code\":500}', 0, NULL, '2020-03-17 13:12:58');
INSERT INTO `sys_oper_log` VALUES (8, '', 2, 'com.ruoyi.process.contract.controller.BizContractController.submitApply()', 'POST', 1, 'chengxy', NULL, '/process/contract/submitApply', '127.0.0.1', 'IP', '8', '{\"msg\":\"\",\"code\":200}', 0, NULL, '2020-03-17 13:14:10');
INSERT INTO `sys_oper_log` VALUES (9, '', 1, 'com.ruoyi.process.contract.controller.BizContractController.add()', 'POST', 1, 'chengxy', NULL, '/process/contract', '127.0.0.1', 'IP', '{\"note\":\"111\",\"signTime\":1582646400000,\"params\":{},\"title\":\"ceshi666\",\"type\":\"3\",\"createBy\":\"chengxy\",\"createTime\":1584423279432,\"company\":\"11\",\"id\":9}', '{\"msg\":\"\",\"code\":200}', 0, NULL, '2020-03-17 13:34:39');
INSERT INTO `sys_oper_log` VALUES (10, '', 2, 'com.ruoyi.process.contract.controller.BizContractController.submitApply()', 'POST', 1, 'chengxy', NULL, '/process/contract/submitApply', '127.0.0.1', 'IP', '9', '{\"msg\":\"\",\"code\":200}', 0, NULL, '2020-03-17 13:34:50');
INSERT INTO `sys_oper_log` VALUES (11, '', 2, 'com.ruoyi.project.system.controller.SysUserController.resetPwd()', 'PUT', 1, 'admin', NULL, '/system/user/resetPwd', '127.0.0.1', 'IP', '{\"admin\":false,\"password\":\"$2a$10$CvDPMqyr5mLYPEHWeuGFlOezRDHLY/ygEisc/ISFKplC93q5FJe/i\",\"updateBy\":\"admin\",\"params\":{},\"userId\":2}', '{\"msg\":\"\",\"code\":200}', 0, NULL, '2020-03-17 13:57:52');
INSERT INTO `sys_oper_log` VALUES (12, '', 2, 'com.ruoyi.project.system.controller.SysUserController.resetPwd()', 'PUT', 1, 'admin', NULL, '/system/user/resetPwd', '127.0.0.1', 'IP', '{\"admin\":false,\"password\":\"$2a$10$U4TDA743lYTANeG8.ZdyYOJ3rSxbfB8VR.mrxjXEnZ6fIEg9aSQim\",\"updateBy\":\"admin\",\"params\":{},\"userId\":7}', '{\"msg\":\"\",\"code\":200}', 0, NULL, '2020-03-17 13:58:01');
INSERT INTO `sys_oper_log` VALUES (13, '', 2, 'com.ruoyi.project.system.controller.SysUserController.resetPwd()', 'PUT', 1, 'admin', NULL, '/system/user/resetPwd', '127.0.0.1', 'IP', '{\"admin\":false,\"password\":\"$2a$10$h2dlFD6MyEW6etvO5tZR3eVwZVVgsMOb192sVeFTFy4lTlBeBkxni\",\"updateBy\":\"admin\",\"params\":{},\"userId\":8}', '{\"msg\":\"\",\"code\":200}', 0, NULL, '2020-03-17 13:58:05');
INSERT INTO `sys_oper_log` VALUES (14, '', 2, 'com.ruoyi.process.contract.controller.BizContractController.edit()', 'GET', 1, 'admin', NULL, '/process/contract/edit/4', '127.0.0.1', 'IP', '{id=4}', '{\"msg\":\"\",\"code\":200,\"data\":{\"applyTime\":1584335869000,\"applyUser\":\"chengxy\",\"company\":\"1\",\"createBy\":\"chengxy\",\"createTime\":1584335854000,\"id\":4,\"instanceId\":\"65005\",\"note\":\"21\",\"params\":{},\"signTime\":1583164800000,\"title\":\"112\",\"type\":\"1\",\"updateBy\":\"chengxy\"}}', 0, NULL, '2020-04-15 18:04:43');
INSERT INTO `sys_oper_log` VALUES (15, '', 1, 'com.ruoyi.process.contract.controller.BizContractController.add()', 'POST', 1, 'admin', NULL, '/process/contract', '127.0.0.1', 'IP', '{\"note\":\"\",\"signTime\":1587657600000,\"params\":{},\"title\":\"\",\"type\":\"2\",\"createBy\":\"admin\",\"createTime\":1586945171661,\"company\":\"\",\"id\":10}', '{\"msg\":\"\",\"code\":200}', 0, NULL, '2020-04-15 18:06:11');
INSERT INTO `sys_oper_log` VALUES (16, '', 2, 'com.ruoyi.process.contract.controller.BizContractController.submitApply()', 'POST', 1, 'admin', NULL, '/process/contract/submitApply', '127.0.0.1', 'IP', '10', '{\"msg\":\"\",\"code\":200}', 0, NULL, '2020-04-15 18:08:01');
INSERT INTO `sys_oper_log` VALUES (17, '', 2, 'com.ruoyi.process.contract.controller.BizContractController.edit()', 'GET', 1, 'admin', NULL, '/process/contract/edit/10', '127.0.0.1', 'IP', '{id=10}', '{\"msg\":\"\",\"code\":200,\"data\":{\"applyTime\":1586945280000,\"applyUser\":\"admin\",\"company\":\"\",\"createBy\":\"admin\",\"createTime\":1586945172000,\"id\":10,\"instanceId\":\"77501\",\"note\":\"\",\"params\":{},\"signTime\":1587657600000,\"title\":\"\",\"type\":\"2\",\"updateBy\":\"admin\"}}', 0, NULL, '2020-04-15 18:09:16');
INSERT INTO `sys_oper_log` VALUES (18, '', 2, 'com.ruoyi.process.contract.controller.BizContractController.edit()', 'GET', 1, 'admin', NULL, '/process/contract/edit/10', '127.0.0.1', 'IP', '{id=10}', '{\"msg\":\"\",\"code\":200,\"data\":{\"applyTime\":1586945280000,\"applyUser\":\"admin\",\"company\":\"\",\"createBy\":\"admin\",\"createTime\":1586945172000,\"id\":10,\"instanceId\":\"77501\",\"note\":\"\",\"params\":{},\"signTime\":1587657600000,\"title\":\"\",\"type\":\"2\",\"updateBy\":\"admin\"}}', 0, NULL, '2020-04-15 18:09:19');
INSERT INTO `sys_oper_log` VALUES (19, '', 2, 'com.ruoyi.process.contract.controller.BizContractController.edit()', 'GET', 1, 'admin', NULL, '/process/contract/edit/4', '127.0.0.1', 'IP', '{id=4}', '{\"msg\":\"\",\"code\":200,\"data\":{\"applyTime\":1584335869000,\"applyUser\":\"chengxy\",\"company\":\"1\",\"createBy\":\"chengxy\",\"createTime\":1584335854000,\"id\":4,\"instanceId\":\"65005\",\"note\":\"21\",\"params\":{},\"signTime\":1583164800000,\"title\":\"112\",\"type\":\"1\",\"updateBy\":\"chengxy\"}}', 0, NULL, '2020-05-08 16:25:32');
INSERT INTO `sys_oper_log` VALUES (20, '', 1, 'com.ruoyi.process.contract.controller.BizContractController.add()', 'POST', 1, 'chengxy', NULL, '/process/contract', '127.0.0.1', 'IP', '{\"note\":\"vakl;\",\"signTime\":1588694400000,\"params\":{},\"title\":\"5-8\",\"type\":\"1\",\"createBy\":\"chengxy\",\"createTime\":1588928936131,\"company\":\"\",\"id\":11}', '{\"msg\":\"\",\"code\":200}', 0, NULL, '2020-05-08 17:08:56');
INSERT INTO `sys_oper_log` VALUES (21, '', 2, 'com.ruoyi.process.contract.controller.BizContractController.submitApply()', 'POST', 1, 'chengxy', NULL, '/process/contract/submitApply', '127.0.0.1', 'IP', '11', '{\"msg\":\"\",\"code\":200}', 0, NULL, '2020-05-08 17:09:19');
INSERT INTO `sys_oper_log` VALUES (22, '', 2, 'com.ruoyi.process.contract.controller.BizContractController.edit()', 'GET', 1, 'chengxy', NULL, '/process/contract/edit/11', '127.0.0.1', 'IP', '{id=11}', '{\"msg\":\"\",\"code\":200,\"data\":{\"applyTime\":1588928959000,\"applyUser\":\"chengxy\",\"company\":\"\",\"createBy\":\"chengxy\",\"createTime\":1588928936000,\"id\":11,\"instanceId\":\"80001\",\"note\":\"vakl;\",\"params\":{},\"signTime\":1588694400000,\"title\":\"5-8\",\"type\":\"1\",\"updateBy\":\"chengxy\"}}', 0, NULL, '2020-05-08 17:13:00');

-- ----------------------------
-- Table structure for sys_post
-- ----------------------------
DROP TABLE IF EXISTS `sys_post`;
CREATE TABLE `sys_post`  (
  `post_id` bigint(20) NOT NULL AUTO_INCREMENT COMMENT 'ID',
  `post_code` varchar(64) CHARACTER SET utf8 COLLATE utf8_general_ci NOT NULL COMMENT '',
  `post_name` varchar(50) CHARACTER SET utf8 COLLATE utf8_general_ci NOT NULL COMMENT '',
  `post_sort` int(4) NOT NULL COMMENT '',
  `status` char(1) CHARACTER SET utf8 COLLATE utf8_general_ci NOT NULL COMMENT '0 1',
  `create_by` varchar(64) CHARACTER SET utf8 COLLATE utf8_general_ci NULL DEFAULT '' COMMENT '',
  `create_time` datetime(0) NULL DEFAULT NULL COMMENT '',
  `update_by` varchar(64) CHARACTER SET utf8 COLLATE utf8_general_ci NULL DEFAULT '' COMMENT '',
  `update_time` datetime(0) NULL DEFAULT NULL COMMENT '',
  `remark` varchar(500) CHARACTER SET utf8 COLLATE utf8_general_ci NULL DEFAULT NULL COMMENT '',
  PRIMARY KEY (`post_id`) USING BTREE
) ENGINE = InnoDB AUTO_INCREMENT = 5 CHARACTER SET = utf8 COLLATE = utf8_general_ci COMMENT = '' ROW_FORMAT = Compact;

-- ----------------------------
-- Records of sys_post
-- ----------------------------
INSERT INTO `sys_post` VALUES (1, 'ceo', '', 1, '0', 'admin', '2018-03-16 11:33:00', 'ry', '2018-03-16 11:33:00', '');
INSERT INTO `sys_post` VALUES (2, 'se', '', 2, '0', 'admin', '2018-03-16 11:33:00', 'ry', '2018-03-16 11:33:00', '');
INSERT INTO `sys_post` VALUES (3, 'hr', '', 3, '0', 'admin', '2018-03-16 11:33:00', 'ry', '2018-03-16 11:33:00', '');
INSERT INTO `sys_post` VALUES (4, 'user', '', 4, '0', 'admin', '2018-03-16 11:33:00', 'ry', '2018-03-16 11:33:00', '');

-- ----------------------------
-- Table structure for sys_role
-- ----------------------------
DROP TABLE IF EXISTS `sys_role`;
CREATE TABLE `sys_role`  (
  `role_id` bigint(20) NOT NULL AUTO_INCREMENT COMMENT 'ID',
  `role_name` varchar(30) CHARACTER SET utf8 COLLATE utf8_general_ci NOT NULL COMMENT '',
  `role_key` varchar(100) CHARACTER SET utf8 COLLATE utf8_general_ci NOT NULL COMMENT '',
  `role_sort` int(4) NOT NULL COMMENT '',
  `data_scope` char(1) CHARACTER SET utf8 COLLATE utf8_general_ci NULL DEFAULT '1' COMMENT '1 2 3 4',
  `status` char(1) CHARACTER SET utf8 COLLATE utf8_general_ci NOT NULL COMMENT '0 1',
  `del_flag` char(1) CHARACTER SET utf8 COLLATE utf8_general_ci NULL DEFAULT '0' COMMENT '0 2',
  `create_by` varchar(64) CHARACTER SET utf8 COLLATE utf8_general_ci NULL DEFAULT '' COMMENT '',
  `create_time` datetime(0) NULL DEFAULT NULL COMMENT '',
  `update_by` varchar(64) CHARACTER SET utf8 COLLATE utf8_general_ci NULL DEFAULT '' COMMENT '',
  `update_time` datetime(0) NULL DEFAULT NULL COMMENT '',
  `remark` varchar(500) CHARACTER SET utf8 COLLATE utf8_general_ci NULL DEFAULT NULL COMMENT '',
  PRIMARY KEY (`role_id`) USING BTREE
) ENGINE = InnoDB AUTO_INCREMENT = 3 CHARACTER SET = utf8 COLLATE = utf8_general_ci COMMENT = '' ROW_FORMAT = Compact;

-- ----------------------------
-- Records of sys_role
-- ----------------------------
INSERT INTO `sys_role` VALUES (1, '', 'admin', 1, '1', '0', '0', 'admin', '2018-03-16 11:33:00', 'ry', '2018-03-16 11:33:00', '');
INSERT INTO `sys_role` VALUES (2, '', 'common', 2, '2', '0', '0', 'admin', '2018-03-16 11:33:00', 'admin', '2020-03-16 11:01:03', '');

-- ----------------------------
-- Table structure for sys_role_dept
-- ----------------------------
DROP TABLE IF EXISTS `sys_role_dept`;
CREATE TABLE `sys_role_dept`  (
  `role_id` bigint(20) NOT NULL COMMENT 'ID',
  `dept_id` bigint(20) NOT NULL COMMENT 'ID',
  PRIMARY KEY (`role_id`, `dept_id`) USING BTREE
) ENGINE = InnoDB CHARACTER SET = utf8 COLLATE = utf8_general_ci COMMENT = '' ROW_FORMAT = Compact;

-- ----------------------------
-- Records of sys_role_dept
-- ----------------------------
INSERT INTO `sys_role_dept` VALUES (2, 100);
INSERT INTO `sys_role_dept` VALUES (2, 101);
INSERT INTO `sys_role_dept` VALUES (2, 105);

-- ----------------------------
-- Table structure for sys_role_menu
-- ----------------------------
DROP TABLE IF EXISTS `sys_role_menu`;
CREATE TABLE `sys_role_menu`  (
  `role_id` bigint(20) NOT NULL COMMENT 'ID',
  `menu_id` bigint(20) NOT NULL COMMENT 'ID',
  PRIMARY KEY (`role_id`, `menu_id`) USING BTREE
) ENGINE = InnoDB CHARACTER SET = utf8 COLLATE = utf8_general_ci COMMENT = '' ROW_FORMAT = Compact;

-- ----------------------------
-- Records of sys_role_menu
-- ----------------------------
INSERT INTO `sys_role_menu` VALUES (2, 4);
INSERT INTO `sys_role_menu` VALUES (2, 1061);
INSERT INTO `sys_role_menu` VALUES (2, 1062);
INSERT INTO `sys_role_menu` VALUES (2, 1063);
INSERT INTO `sys_role_menu` VALUES (2, 1064);
INSERT INTO `sys_role_menu` VALUES (2, 1065);
INSERT INTO `sys_role_menu` VALUES (2, 1066);
INSERT INTO `sys_role_menu` VALUES (2, 1067);
INSERT INTO `sys_role_menu` VALUES (2, 1068);
INSERT INTO `sys_role_menu` VALUES (2, 1069);
INSERT INTO `sys_role_menu` VALUES (2, 1070);
INSERT INTO `sys_role_menu` VALUES (2, 1071);
INSERT INTO `sys_role_menu` VALUES (2, 1072);
INSERT INTO `sys_role_menu` VALUES (2, 1073);
INSERT INTO `sys_role_menu` VALUES (2, 1074);
INSERT INTO `sys_role_menu` VALUES (2, 1075);
INSERT INTO `sys_role_menu` VALUES (2, 1080);
INSERT INTO `sys_role_menu` VALUES (2, 1081);
INSERT INTO `sys_role_menu` VALUES (2, 1083);
INSERT INTO `sys_role_menu` VALUES (2, 1084);
INSERT INTO `sys_role_menu` VALUES (2, 1085);
INSERT INTO `sys_role_menu` VALUES (2, 1086);
INSERT INTO `sys_role_menu` VALUES (2, 1087);
INSERT INTO `sys_role_menu` VALUES (2, 1088);
INSERT INTO `sys_role_menu` VALUES (2, 1089);
INSERT INTO `sys_role_menu` VALUES (2, 1090);
INSERT INTO `sys_role_menu` VALUES (2, 1091);
INSERT INTO `sys_role_menu` VALUES (2, 1092);
INSERT INTO `sys_role_menu` VALUES (2, 1093);
INSERT INTO `sys_role_menu` VALUES (2, 1096);
INSERT INTO `sys_role_menu` VALUES (2, 1097);
INSERT INTO `sys_role_menu` VALUES (2, 1098);
INSERT INTO `sys_role_menu` VALUES (2, 1099);
INSERT INTO `sys_role_menu` VALUES (2, 1100);
INSERT INTO `sys_role_menu` VALUES (2, 1101);
INSERT INTO `sys_role_menu` VALUES (2, 1102);

-- ----------------------------
-- Table structure for sys_user
-- ----------------------------
DROP TABLE IF EXISTS `sys_user`;
CREATE TABLE `sys_user`  (
  `user_id` bigint(20) NOT NULL AUTO_INCREMENT COMMENT 'ID',
  `dept_id` bigint(20) NULL DEFAULT NULL COMMENT 'ID',
  `user_name` varchar(30) CHARACTER SET utf8 COLLATE utf8_general_ci NOT NULL COMMENT '',
  `nick_name` varchar(30) CHARACTER SET utf8 COLLATE utf8_general_ci NOT NULL COMMENT '',
  `user_type` varchar(2) CHARACTER SET utf8 COLLATE utf8_general_ci NULL DEFAULT '00' COMMENT '00',
  `email` varchar(50) CHARACTER SET utf8 COLLATE utf8_general_ci NULL DEFAULT '' COMMENT '',
  `phonenumber` varchar(11) CHARACTER SET utf8 COLLATE utf8_general_ci NULL DEFAULT '' COMMENT '',
  `sex` char(1) CHARACTER SET utf8 COLLATE utf8_general_ci NULL DEFAULT '0' COMMENT '0 1 2',
  `avatar` varchar(100) CHARACTER SET utf8 COLLATE utf8_general_ci NULL DEFAULT '' COMMENT '',
  `password` varchar(100) CHARACTER SET utf8 COLLATE utf8_general_ci NULL DEFAULT '' COMMENT '',
  `status` char(1) CHARACTER SET utf8 COLLATE utf8_general_ci NULL DEFAULT '0' COMMENT '0 1',
  `del_flag` char(1) CHARACTER SET utf8 COLLATE utf8_general_ci NULL DEFAULT '0' COMMENT '0 2',
  `login_ip` varchar(50) CHARACTER SET utf8 COLLATE utf8_general_ci NULL DEFAULT '' COMMENT 'IP',
  `login_date` datetime(0) NULL DEFAULT NULL COMMENT '',
  `create_by` varchar(64) CHARACTER SET utf8 COLLATE utf8_general_ci NULL DEFAULT '' COMMENT '',
  `create_time` datetime(0) NULL DEFAULT NULL COMMENT '',
  `update_by` varchar(64) CHARACTER SET utf8 COLLATE utf8_general_ci NULL DEFAULT '' COMMENT '',
  `update_time` datetime(0) NULL DEFAULT NULL COMMENT '',
  `remark` varchar(500) CHARACTER SET utf8 COLLATE utf8_general_ci NULL DEFAULT NULL COMMENT '',
  PRIMARY KEY (`user_id`) USING BTREE
) ENGINE = InnoDB AUTO_INCREMENT = 14 CHARACTER SET = utf8 COLLATE = utf8_general_ci COMMENT = '' ROW_FORMAT = Compact;

-- ----------------------------
-- Records of sys_user
-- ----------------------------
INSERT INTO `sys_user` VALUES (1, 103, 'admin', 'admin', '00', 'admin@163.com', '15899988888', '0', '/profile/avatar/2020/03/17/9c27485f283a6cb739e8f24412d0cdfc.jpeg', '$2a$10$7JB720yubVSZvUI0rEqK/.VqGOZTH.ulu33dHOiBE8ByOhJIrdAu2', '0', '0', '127.0.0.1', '2020-05-08 11:33:00', 'admin', '2020-03-20 11:33:00', 'admin', '2020-03-21 12:32:24', '');
INSERT INTO `sys_user` VALUES (2, 105, 'ry', '', '00', 'ry@qq.com', '15666666666', '1', '', '$2a$10$CvDPMqyr5mLYPEHWeuGFlOezRDHLY/ygEisc/ISFKplC93q5FJe/i', '0', '0', '127.0.0.1', '2020-05-08 11:33:00', 'admin', '2020-03-20 11:33:00', 'admin', '2020-03-21 13:57:52', '');
INSERT INTO `sys_user` VALUES (6, 101, 'hr001', '1', '00', '123@qq.com', '13333533333', '1', '', '$2a$10$cFaYVg2bycgy2zTF8FBJxu7cQEyjEpV6oxUSWGUbWfAZ8HbcAoRKq', '0', '0', '', NULL, 'admin', '2020-03-03 22:47:36', '', NULL, NULL);
INSERT INTO `sys_user` VALUES (7, 103, 'chengxy', '', '00', '12311@qq.com', '15515515555', '0', '', '$2a$10$U4TDA743lYTANeG8.ZdyYOJ3rSxbfB8VR.mrxjXEnZ6fIEg9aSQim', '0', '0', '', NULL, 'admin', '2020-03-05 00:02:35', 'admin', '2020-03-17 13:58:01', NULL);
INSERT INTO `sys_user` VALUES (8, 103, 'test1', '1', '00', '123411@qq.com', '15666666662', '0', '', '$2a$10$h2dlFD6MyEW6etvO5tZR3eVwZVVgsMOb192sVeFTFy4lTlBeBkxni', '0', '0', '', NULL, 'admin', '2020-03-05 13:23:10', 'admin', '2020-03-17 13:58:05', NULL);
INSERT INTO `sys_user` VALUES (9, 100, 'pm', '', '00', '11@qq.com', '15565558585', '0', '', '$2a$10$413MszzfSeKUEH4a.jCVs.80IbDvQGNUtXq7Zfyi9Y2UBGd45NuIu', '0', '0', '', NULL, 'admin', '2020-03-15 19:48:29', '', NULL, NULL);
INSERT INTO `sys_user` VALUES (10, 100, 'ca', '', '00', 'D@qq.com', '16652254544', '0', '', '$2a$10$.UxpEnLDt.jMBIJa8C20defmMj1dk6yIBp.cNRwAgb.I/06xUSld.', '0', '0', '', NULL, 'admin', '2020-03-15 19:50:36', '', NULL, NULL);
INSERT INTO `sys_user` VALUES (11, 100, 'FI', '', '00', '23456@qq.com', '16652584845', '0', '', '$2a$10$853qVYRVTQlOfmHRf9qYn.UzH1xTtcjzMaXLouMzu1TT29qWOcGEm', '0', '0', '', NULL, 'admin', '2020-03-15 19:52:03', '', NULL, '111');
INSERT INTO `sys_user` VALUES (12, 100, 'lm', '', '00', '112@qq.com', '16652254514', '0', '', '$2a$10$gB0GtRG8iuqDeU80/PacIuR2dayrlhogWLVRUIdOcu.dRT8CrXJue', '0', '0', '', NULL, 'admin', '2020-03-15 19:53:28', '', NULL, NULL);
INSERT INTO `sys_user` VALUES (13, 100, 'CEO', '', '00', '12@qq.com', '15562246257', '0', '', '$2a$10$1vrHaoVp.o8ta3ogAgFtxuYz1bnuJv83.NLQ5v5FdTfUOgR1CdBbi', '0', '0', '', NULL, 'admin', '2020-03-15 19:54:41', '', NULL, NULL);

-- ----------------------------
-- Table structure for sys_user_post
-- ----------------------------
DROP TABLE IF EXISTS `sys_user_post`;
CREATE TABLE `sys_user_post`  (
  `user_id` bigint(20) NOT NULL COMMENT 'ID',
  `post_id` bigint(20) NOT NULL COMMENT 'ID',
  PRIMARY KEY (`user_id`, `post_id`) USING BTREE
) ENGINE = InnoDB CHARACTER SET = utf8 COLLATE = utf8_general_ci COMMENT = '' ROW_FORMAT = Compact;

-- ----------------------------
-- Records of sys_user_post
-- ----------------------------
INSERT INTO `sys_user_post` VALUES (1, 1);
INSERT INTO `sys_user_post` VALUES (2, 2);
INSERT INTO `sys_user_post` VALUES (5, 1);
INSERT INTO `sys_user_post` VALUES (6, 3);
INSERT INTO `sys_user_post` VALUES (7, 4);
INSERT INTO `sys_user_post` VALUES (9, 2);
INSERT INTO `sys_user_post` VALUES (10, 4);
INSERT INTO `sys_user_post` VALUES (11, 4);
INSERT INTO `sys_user_post` VALUES (12, 4);
INSERT INTO `sys_user_post` VALUES (13, 1);

-- ----------------------------
-- Table structure for sys_user_role
-- ----------------------------
DROP TABLE IF EXISTS `sys_user_role`;
CREATE TABLE `sys_user_role`  (
  `user_id` bigint(20) NOT NULL COMMENT 'ID',
  `role_id` bigint(20) NOT NULL COMMENT 'ID',
  PRIMARY KEY (`user_id`, `role_id`) USING BTREE
) ENGINE = InnoDB CHARACTER SET = utf8 COLLATE = utf8_general_ci COMMENT = '' ROW_FORMAT = Compact;

-- ----------------------------
-- Records of sys_user_role
-- ----------------------------
INSERT INTO `sys_user_role` VALUES (1, 1);
INSERT INTO `sys_user_role` VALUES (2, 2);
INSERT INTO `sys_user_role` VALUES (5, 2);
INSERT INTO `sys_user_role` VALUES (6, 2);
INSERT INTO `sys_user_role` VALUES (7, 2);
INSERT INTO `sys_user_role` VALUES (8, 2);
INSERT INTO `sys_user_role` VALUES (9, 2);
INSERT INTO `sys_user_role` VALUES (10, 2);
INSERT INTO `sys_user_role` VALUES (11, 2);
INSERT INTO `sys_user_role` VALUES (12, 2);
INSERT INTO `sys_user_role` VALUES (13, 2);

SET FOREIGN_KEY_CHECKS = 1;
